page	refimg	chapitre
[sans numérotation]	0001	[Page de faux-titre]
[sans numérotation]	0002	
[sans numérotation]	0003	[Page de titre]
[sans numérotation]	0004	
[sans numérotation]	0005	L / Lacuna ou Laguna (André)
2	0006	Lacuna ou Laguna (André)
3	0007	Lacuna ou Laguna (André) / Laet, (Gaspar De) / Lagalla (Jules-César)
4	0008	Lagalla (Jules-César) / Lagneau, (David) / Laguna. Voyez Lacuna / Lallamant, (Jean)
5	0009	Lallamant, (Jean) / L'Allemant (Adrien) / Lambecius, (Pierre)
6	0010	Lambecius, (Pierre) / Lambergen, (Tibere) / Lambsma, (Nicolas) / Lamelin, (Englebert)
7	0011	Lamelin, (Englebert) / Lamoniere, (Jean De) / Lamotte, (Guillaume Mauquest De)
8	0012	Lamotte, (Guillaume Mauquest De) / Lampugnani (Jacques)
9	0013	Lampugnani (Jacques) / Lamy, (Guillaume) / Lamzweerde, (Jean-Baptiste)
10	0014	Lamzweerde, (Jean-Baptiste) / Lanay, (Jean De) / Lancisi, (Jean-Marie)
11	0015	Lancisi, (Jean-Marie)
12	0016	Lancisi, (Jean-Marie)
13	0017	Lancisi, (Jean-Marie)
14	0018	Lancisi, (Jean-Marie) / Landi. Voyez Bassiano Landi / Lando, (Hortensio) / Lanfranc
15	0019	Lanfranc
16	0020	Lanfranc / Lang de Langenthal, (Jacques-Ambroise) / Lange ou Langius, (Jean)
17	0021	Lange ou Langius, (Jean) / Lange (Chrétien)
18	0022	Lange (Chrétien-Jean) / Langelot, (Joël) / Langlois, (Nicolas)
19	0023	Langlois, (Nicolas) / Langrish, (Browne) / Langwedel, (Bernard)
20	0024	Langwedel, (Bernard) / Lansbergen, (Pierre) / Lanzoni (Joseph)
21	0025	Lanzoni (Joseph)
22	0026	Lanzoni (Joseph) / Lappius de Waveren ou Vander Lappen (Gisbert) / Lasius. (Wolfgang) Voyez Lazius / Lassone, (Joseph-Marie-François De)
23	0027	Lassone, (Joseph-Marie-François De)
24	0028	Lassone, (Joseph-Marie-François De) / Latos, (Jean) / Lavaterus, (Henri) / Laubs ou Laubius, (George)
25	0029	Laubs ou Laubius, (George) / Lavellus, (Jacques) / Laugier (N.) / Lavirotte, (Louis-Anne)
26	0030	Launay (Jean Piochon De) / Lauremberg, (Guillaume)
27	0031	Lauremberg, (Guillaume)
28	0032	Lauremberg, (Guillaume) / Laurens. (André Du) Voyez Du Laurens / Laurent, surnommé Le Physicien
29	0033	Laurent, surnommé Le Physicien / Laurent Le Frison. Voyez Frisius (Laurent) / Laurent, (Jean) / Laurentien, (Laurent)
30	0034	Laurentien, (Laurent) / Laurentio, (Augustin De)
31	0035	Laurentio, (Augustin De) / Lauro, (Jean-Vincent)
32	0036	Lauro, (Jean-Vincent) / Laurus, (Pierre) / Lauterbach, (Joseph) / Lazerme, (Jacques)
33	0037	Lazius ou Lasius, autrement Latz, (Wolfgang) / Lealis, (Léal)
34	0038	Lealis, (Léal) / Lebenwald, (Adam De) / Lechel, (Jean)
35	0039	Lechel, (Jean) / Leclerc, (Hermes) / Leclerc, (Gabriël) / Leclerc, (Etienne)
36	0040	Leclerc, (Etienne) / Leclerc, (Daniel)
37	0041	Leclerc, (Daniel)
38	0042	Leclerc, (Daniel) / Lecoq (Antoine)
39	0043	Lecoq (Antoine) / Ledelius, (Samuel) / Ledran, (Henri)
40	0044	Ledran, (Henri)
41	0045	Ledran, (Henri) / Leduc, (Antoine) / Lefevre, (Nicolas)
42	0046	Lefevre, (Nicolas) / Le François, (Alexandre) / Legius, (Léonard) / Legrand (Nicolas) / Leichner, (Eccard)
43	0047	Leichner, (Eccard) / Leigh, (Charles)
44	0048	Leigh, (Charles) / Lemaire, (Jean)
45	0049	Lemaire, (Jean)
46	0050	Lemaire, (Jean) / Lemaitre, (Guillaume) / Lemaitre, (Rodolphe)
47	0051	Lemaitre, (Rodolphe) / Lemery (Nicolas)
48	0052	Lemery (Nicolas)
49	0053	Lemery (Nicolas) / Lemery, (Louis)
50	0054	Lemery, (Louis) / Lemnius, autrement Lemmens, (Liévin)
51	0055	Lemnius, autrement Lemmens, (Liévin)
52	0056	Lemnius, autrement Lemmens, (Liévin) / Lemnius, (Guillaume) / Lemort, (Jacques)
53	0057	Lemort, (Jacques)
54	0058	Lemort, (Jacques) / Lemos, (Louis De) / Lemwyck ou Lymwyck (André De)
55	0059	Lenoir ou Niger, (Jérôme) / Lensel. Voyez Arnould de Lens / Lentilius. (Rosinus) Voyez Linsenbahrt / Lentulus, (Paul) / Leoffroy. Voyez Yves (Etienne Saint) / Leon L'Africain
56	0060	Léon, (Ambroise) / Léon (André De) / Leonardi, (Liévin)
57	0061	Leoni, (Pierre)
58	0062	Léonicene (Nicolas)
59	0063	Léonicene (Nicolas)
60	0064	Léonicene (Nicolas) / Leonide / Léopold (Jean-Frédéric) / Lepner, (Frédéric)
61	0065	Lepner, (Frédéric) / Lepois, (Louis) / Lepois, (Antoine) / Lepois (Nicolas)
62	0066	Lepois (Nicolas) / Lepois (Charles)
63	0067	Lepois (Charles)
64	0068	Lepois (Charles) / Le Roy. Voyez Roy (Le) / L'Escale. Voyez Scaliger / L'Escluse. Voyez Clusius / Lescot, (Simon) / Lessius, (Léonard)
65	0069	Lessius, (Léonard) / Letio, (Louis) / Levelin, (Pierre-Théodore) / Leurechon (Jean) / Levret, (André)
66	0070	Levret, (André)
67	0071	Levret, (André) / Leurye, (François-Ange De) / Leuwenhoeck, (Antoine)
68	0072	Leuwenhoeck, (Antoine) / Libavius, (André)
69	0073	Libavius, (André)
70	0074	Liceti ou Liceto, (Joseph) / Liceti
71	0075	Liceti
72	0076	Liceti / Liddel, (Duncan)
73	0077	Liddel, (Duncan) / Liébaut, (Jean) / Lieberckunh, (Nathanaël) / Liens, (Corneille) / Liétaud (Joseph)
74	0078	Liétaud (Joseph)
75	0079	Liger, (Charles-Louis) / Ligerie, (N. De La)
76	0080	Lignamine, (Jean-Philippe De) / Lignau, (Jean) / Lille (Christian De)
77	0081	Lille (Christian De) / Limborch, (Guillaume Van) / Limbourg. (Gilbert De) Voyez Philarete / Limbourg, (Jean-Philippe De)
78	0082	Limbourg, (Jean-Philippe De) / Limprecht (Jean-Adam) / Linacre, ou Linacer
79	0083	Linacre, ou Linacer
80	0084	Linacre, ou Linacer / Linden. Voyez Vander Linden / Lindern (François-Balthasar)
81	0085	Lindern (François-Balthasar) / Lindhout, (Henri De) / Linné, dit Linnaeus, (Charles Von)
82	0086	Linné, dit Linnaeus, (Charles Von)
83	0087	Linné, dit Linnaeus, (Charles Von)
84	0088	Linné, dit Linnaeus, (Charles Von) / Linsenbahrt (Rosinus Lentilius)
85	0089	Linsenbahrt (Rosinus Lentilius) / Linus
86	0090	Lipari, (Michel) / Lipenius (Martin) / Lippens (Jacques)
87	0091	Lippens (Jacques) / Lipstorp (Christophe) / Lisimachus / Lister, (Matthieu)
88	0092	Lister, (Martin)
89	0093	Lister, (Martin) / Littre, (Alexis)
90	0094	Littre, (Alexis)
91	0095	Lloyd ou Lhuyd, (Humphrey) / Lobb, (Théophile)
92	0096	Lobb, (Théophile) / Lobel, (Matthias De)
93	0097	Lobel, (Matthias De) / Lober, (Valentin)
94	0098	Lobera (Louis) / Locatelli, (Louis) / Lochner (Michel-Frédéric)
95	0099	Lochner (Michel-Frédéric) / Lodge, (Thomas) / Lombard, (Pierre)
96	0100	Lombard, (Pierre) / Lommius ou Van Lom, (Josse) / Longrais (Alexandre-Louis De Beljambe, Sieur de)
97	0101	Longrais (Alexandre-Louis De Beljambe, Sieur de) / Longueil, (Gilbert)
98	0102	Longueil, (Gilbert) / Lonicer, (Jean)
99	0103	Lonicer, (Adam) / Lopez, (Alphonse)
100	0104	Lopez, (Alphonse) / Lorme, (Jean De) / Lorme, (Charles De)
101	0105	Lorme, (Charles De) / Lorry, (Anne-Charles)
102	0106	Lorry, (Anne-Charles) / Losel (Jean)
103	0107	Losel (Jean) / Lossius, (Frédéric) / Loth, (George)
104	0108	Loth, (George) / Lotich, (Pierre)
105	0109	Lotich, (Pierre)
106	0110	Lotich, (Jean-Pierre) / Lovel, (Robert) / Louis, (Antoine)
107	0111	Louis, (Antoine)
108	0112	Louis, (Antoine)
109	0113	Louis, (Antoine)
110	0114	Louis, (Antoine) / Louvet (Pierre) / Low D'Erlsfeld, (Jean-François) / Lower (Richard)
111	0115	Lower (Richard) / Loysel dit Avis, (Jean)
112	0116	Loysel dit Avis, (Jean) / Luc, (Saint) / Lucena, (Louis De)
113	0117	Lucena, (Louis De) / Luchtenius (Adam) / Lucius Apuleius ou Luce Apulée
114	0118	Lucius Apuleius ou Luce Apulée / Lucius-Junius-Moderatus Columella
115	0119	Lucius-Junius-Moderatus Columella / Lucius (Jean-Josse) / Ludovici, (Antoine)
116	0120	Ludwig ou Ludovici, (Daniel) / Lugo, (Jean De)
117	0121	Lugo, (Jean De) / Lusinus, (Louis) / Lulle, (Raimond)
118	0122	Lulle, (Raimond)
119	0123	Lulle, (Raimond) / Lusitanus. Voyez Amatus / Lusitanus. Voyez Zacutus / Lussauld, (Charles)
120	0124	Lussauld, (Charles) / Luther, (Paul) / Lycus ou Lupus / Lymbisanus, (Horace)
121	0125	Lyrius / Lyser, (Michel)
122	0126	Lyser, (Michel)
123	0127	M / Macasius, (Jean-George) / Macer. Voyez Aemilius Macer / Machaon
124	0128	Machaon / Macheroni, (Pierre)
125	0129	Macheroni, (Pierre) / Machy, (Jacques-François De) / Macki (André) / Macollone, (Jean) / Macquart, (Henri-Jacques)
126	0130	Macquart, (Henri-Jacques) / Macquer, (Pierre-Joseph)
127	0131	Macquer, (Pierre-Joseph) / Maets (Charles-Louis) / Magatus (César)
128	0132	Magatus (César)
129	0133	Magatus (César) / Magdelain, (Antoine) / Maggi (Barthélémi)
130	0134	Maggi (Barthélémi) / Maginus, (Jean-Antoine)
131	0135	Maginus, (Jean-Antoine) / Magirus, (Jean) / Magnen, (Jean-Chrysostôme) / Magninus / Magnol, (Pierre)
132	0136	Magnol, (Pierre) / Magnus
133	0137	Magnus / Magon / Maheust, (Matthieu) / Maimonide, (Moïse)
134	0138	Maimonide, (Moïse) / Mainetti / Maiolus, (Laurent) / Major, (Jean-Daniel)
135	0139	Major, (Jean-Daniel)
136	0140	Major, (Jean-Daniel) / Maire. (Jean Le) Voyez Le Maire / Maitland, (Henri)
137	0141	Maitland, (Henri) / Maitre Gervais. Voyez Chretien / Maitre. (Guillaume Le) Voyez Lemaitre / Maitre. (Rodolphe Le) Voyez Lemaitre / Maitre-Jean, (Antoine) / Makensie, (George) / Malanel, (Matthias-Théodore)
138	0142	Malaval, (Jean)
139	0143	Malaval, (Jean) / Malissain, (François)
140	0144	Maloet, (Pierre) / Malouin, (Charles)
141	0145	Malouin, (Charles) / Malpighi, (Marcel)
142	0146	Malpighi, (Marcel)
143	0147	Malpighi, (Marcel)
144	0148	Malpighi, (Marcel) / Manara (Camille)
145	0149	Manara (Camille) / Manard, (Jean)
146	0150	Manard, (Jean) / Mancini, (Jules)
147	0151	Mancini, (Jules) / Mancusus (Joseph) / Mander, (Adam Van)
148	0152	Mandre, (Adam Van) / Mandeville, (Bernard De) / Mandeville, (Jean De)
149	0153	Mandeville, (Jean De) / Mandosius, (Prosper) / Manelphi, (Jean)
150	0154	Manelphi, (Jean) / Manfredi, (Jérôme) / Manget, (Jean-Jacques)
151	0155	Manget, (Jean-Jacques)
152	0156	Manget, (Jean-Jacques) / Manitius, (Samuel-Gothilff) / Mannagetta, (Jean-Guillaume) / Manningham, (Richard)
153	0157	Manningham, (Richard) / Mantias / Mantinus, (Jacques) / Manzolli. (Pietro-Angelo) Voyez Palingene / Maplet, (Jean)
154	0158	Maplet, (Jean) / Mapletoft (Jean)
155	0159	Mapletoft (Jean) / Mappus (Marc) / Maranta, (Barthélémi)
156	0160	Maranta, (Barthélémi) / Marc Caton
157	0161	Marcel, surnommé l'Empirique / Marcellus / Marcellus
158	0162	Marcellus / Marcellus Donatus / March, (Gaspar)
159	0163	March, (Gaspar) / Marchant, (Jacques) / Marchant, (Nicolas)
160	0164	Marchant, (Nicolas) / Marchetti (Alexandre)
161	0165	Marchetti (Alexandre) / Marchettis, (Pierre De)
162	0166	Marchettis, (Pierre De) / Marci de Kronland (Jean-Marc)
163	0167	Marci de Kronland (Jean-Marc) / Marenci, (Jean-François) / Maresca, (Joseph) / Mareschal, (George)
164	0168	Mareschal, (George)
165	0169	Mareschal, (George) / Marescot (Michel) / Marescotti (César)
166	0170	Marescotti (César) / Maret, (N.) / Marggraff, (Christian)
167	0171	Marggraff, (Christian) / Marianus, (André)
168	0172	Marianus
169	0173	Marinus / Mariotte, (Edme) / Marius. (George) Voyez Mayer / Marlianus, (Jean)
170	0174	Marlianus, (Jean) / Marquard, (Jean) / Marque, (Jacques De)
171	0175	Marque, (Jacques De) / Marques Correa (Jean) / Marquet (François-Nicolas)
172	0176	Marquet (François-Nicolas)
173	0177	Marquet (François-Nicolas) / Marquis, (Guillaume)
174	0178	Marquis, (Jean) / Marradon, (Barthélémi) / Marsigli, (Louis-Ferdinand Comte de)
175	0179	Marstaller, (Gervais) / Martel (François) / Martianus / Martianus, (Prosper)
176	0180	Martianus, (Prosper) / Martin, (Jean) / Martin, (Bernardin) / Martin, (Jean-Baptiste)
177	0181	Martin, (Jean-Baptiste) / Martine (George)
178	0182	Martine (George) / Martinez, (Chrysostôme) / Martini (Jean)
179	0183	Martini (Jean) / Martini, (Jacques) / Martiniere, (Germain Pichaut De La)
180	0184	Martius. (Galeottus) Voyez Galeottus Martius / Martius, (Jérémie)
181	0185	Martius, (Jérémie) / Marus / Maserjawaih / Masini, (Nicolas)
182	0186	Masini, (Nicolas) / Massa, (Nicolas)
183	0187	Massa, (Nicolas) / Massac, (Raymond De)
184	0188	Massac, (Raymond De) / Massaria (Alexandre)
185	0189	Massaria (Alexandre)
186	0190	Massaria (Alexandre) / Mastelyn, (Henri) / Massuet, (Pierre) / Mataratius (Jacques)
187	0191	Mataratius (Jacques) / Mathisius, (Corneille-Henri) / Matte, (Sébastien)
188	0192	Matte, (Sébastien) / Mattenbourg (Jean)
189	0193	Mattenbourg (Jean) / Matthaeus (Philippe)
190	0194	Matthaeus (Philippe) / Matthesius (Jean) / Matthias, (George) / Matthiole (Pierre-André)
191	0195	Matthiole (Pierre-André)
192	0196	Matthiole (Pierre-André)
193	0197	Matthiole (Pierre-André) / Matthiole ou Matthiolus de Matthiolis
194	0198	Matthiole ou Matthiolus de Matthiolis / Maty, (Matthieu) / Mauchard (Burchard-David)
195	0199	Mauchard (Burchard-David) / Maugant Genethliac. Voyez Genethliac / Maugue, (Benoit)
196	0200	Mauregard, (Charles De) / Mauriceau, (François)
197	0201	Mauriceau, (François) / Maurocordatus (Alexandre)
198	0202	Maurocordatus (Alexandre) / Mauvillain, (Jean-Armand De)
199	0203	Mauvillain, (Jean-Armand De) / Mayenschein, (Lazare) / Mayer, (George)
200	0204	Mayer, (George) / Mayer (Michel)
201	0205	Mayer (Michel) / Mayerne (Théodore Turquet De)
202	0206	Mayerne (Théodore Turquet De)
203	0207	Mayerne (Théodore Turquet De)
204	0208	Mayerne (Théodore Turquet De) / Maynard, (Pierre) / Mayow (Jean)
205	0209	Mayow (Jean) / Mazeres, (Guillaume De) / Maziles, (Jean)
206	0210	Maziles, (Jean) / Mazini, (Jean-Baptiste)
207	0211	Mazini, (Jean-Baptiste) / Mead (Richard)
208	0212	Mead (Richard)
209	0213	Mead (Richard)
210	0214	Mead (Richard) / Meara, (Dermutius De) / Médecine (la)
211	0215	Médecine (la)
212	0216	Médecine (la)
213	0217	Médecine (la)
214	0218	Médecine (la)
215	0219	Médecine (la)
216	0220	Médecine (la)
217	0221	Médecine (la)
218	0222	Médecine (la)
219	0223	Médecine (la)
220	0224	Médecine (la) / Médecine en Europe jusqu'à la renaissance des Lettres. (Introduction & etat de la)
221	0225	Médecine en Europe jusqu'à la renaissance des Lettres. (Introduction & etat de la)
222	0226	Médecine en Europe jusqu'à la renaissance des Lettres. (Introduction & etat de la)
223	0227	Médecine en Europe jusqu'à la renaissance des Lettres. (Introduction & etat de la)
224	0228	Médecine en Europe jusqu'à la renaissance des Lettres. (Introduction & etat de la)
225	0229	Médecine en Europe jusqu'à la renaissance des Lettres. (Introduction & etat de la)
226	0230	Médecine en Europe jusqu'à la renaissance des Lettres. (Introduction & etat de la)
227	0231	Médecine en Europe jusqu'à la renaissance des Lettres. (Introduction & etat de la)
228	0232	Médecine en Europe jusqu'à la renaissance des Lettres. (Introduction & etat de la)
229	0233	Médecine en Europe jusqu'à la renaissance des Lettres. (Introduction & etat de la)
230	0234	Médecine en Europe jusqu'à la renaissance des Lettres. (Introduction & etat de la)
231	0235	Médecine après la renaissance des Lettres. (etat de la)
232	0236	Médecine après la renaissance des Lettres. (etat de la)
233	0237	Médecine après la renaissance des Lettres. (etat de la)
234	0238	Médecine après la renaissance des Lettres. (etat de la)
235	0239	Médecine après la renaissance des Lettres. (etat de la)
236	0240	Médecine après la renaissance des Lettres. (etat de la)
237	0241	Médecine après la renaissance des Lettres. (etat de la)
238	0242	Médecine après la renaissance des Lettres. (etat de la)
239	0243	Médecine après la renaissance des Lettres. (etat de la)
240	0244	Médecine après la renaissance des Lettres. (etat de la) / Médecine. (contradictions qu'a souffert la)
241	0245	Médecine. (contradictions qu'a souffert la)
242	0246	Médecine. (contradictions qu'a souffert la)
243	0247	Médecine. (contradictions qu'a souffert la)
244	0248	Médecine. (contradictions qu'a souffert la)
245	0249	Médecine. (contradictions qu'a souffert la)
246	0250	Médecine. (contradictions qu'a souffert la)
247	0251	Médecine. (contradictions qu'a souffert la)
248	0252	Médecine. (contradictions qu'a souffert la)
249	0253	Médecine. (contradictions qu'a souffert la) / Médecin des Rois de France. (Premier)
250	0254	Médecin des Rois de France. (Premier)
251	0255	Médecin des Rois de France. (Premier) / Médecins de la Famille Royale de France
252	0256	Médecins de la Famille Royale de France
253	0257	Médecins de la Famille Royale de France / Médecins de Londres. (College Royal des)
254	0258	Médecins de Londres. (College Royal des)
255	0259	Médecins de Londres. (College Royal des) / Médée
256	0260	Médée / Medius / Meeckren, (Job Van)
257	0261	Meeckren, (Job Van) / Megobacch, (Jean) / Meibomius, (Jean-Henri)
258	0262	Meibomius, (Jean-Henri) / Meibomius, (Henri)
259	0263	Meibomius, (Henri) / Mélampe
260	0264	Mélampe
261	0265	Mélampe / Meletius
262	0266	Meletius / Melioratus, (Remi) / Memmius, (Pierre) / Mena, (Ferdinand)
263	0267	Mena, (Ferdinand) / Menabenus, (Apollonius) / Menapus, (Guillaume) / Ménécrate de Syracuse
264	0268	Ménécrate de Syracuse
265	0269	Ménécrate de Syracuse / Ménécrate / Menemachus / Menestor
266	0270	Mengin, (Ignace-Isidore) / Menjot, (Antoine) / Mennens (Guillaume)
267	0271	Mennens (Guillaume) / Menodotus / Ménon / Mentel, (Jacques)
268	0272	Mentel, (Jacques) / Mentzel (Chrétien)
269	0273	Mentzel (Chrétien) / Mercado ou Mercatus, (Louis) / Mercado ou Mercatus (Pierre)
270	0274	Mercado ou Mercatus (Pierre) / Mercado, (Michel)
271	0275	Mercado, (Michel) / Mercenne, (Pierre De) / Mercklein (George-Abraham)
272	0276	Mercklein (George-Abraham) / Mercklein, (George-Abraham)
273	0277	Mercklein, (George-Abraham) / Mercklein, (Jean-Abraham)
274	0278	Mercure. Voyez Hermes / Mercuriali, (Jérôme)
275	0279	Mercuriali, (Jérôme)
276	0280	Mercuriali, (Jérôme)
277	0281	Mercuriali, (Jérôme) / Mercurii (Jérôme)
278	0282	Mercurii (Jérôme) / Merindol, (Antoine)
279	0283	Merindol, (Antoine) / Mermann de Schonberg (Thomas) / Merret (Christophe)
280	0284	Merret (Christophe) / Mertz, (Nicolas-Balthasar) / Mery, (Jean)
281	0285	Mery, (Jean)
282	0286	Mery, (Jean)
283	0287	Mery, (Jean) / Meschede (Thiéry Gresmunt de) / Mesnardiere. Voyez Pilet de La Mesnardiere / Mésué, (Jean)
284	0288	Mésué, (Jean)
285	0289	Mésué, (Jean) / Méthodique (Secte)
286	0290	Méthodique (Secte) / Métius, (Adrien)
287	0291	Métius, (Adrien) / Meton
288	0292	Meton / Metrodore / Mettrie, (Julien Offray De La)
289	0293	Mettrie, (Julien Offray De La)
290	0294	Mettrie, (Julien Offray De La)
291	0295	Mettrie, (Julien Offray De La) / Metzger, (George-Balthasar) / Meurer (Wolfgang)
292	0296	Meurer (Wolfgang) / Meurisse, (Henri-Emmanuel) / Mey, (Jean De)
293	0297	Mey, (Jean De) / Michaelis, (Jean) / Michault, (Jean)
294	0298	Michault, (Jean) / Michel (Jean)
295	0299	Michel (Jean) / Micheli (Pierre-Antoine)
296	0300	Micheli (Pierre-Antoine) / Michelotti, (Pierre-Antoine) / Michon, (Pierre)
297	0301	Michon, (Pierre)
298	0302	Michon, (Pierre) / Michou ou De Michovia (Matthias) / Micon, (François) / Milich (Jacques)
299	0303	Milich (Jacques) / Milon, (Pierre)
300	0304	Milon, (Pierre) / Minadous, (Jean-Baptiste)
301	0305	Minadous, (Jean-Baptiste) / Minderer, (Raimond) / Mini, (Paul)
302	0306	Mini, (Paul) / Mirica, (André) / Miron, (Gabriël) / Miron (Gabriël)
303	0307	Miron (Gabriël) / Miron, (François) / Miron, (Marc) / Mistichelli, (Dominique)
304	0308	Mistichelli, (Dominique) / Mithobius, (Burcard) / Mithridate VI
305	0309	Mithridate VI / Miverius, (Daniel)
306	0310	Mizaud, (Antoine)
307	0311	Mizaud, (Antoine) / Mnémon
308	0312	Mnémon / Mnésithée / Mochinger (George) / Moebius (Godefroid)
309	0313	Moebius (Godefroid) / Moeglingus, (Daniel) / Moellenbrock, (Valentin-André) / Moht, (Paul) / Mohy, (Henri)
310	0314	Mohy, (Henri) / Moiban, (Jean) / Moinichen, (Henri De)
311	0315	Moinichen, (Henri De) / Moise / Molanus, (Jean Vermeulen dit)
312	0316	Molezio ou Moletius, (Joseph) / Molin. (Jacques) Voyez Dumoulin / Molinelli, (Pierre-Paul)
313	0317	Molinetti, (Antoine)
314	0318	Molinetti, (Antoine) / Molitor (Jean) / Moller (Frédéric)
315	0319	Moller (Frédéric) / Monantheuil (Henri De)
316	0320	Monantheuil (Henri De) / Monardes, (Nicolas) / Monavius (Pierre)
317	0321	Monavius (Pierre) / Monchaux, (Pierre Du)
318	0322	Monchaux, (Pierre Du) / Monck, (François)
319	0323	Monconys, (Balthasar) / Mondeville. (Henri De) Voyez Hermondaville / Mondoly. Voyez Chevalier / Mongeot (Gabriël De)
320	0324	Mongeot (Gabriël De) / Monro, (Alexandre)
321	0325	Monro, (Alexandre) / Montagnana, (Barthélémi)
322	0326	Montagnana, (Barthélémi) / Montagnat, (Henri-Joseph-Bernard)
323	0327	Montagnat, (Henri-Joseph-Bernard) / Montalbani, (Ovidio)
324	0328	Montalbani, (Ovidio) / Montaltus, (Jérôme)
325	0329	Montaltus, (Jérôme) / Montan, (Mathurin) / Montan (Jacques) / Montan, (Jean) / Montana (Bernard)
326	0330	Montana (Bernard) / Montanus. (Robert) Voyez Berghe (Robert Vanden) / Montecalvo (Vincent) / Montesaurus, (Noël) / Monteux. (Sébastien De) Voyez Montuus / Monti, (Jean-Baptiste)
327	0331	Monti, (Jean-Baptiste)
328	0332	Monti, (Jean-Baptiste)
329	0333	Monti, (Jean-Baptiste)
330	0334	Montuus ou De Monteux, (Sébastien)
331	0335	Montuus ou De Monteux, (Sébastien) / Moor, (Barthélémi De) / Morales, (Antoine)
332	0336	Morales, (Antoine) / Morand, (Jean) / Morand, (Sauveur)
333	0337	Morand, (Sauveur)
334	0338	Morand, (Sauveur)
335	0339	Morand, (Sauveur)
336	0340	Morand, (Sauveur)
337	0341	Morand, (Sauveur) / Morand, (Jean-François-Clément)
338	0342	Morand, (Jean-François-Clément) / Morandi (Jean-Baptiste)
339	0343	Morandi (Jean-Baptiste) / Moreau, (Jacques) / Moreau, (René)
340	0344	Moreau, (René) / Morel, (Jean)
341	0345	Morel, (Jean) / Morgani (Jean-Baptiste)
342	0346	Morgani (Jean-Baptiste)
343	0347	Morgani (Jean-Baptiste)
344	0348	Morgani (Jean-Baptiste) / Morienus
345	0349	Morienus / Morin (Jean-Baptiste)
346	0350	Morin (Jean-Baptiste) / Morin (Louis)
347	0351	Morin (Louis) / Morison, (Robert)
348	0352	Morison, (Robert)
349	0353	Morison, (Robert) / Moronus, (Matthias) / Morton, (Richard)
350	0354	Morton, (Richard) / Morschon
351	0355	Morschon / Moth (Paul) / Motte. (De La) Voyez Lamotte / Mouaffekeddin Ahmed Ben Cassem Al-Khezergi / Moufett, (Thomas)
352	0356	Moufett, (Thomas) / Moulins, (Claude De)
353	0357	Mousin, (Jean)
354	0358	Mousin, (Jean) / Mulhauser (Melchior) / Muliers, (Nicolas)
355	0359	Muliers, (Nicolas) / Muller (Philippe)
356	0360	Muller (Philippe) / Mundanella, (Louis) / Mundinus
357	0361	Mundinus / Munier, (Jean-Alcide) / Munnicks, (Jean)
358	0362	Munnicks, (Jean) / Munster (Jean)
359	0363	Munting, (Henri) / Munting, (Abraham)
360	0364	Munting, (Abraham) / Muralt ou De Muralto, (Jean)
361	0365	Muralt ou De Muralto, (Jean) / Muratorius, (François)
362	0366	Muratorius, (François) / Murray ou Murrey, (Robert) / Musa. Voyez Antonius Musa / Musgrave (Guillaume)
363	0367	Musgrave (Guillaume) / Musitan, (Charles)
364	0368	Musitan, (Charles) / Mussaphia (Benjamin) / Mutiis, (Donat à) / Muys (Wyer-Guillaume)
365	0369	Muys (Wyer-Guillaume)
366	0370	Muys (Wyer-Guillaume) / Mye, (Frédéric Vander) / Mynsicht, (Adrien)
367	0371	Mynsicht, (Adrien) / Myrepsus, (Nicolas)
368	0372	N / Naeldwick, (Pierre Van) / Naerssen ou Narssius (Jean)
369	0373	Naevius, (Gaspar) / Naldius, (Matthias)
370	0374	Naldius, (Matthias) / Nancel, (Nicolas De) / Nannoni, (Ange)
371	0375	Nannoni, (Ange) / Napier, (Richard) / Nardius, (Jean)
372	0376	Nardius, (Jean) / Narez (Ursmer)
373	0377	Narez (Ursmer)
374	0378	Natalis, (Jean) / Navarro, (Michel) / Naudé, (Gabriël)
375	0379	Naudé, (Gabriël)
376	0380	Naudé, (Gabriël) / Navier, (Pierre-Toussaint)
377	0381	Navier, (Pierre-Toussaint) / Néander, (Michel)
378	0382	Néander, (Michel) / Nebel, (Daniel) / Nebrus
379	0383	Nebrus / Nechepsus / Needham (Marchamont)
380	0384	Needham (Marchamont) / Needham, (Vautier)
381	0385	Needham, (Vautier) / Nehemia, (Abraham) / Nemesius
382	0386	Nemesius / Nenter, (George-Philippe)
383	0387	Nenter, (George-Philippe) / Nessel, (Edmond) / Neucrantz, (Paul)
384	0388	Neucrantz, (Paul) / Neufville (Gerard De) / Nevianus, (Marc)
385	0389	Nevianus, (Marc) / Neumann, (Gaspar)
386	0390	Neumann, (Gaspar) / Newton, (Thomas) / Nicandre
387	0391	Nicandre
388	0392	Nicandre / Niceratus / Nichols, (François) / Nicias / Nicolaï (Christophe)
389	0393	Nicolaï, (Henri-Albert) / Nicolas d'Alexandrie. Voyez Myrepsus / Nicole, (Nicolas) / Nicomachus / Nicomede III
390	0394	Niconitius, (François) / Nicot, (Jean) / Nieuwentyt, (Bernard Van)
391	0395	Nieuwentyt, (Bernard Van) / Niger. Voyez Sextius Niger / Niger. (Jérôme) Voyez Lenoir / Niger ou Nigrini (Antoine) / Nigrisoli (Jérôme)
392	0396	Nigrisoli, (François-Marie)
393	0397	Nigrisoli, (François-Marie) / Nihell, (Jacques)
394	0398	Nihell, (Jacques) / Ninnin, (Henri) / Niphus, (Augustin)
395	0399	Niphus, (Augustin) / Nissole, (Guillaume)
396	0400	Nissole, (Guillaume) / Nocera (Joseph) / Nocitus (Gerard)
397	0401	Nocitus (Gerard) / Noë
398	0402	Noë / Noessler, (George) / Noguez, (Pierre)
399	0403	Noguez, (Pierre) / Noir ou Atratus. (Hugues Le) Voyez Lenoir / Noir ou Niger. (Jérôme Le) Voyez Lenoir / Nonnius. Voyez Nunnez / Nonus
400	0404	Nostradamus, (Michel)
401	0405	Nostradamus, (Michel)
402	0406	Nostradamus, (Michel)
403	0407	Nostradamus, (Michel) / Nouveau-monde (etat de la médecine dans le)
404	0408	Nouveau-monde (etat de la médecine dans le)
405	0409	Nouveau-monde (etat de la médecine dans le) / Nuck, (Antoine)
406	0410	Nuck, (Antoine) / Numesianus
407	0411	Numesianus / Nunnez ou Nonnius, (Alvarés) / Nunnez, (Ambroise)
408	0412	Nunnez, (Ambroise) / Nunnez, (Pierre)
409	0413	Nymann, (Grégoire)
410	0414	O / Obel. (Matthias De L') Voyez Lobel / Obert, (Antoine) / Obizo / Occon (Adolphe)
411	0415	Occon (Adolphe)
412	0416	Occon (Adolphe) / Octavianus Horatianus / Oddis, (Oddo De)
413	0417	Oddis, (Oddo De) / Oddis, (Marc De) / Odet, (Philippe) / Odonus, (César)
414	0418	Odonus, (César) / Odoric, (Jean) / O Dwyer (Jean) / Oelhaf, (Joachim)
415	0419	Oelhaf, (Joachim) / Olargues ou De Olargis, (Jean D') / Olderman, (Bernard) / Olearius (Jean-Godefroid)
416	0420	Olearius (Jean-Godefroid) / Olmo, (François) / Olympicus / Olympiodore / Olympus
417	0421	Olympus / Ophemius, (Michel) / Oporin (Jean)
418	0422	Oporin (Jean) / Opsopoeus, (Jean) / Optatus. Voyez Cesar Optatus / orellus, (Jean-Pierre)
419	0423	Oribase
420	0424	Oribase
421	0425	Oribase
422	0426	Oribase / Orientaux. (etat de la médecine chez les)
423	0427	Orientaux. (etat de la médecine chez les)
424	0428	Orientaux. (etat de la médecine chez les)
425	0429	Orientaux. (etat de la médecine chez les)
426	0430	Orientaux. (etat de la médecine chez les)
427	0431	Orientaux. (etat de la médecine chez les)
428	0432	Orientaux. (etat de la médecine chez les)
429	0433	Orientaux. (etat de la médecine chez les)
430	0434	Orientaux. (etat de la médecine chez les)
431	0435	Orientaux. (etat de la médecine chez les)
432	0436	Orientaux. (etat de la médecine chez les)
433	0437	Orientaux. (etat de la médecine chez les)
434	0438	Orientaux. (etat de la médecine chez les)
435	0439	Orientaux. (etat de la médecine chez les)
436	0440	Orientaux. (etat de la médecine chez les) / Orobio, (Isaac) / Orphée
437	0441	Orphée / Orsato, (Jean-Baptiste) / Ortelius (Vite)
438	0442	Ortelius (Vite)
439	0443	Ortelius (Vite) / Ortlob, (Jean-Frédéric) / Osaibéa, (Ebn Abu) / Osiris ou Apis
440	0444	Osiris ou Apis
441	0445	Ostenfeld, (Christian) / Overdatz (Louis)
442	0446	Overdatz (Louis) / Oviédo, (Jean-Gonsalve D')
443	0447	Oviédo, (Jean-Gonsalve D') / Owen, (George)
444	0448	P / Paaw, (Pierre)
445	0449	Paaw, (Pierre) / Pacchioni, (Antoine)
446	0450	Pacchioni, (Antoine) / Pacchius Antiochus / Pacius, (Fabius)
447	0451	Pacius, (Fabius) / Pacquotte, (Charles-Guillaume) / Paeon / Paire, (G. De)
448	0452	Paire, (G. De) / Paisen (Matthias) / Paitoni (Jean-Marc) / Palamede
449	0453	Palamede / Palatius, (Philippe)
450	0454	Palfin, (Jean)
451	0455	Palfin, (Jean) / Palingene, (Marcel) / Palladius
452	0456	Palladius / Palladius Rutilus Taurus
453	0457	Palladius Rutilus Taurus / Palma (George)
454	0458	Palmarius. Voyez Paulmier (Julien Le) / Palu, (Victor) / Paludanus / Paludanus
455	0459	Pamphile / Panacée / Panaroli, (Dominique)
456	0460	Panaroli, (Dominique) / Panckow (Thomas) / Pantaléon, (Saint)
457	0461	Pantaléon (Henri) / Panthot, (Jean) / Pantin, (Guillaume)
458	0462	Pantin, (Guillaume) / Papa, (Joseph Del) / Paparella, (Sébastien)
459	0463	Papes / Papille / Papin, (Nicolas) / Papin, (Denis)
460	0464	Papin, (Denis) / Papius (Jean) / Parabolani
461	0465	Parabolani / Paracelse (Philippe Aurele-Théophraste Bombast de Hohenheim)
462	0466	Paracelse (Philippe Aurele-Théophraste Bombast de Hohenheim)
463	0467	Paracelse (Philippe Aurele-Théophraste Bombast de Hohenheim)
464	0468	Paracelse (Philippe Aurele-Théophraste Bombast de Hohenheim)
465	0469	Paracelse (Philippe Aurele-Théophraste Bombast de Hohenheim)
466	0470	Paracelse (Philippe Aurele-Théophraste Bombast de Hohenheim)
467	0471	Paracelse (Philippe Aurele-Théophraste Bombast de Hohenheim)
468	0472	Paracelse (Philippe Aurele-Théophraste Bombast de Hohenheim)
469	0473	Paracelse (Philippe Aurele-Théophraste Bombast de Hohenheim)
470	0474	Paracelse (Philippe Aurele-Théophraste Bombast de Hohenheim)
471	0475	Paracelse (Philippe Aurele-Théophraste Bombast de Hohenheim) / Paradin, (Jean) / Paravicini, (Fabrice)
472	0476	Paravicini, (Fabrice) / Pardoux / Pardoux
473	0477	Pardoux / Paré, (Ambroise)
474	0478	Paré, (Ambroise)
475	0479	Paré, (Ambroise) / Paris, (Thomas) / Parisanus, (Emile)
476	0480	Parisanus, (Emile) / Parisius, (Pierre) / Parkinson, (Jean)
477	0481	Parkinson, (Jean) / Partage de la médecine
478	0482	Partage de la médecine
479	0483	Partage de la médecine
480	0484	Partage de la médecine
481	0485	Partage de la médecine
482	0486	Partage de la médecine
483	0487	Partage de la médecine
484	0488	Partage de la médecine
485	0489	Partage de la médecine
486	0490	Partage de la médecine / Parthenius de Nicée / Partibus. (Jacques De) Voyez Despars / Paschal, (Jean) / Paschal, (Michel-Jean) / Pascoli, (Alexandre)
487	0491	Pascoli, (Alexandre) / Pasini, (Louis)
488	0492	Pasini, (Louis) / Pastophores / Pastor de Gallego / Paternus, (Bernardin)
489	0493	Paternus, (Bernardin) / Patin (Gui)
490	0494	Patin (Gui)
491	0495	Patin (Gui) / Patin, (Charles)
492	0496	Patin, (Charles)
493	0497	Patin, (Charles) / Patina, (Benoit) / Patrocle / Pavé, (Jean-Gabriël)
494	0498	Pavé, (Jean-Gabriël) / Pavius. Voyez Paaw / Paul d'Egine
495	0499	Paul d'Egine
496	0500	Paul d'Egine / Paul Jove. Voyez Jove / Paul de Middelbourg
497	0501	Paul de Middelbourg / Paul de Venise. Voyez Sarpi / Paul, (Jean de Saint) / Paul, (Pierre-François)
498	0502	Paulet, (Jean-Jacques) / Pauli (Jean-Guillaume) / Pauli (Simon)
499	0503	Pauli (Simon) / Pauli (Jacques-Henri)
500	0504	Pauli (Jacques-Henri) / Paullini, (Christian-François)
501	0505	Paullini, (Christian-François) / Paulmier, (Julien Le) / Paulmier, (Pierre)
502	0506	Paulmier, (Pierre)
503	0507	Paulmier, (Pierre) / Pausanias
504	0508	Payngk, (Assuerus) / Pays-Bas (progrès des sciences dans les)
505	0509	Pays-Bas (progrès des sciences dans les)
506	0510	Pays-Bas (progrès des sciences dans les)
507	0511	Pays-Bas (progrès des sciences dans les) / Pechlin (Jean-Nicolas) / Pecquet, (Jean)
508	0512	Pecquet, (Jean) / Pedrosa, (Louis Rodriguez De)
509	0513	Pedrosa, (Louis Rodriguez De) / Peffinger, (Jean) / Peiligk (Jacques) / Peiresc, (Nicolas-Claude Fabri, Seigneur de)
510	0514	Peiresc, (Nicolas-Claude Fabri, Seigneur de) / Pellegrini, (Pompée) / Pelletier, (Gaspar) / Pelletier (Jacques)
511	0515	Pelletier (Jacques) / Pelops / Pelshofer, (Jean-George) / Penna (Jean De)
512	0516	Penna (Jean De) / Penot, (Bernard-George) / Perdu, (Benoit)
513	0517	Perdu, (Benoit) / Perdulcis. Voyez Pardoux / Pereda, (Pierre-Paul) / Pereira, (George-Gomez)
514	0518	Pereira, (George-Gomez) / Pérez, (Gaspar) / Perforatus. (André) Voyez Borde / Pergame. (Temple de)
515	0519	Pergame. (Temple de) / Périander / Pernis, (Eustache De) / Perrault, (Claude)
516	0520	Perrault, (Claude)
517	0521	Perrault, (Claude) / Persius (Philippe)
518	0522	Person, (Claude) / Persona, (Jean-Baptiste) / Perzoes / Petermann, (André)
519	0523	Petermann, (André) / Petit, (Antoine)
520	0524	Petit, (Antoine) / Petit, (François)
521	0525	Petit, (François)
522	0526	Petit, (François) / Petit, (Jacques) / Petit, (Jean-Louis)
523	0527	Petit, (Jean-Louis)
524	0528	Petit, (Jean-Louis)
525	0529	Petit, (Jean-Louis) / Petit, (Pierre)
526	0530	Petit, (Pierre)
527	0531	Petit, (Pierre) / Petiver, (Jacques)
528	0532	Petiver, (Jacques) / Petosiris
529	0533	Petosiris / Petraeus (Henri) / Petri, (André) / Petri, (Corneille)
530	0534	Petri, (Corneille) / Petri de Hartenfels, (George-Christophe) / Petricius, (Sébastien)
531	0535	Petricius, (Sébastien) / Petrioli, (Cajetan) / Petron ou Petronas / Petronius
532	0536	Petronius / Petronius, (Alexandre-Trajan) / Petronius ou De Petrogone, (Antoine-Vincent)
533	0537	Petronius ou De Petrogone, (Antoine-Vincent) / Petrucci, (Joseph) / Petty, (Guillaume)
534	0538	Petty, (Guillaume) / Peu, (Philippe) / Peucer, (Gaspar)
535	0539	Peucer, (Gaspar)
536	0540	Peyer, (Jean-Conrad)
537	0541	Peyrilhe, (Bernard) / Peyronie (François De La)
538	0542	Peyronie (François De La)
539	0543	Peyronie (François De La) / Pharmacie (la)
540	0544	Pharmacie (la)
541	0545	Pharmacie (la)
542	0546	Pharmacie (la)
543	0547	Pharmacie (la) / Pharmacion. Voyez Asclépiade / Phayer, (Thomas) / Phérécyde
544	0548	Phérécyde / Philaltheus, (Lucille) / Philarete
545	0549	Philarete / Philetas / Philinus
546	0550	Philippe / Philippi, (Guillaume)
547	0551	Philippi, (Guillaume) / Philistion / Philologus, (Thomas Rangonus dit)
548	0552	Philologus, (Thomas Rangonus dit) / Philomides / Philon de Tarse
549	0553	Philon de Tarse / Philonides / Philosophes (les)
550	0554	Philosophes (les)
551	0555	Philosophes (les)
552	0556	Philosophes (les)
553	0557	Philosophes (les)
554	0558	Philosophes (les)
555	0559	Philosophes (les) / Philotas / Philotheus. Voyez Niphus / Philotime / Philoxene
556	0560	Philoxene / Phocus / Phocylides (Jean) / Phrisius. Voyez Frisius / Pianero, (Jean)
557	0561	Piccolhomini, (Archange) / Pichard, (Remy)
558	0562	Pichard, (Remy) / Pictor, (George)
559	0563	Pictor, (George) / Pidoux. (André) Voyez Pardoux / Pidoux. (Barthélémi) Voyez Pardoux / Pidoux (Jean)
560	0564	Pidoux (Jean) / Piens (François) / Pierre d'Auvergne / Pierre d'Espagne. Voyez Jean XXI / Pierre, (Michel de Saint) / Pietre, (Simon)
561	0565	Pietre, (Simon) / Pietre, (Simon)
562	0566	Pietre, (Simon) / Pietre (Nicolas)
563	0567	Pietre (Nicolas) / Pighy (Jacques) / Pigray, (Pierre) / Pilander, (George) / Pilarino, (Jacques)
564	0568	Pilarino, (Jacques)
565	0569	Pilarino, (Jacques) / Pilet de La Mesnardiere, (Hyppolite-Jules)
566	0570	Pilet de La Mesnardiere, (Hyppolite-Jules) / Pin, (Jean Du) / Pincier (Jean)
567	0571	Pincier (Jean) / Pineau, (Séverin) / Pinelli, (Flaminio)
568	0572	Pinelli, (Flaminio) / Pintor, (Pierre)
569	0573	Pintor, (Pierre) / Pinus, (Pierre-Matthieu) / Piquet, (Honoré)
570	0574	Piquet, (Honoré) / Pirrus, (Antoine) / Pisanelli (Balthasar) / Pisanus, (Pierre-Paul)
571	0575	Pisanus, (Pierre-Paul) / Pisanus ou De Pisis (Barthélémi) / Pisis, (Jean De)
572	0576	Pisis, (Jean De) / Piso. Voyez Le Pois / Pison, (Guillaume) / Pisoni (Homobone)
573	0577	Pisoni (Homobone) / Pistor (Simon) / Pistorius (Jean)
574	0578	Pistorius (Jean) / Pitard, (Jean)
575	0579	Pitard, (Jean)
576	0580	Pitard, (Jean)
577	0581	Pitard, (Jean) / Pitcairn, (Archibald)
578	0582	Pitcairn, (Archibald) / Pittalus ou Spittalus / Pitton, (Jean-Scholastique)
579	0583	Pitton, (Jean-Scholastique) / Pizzutus, (Paul) / Placotomus, (Jean)
580	0584	Placotomus, (Jean) / Plaia, (Melchior) / Planchon (Jean-Baptiste-Luc)
581	0585	Planchon (Jean-Baptiste-Luc) / Plancy ou Plantius, (Guillaume)
582	0586	Plancy ou Plantius, (Guillaume) / Planeri (Jean) / Planerus ou Planer (André)
583	0587	Planque, (François) / Plantecovius, (André) / Plantius. (Guillaume) Voyez Plancy / Platea, (Pierre De)
584	0588	Platea, (Pierre De) / Platearius, (Jean) / Plater, (Félix)
585	0589	Plater, (Félix) / Platner, (Jean-Zacharie)
586	0590	Platner, (Jean-Zacharie)
587	0591	Platner, (Jean-Zacharie) / Platon
588	0592	Platon / Plazzoni, (François)
589	0593	Plazzoni, (François) / Plempius (Vopiseus-Fortunatus)
590	0594	Plempius (Vopiseus-Fortunatus)
591	0595	Plessis (Charles Arthur Du) / Pline. Voyez Caius Plinius Secundus / Plinius Valerianus / Plistonicus / Plukenet, (Léonard)
592	0596	Plukenet, (Léonard) / Plumatius, (Bernardin) / Plumier, (Charles)
593	0597	Plumier, (Charles)
594	0598	Pneumatique (la Secte)
595	0599	Pneumatique (la Secte) / Podalire / Poirier, (Louis) / Pois. (Le) Voyez Lepois / Poissonnier, (Pierre-Isaac)
596	0600	Poissonnier, (Pierre-Isaac) / Polcastri (Sigismond) / Poli, (Martin)
597	0601	Poli, (Martin) / Poliniere, (Pierre)
598	0602	Poliniere, (Pierre) / Polisius, (Melchior) / Politius, (Antoine)
599	0603	Pollich, (Martin) / Polybe de Cos / Polyclete
600	0604	Polyclete / Polydamna / Polyide / Poma. (Joseph) Voyez Pomius / Pomet, (Pierre)
601	0605	Pomet, (Pierre) / Pomis, (David De) / Pomius ou Poma (Joseph)
602	0606	Poma (Joseph) / Pona, (François)
603	0607	Pona, (François) / Ponce de Santa Cruz, (Antoine) / Ponceau (Jacques)
604	0608	Ponceau (Jacques) / Pons, (Jacques)
605	0609	Pontanus, (Jean) / Pontanus (Jean-Isaac)
606	0610	Pontanus (Jean-Isaac) / Pontedera, (Jules)
607	0611	Pontedera, (Jules) / Pontoux, (Claude) / Port, (François Du) / Portal, (Paul)
608	0612	Portal, (Paul) / Porte, (Jean-Baptiste La)
609	0613	Porte, (Jean-Baptiste La) / Porte. (Anselme De) Voyez Anselmus de Janua / Portius, (Luc-Antoine)
610	0614	Portius, (Luc-Antoine) / Portus, (Antoine)
611	0615	Portus, (Antoine) / Portzius, (Jean-David)
612	0616	Portzius, (Jean-David) / Posidippus / Possevin, (Antoine) / Postel (Guillaume)
613	0617	Postel (Guillaume)
614	0618	Postel (Guillaume) / Posthius (Jean) / Potamon d'Alexandrie
615	0619	Potamon d'Alexandrie / Potier ou Poterius, (Pierre) / Potter, (François) / Poupart (François)
616	0620	Poupart (François) / Pouppé des Portes (Jean-Baptiste-René)
617	0621	Pouppé des Portes (Jean-Baptiste-René) / Pourfour. (François) Voyez Petit / Pourman ou Purmann, (Matthieu-Godefroid)
618	0622	Pourman ou Purmann, (Matthieu-Godefroid) / Pozzi (Joseph-Hippolyte) / Pradilles, (Jacques)
619	0623	Pradilles, (Jacques) / Praedapalia. Voyez Bertapalia / Pranagore ou Praxagore
620	0624	Pratensis ou Du Pré (Jean-Philippe) / Pratensis ou A Pratis, (Jason)
621	0625	Pratensis ou A Pratis, (Jason) / Prêtres païens (les)
622	0626	Prêtres païens (les)
623	0627	Prêtres païens (les)
624	0628	Prêtres païens (les)
625	0629	Prêtres païens (les)
626	0630	Prêtres païens (les)
627	0631	Prêtres païens (les)
628	0632	Prêtres païens (les) / Prevost, (Jean)
629	0633	Prevost, (Jean)
630	0634	Prevost, (Jean) / Preyss de Springenberg (Valentin) / Prezatus, (Gabriël)
631	0635	Prezatus, (Gabriël) / Primerose, (Jacques) / Pringle, (Jean)
632	0636	Pringle, (Jean) / Priscianus. Voyez Theodorus Priscianus / Prochyta, (Jean De)
633	0637	Prochyta, (Jean De) / Procope-Couteaux (Michel)
634	0638	Procope-Couteaux (Michel) / Procopius
635	0639	Procopius / Prodicus / Profectus, (Jacques) / Prophatius ou Profatius
636	0640	Prophatius ou Profatius / Prosimus, (Jean-Dominique) / Protesilaus
637	0641	Protesilaus / Protospatarius ou Proto-Spatharius, (Théophile)
638	0642	Protospatarius ou Proto-Spatharius, (Théophile) / Provanchieres, (Siméon De)
639	0643	Provenzali, (Jérôme) / Psellus (Michel)
640	0644	Psitzer, (Jean-Nicolas) / Psychrestus, (Jacques) / Ptolomée / Publius Decimus Eros merula
641	0645	Puellez, (Thomas)
642	0646	Purmann. Voyez Pourman / Puteanus. (Guillaume) Voyez Dupuy ou Dupuis / Puteus, (François) / Puzos, (Nicolas)
643	0647	Puzos, (Nicolas)
644	0648	Puzos, (Nicolas) / Pythagore
645	0649	Pythagore
646	0650	Pythagore
647	0651	Pythagore
648	0652	Pythagore / Pythocles / Errata
