page	refimg	chapitre
[sans numérotation]	0001	[Page de faux-titre]
[sans numérotation]	0002	[Mention d'imprimeur]
[sans numérotation]	0003	[Page de titre]
[sans numérotation]	0004	Biographie médicale
[sans numérotation]	0005	
[sans numérotation]	0006	
[sans numérotation]	0007	
[sans numérotation]	0008	
[sans numérotation]	0009	
[sans numérotation]	0010	
[sans numérotation]	0011	
[sans numérotation]	0012	
[sans numérotation]	0013	
[sans numérotation]	0014	Lettre A - Aaron - Aaron Ben Joseph
2	0015	Aaron Ben Joseph - Aaskow - Abano - Abarbanel
3	0016	Abarbanel - Abaris
4	0017	Abaris - Abascante
5	0018	Abascante - Abatia - Abbato - Abdalcader Ben Mohammed
6	0019	Abdalcader Ben Mohammed - Abdallah Ben Ibrahim Ben Mohammed - Abdallah Ben Ahmed - Abdallah Ben Gebrail - Abdallah Ben Joseph Ben Geuschan - Abdallah Ben Jusses Ben Thalha - Abdallah Ben Mohammed Alschacpchi
7	0020	Abdallah Jahya Ben Isac - Abdalrahman Ben Ali Ben Abisadek - Abdalrahman Ben Mohammed, Ben Ali, Ben Ahmed - Abdalrahman Nasser Ben Abdallah - Abdalsalam Ben Genghidest Al Giabali
8	0021	Abdalvahed Ben Abdalrazhak - Abdelaziz Ben Abdallah al Araki - Abdelrahman Ben Mohammed Abul Motreph - Abdollatif
9	0022	Abdollatif - Abdorrachman Ben Abizenad - Abeille (Scipion)
10	0023	Abeille (Scipion)
11	0024	Abel (Frédéric-Godefroy)
12	0025	Abel (Frédéric-Godefroy) - Abendana (Isaac) - Abendana (Jacob) - Aben-Esra (Abraham-Ben-Meir)
13	0026	Aben-Esra (Abraham-Ben-Meir) - Abercrombie (Jean) - Abercrombie (Patrice)
14	0027	Abercrombie (Patrice) - Abercromby (David)
15	0028	Abercromby (David) - Abhengnefit, Abhegnefid, Abengnefid (surnommé Aggregator) - Abildgaard (Pierre-Chrétien) - Abiosi ou Abbiosi (Gaspard)
16	0029	Abizianus (Isaac) - Abner - Abou Achmed Ben Abraham - Abou Alli Ibn Da Vid - Abou Amram Moussa
17	0030	Aboubeker Al Farsi - Aboubeker Ben Al Bedr - Aboubeker (surnommé Yesdy) - Abou Gasar Ahmed Ebn Ibrahim Ebn Abi Chaled - Abou Hassan Ali Ben Issa Giavali - Abou Isac Ibrahim Ben Mohammed - Abou Ismael Ibrahim - Abou'l Abbas Ahmed Ebn Mohammed Ebn Abdilrabi
18	0031	Abou'l Abbas Ahmed Ebn Mohammed Ebn Abdilrabi - Abou'l Abbas Muwaffec Eddyn Ahmed - Abou'l Birkat Ebn Sahid - Abou'l Faradj - Abou'l Fedail Benaramus Oharensis - Abou'l Hassan Alajeddin Ebn Ali Hazm
19	0032	Abou'l Hassan Ben Bothlar - Abou'l Hassan Al Mokhtar Ben hassan Ben Aidun - Abou'l Hassan Said Ben Hebatallah - Abou'l Manet Ben Abou Nassar - Abou'l Mansor Hassan ebn Noe - Abou'l Miamen Mosthafa - Abou'l Safar Ismael Ben Belil Isac Ben Honain Ben Isac
20	0033	Abou'l Safar Ismael Ben Belil Isac Ben Honain Ben Isac - Abou Maher Moussa Ben jasser - Abou Mansor Al Hassan Ben Nuh - Abou Merwan Ben Velyd - Abou Mona Ebn Abou Nassar - Abou Morsched - Abou Nassar - Abou Osaibah
21	0034	Abou Osaibah - Abou Sahal - Abou Said Ebn Hussein - Abou Salem Ben Karada - Abraham (Claude)
22	0035	Abraham Ben Avigador - Abraham Ben David Arie - Abraham Ben Jehuda - Abraham Ben Mair
23	0036	Abraham Ben Mair - Abraham Ben Sahal - Abraham Ben Schelomo - Abrenethée ( André) - Abreu (Alexis d')
24	0037	Abreu (Alexis d') - Abreu (Manuel d') - Acampo (Simon) - Accolti (François)
25	0038	Accolti (François) - Accoramboni (Félix) - Accoramboni (Jérome)
26	0039	Accoramboni (Jérome) - Accorsini (Barthélémy) - Acesias - Acharius (Eric)
27	0040	Acharius (Eric) - Achille
28	0041	Achille - Achillini (Alexandre)
29	0042	Achillini (Alexandre) - Achillini (Claude)
30	0043	Achillini (Claude) - Achmet Ben Abdallah - Achmet Ben Ibrahim - Achmet Ben Joseph - Achmet Ben Mohammed Ebn Alaschaat - Achmet Ben Mosthapha - Achmet Ben Seirim
31	0044	Achmet Ben Seirim - Achrelius (Eric-Daniel) - Achromos - Acidalius (Chrétien) - Acidalius (Valens) - Acihba ou Akibha Ben Joseph
32	0045	Acihba - Ackermann (Jean-Chrétien-Théophile)
33	0046	Ackermann (Jean-Chrétien-Théophile)
34	0047	Ackermann (Jean-Chrétien-Théophile)
35	0048	Ackermann (Jean-Chrétien-Théophile)
36	0049	Ackermann (Jean-Chrétien-Théophile) - Acoluth (Jean-Charles) - Acrel (Olof)
37	0050	Acrel (Olof)
38	0051	Acrel (Olof) - Acron
39	0052	Acron - Acron (Jean) - Acton (Edouard)
40	0053	Acumenus - Adamantius - Adam (Gilles) - Adam (Jacques) - Adams (Guillaume) 
41	0054	Adams (Joseph) - Adanson (Michel)
42	0055	Adanson (Michel)
43	0056	Adanson (Michel)
44	0057	Adanson (Michel) - Addington (Antoine) - Adelard - Adelbulner (Michel)
45	0058	Adelbulner (Michel) - Adelphus (Jean) - Adelung (Jean-Christophe) 
46	0059	Adelung (Jean-Christophe)  - Adelung (Jean-Jacques) - Ader (Guillaume) - Adolph (Jean-Traugott) - Adolphi (Chrétien-Michel)
47	0060	Adolphi (Chrétien-Michel)
48	0061	Adolphi (Chrétien-Michel)
49	0062	Adria (Jean-jacques) - Adriani (Goeriz-Jean-Adam) - Adriani ( Marcel-Virgile)
50	0063	Adriani ( Mathieu) - Aegimius - Aelianus Mevius - Aelien
51	0064	Aelien
52	0065	Aelien - Aelius Promotus - Aemilius (Marc-Antoine) - Aenaes - Aenesideme
53	0066	Aenesideme - Aepinus (François-Ulric-Théodore)
54	0067	Aepinus (François-Ulric-Théodore) - Aeplinius (Georges-Frédéric) - Aeschrion
55	0068	Aeschrion - Aetius d'Amide
56	0069	Aetius d'Amide
57	0070	Aetius d'Amide
58	0071	Aetius d'Amide - Aetius d'Antioche
59	0072	Aetius de Sicile - Affaitati (Fortuné) - Africanus - Agapius - Agatharchides
60	0073	Agatharchides - Agathémère (Claude) - Agathinus - Agathocles - Agato (Pierre-Ange)
61	0074	Agato (Pierre-Ange) - Agazo - Ager (Jean-Henri) - Ager (Nicolas) - Aggiunti (Nicolas)
62	0075	Agis - Agneau (David l') - Agnelli (Jean) - Agnelli (Jérome) - Agnethler (Michel-Théophile)
63	0076	Agnethler (Michel-Théophile) - Agnodice
64	0077	Agnodice - Agnozzi (Jean-Baptiste) - Agosti (Jérome-Olivier) - Agosti (Joseph) - Agosti (Léonard) - Agravi (Jean-François) - Agricola (George)
65	0078	Agricola (George)
66	0079	Agricola (George)
67	0080	Agricola (George) - Agricola (George-André)
68	0081	Agricola (George-André) - Agricola (Jean)
69	0082	Agricola (Jean) - Agricola (Jean-Georges) - Agricola (Jean-Jacques) - Agrippa de Nettesheim (Henri-Corneille)
70	0083	Agrippa de Nettesheim (Henri-Corneille)
71	0084	Agrippa de Nettesheim (Henri-Corneille)
72	0085	Agrippa de Nettesheim (Henri-Corneille)
73	0086	Agrippa de Nettesheim (Henri-Corneille)
74	0087	Agrippa de Nettesheim (Henri-Corneille)
75	0088	Agrippa de Nettesheim (Henri-Corneille) - Aguado (Pierre-Mancebo) - Aguenza (Pierre) - Aguero (Berthélemy de) - Aguiar (Thomas) - Aguilar (François)
76	0089	Aguilera (Antoine De) - Aguilera (Jean De) - Aguillar (François) - Ahlich (Jean) - Ahrens (Joachim-Henri-Germain) - Aiala (Gabriel)
77	0090	Aiala (Gabriel) - Aiala (Jérome) - Aicardi (Paul) - Aicholtz (Jean) - Aidmerin Ali Al Gialdeki - Aignan (François)
78	0091	Aignan (François) - Aigue (Etienne De L')
79	0092	Aigue (Etienne De L') - Ailaki - Ailhaud (Jean) - Ailhaud (Jean-Gaspard)
80	0093	Ailhaud (Jean-Gaspard) - Ailleboust (Jean) - Ailly (Pierre D') - Aimar (Ozias) - Ain Al Hiat - Airoldi De Marcellino (Jean-Pierre)
81	0094	Airoldi De Marcellino (Jean-Pierre) - Aiton (Guillaume) - Aitzema (Jules De) - Ajello ( Sébastien) - Akakia (Jean)
82	0095	Akakia (Martin) - Akakia (Martin)
83	0096	Akakia (Jean) - Akakia (Martin) - Akakia (Martin) - Akenside (Marc)
84	0097	Akenside (Marc) - Alaeddin Ali Aboul Hassan Ebn Aboul Gizam 
85	0098	Alaeddin Ali Aboul Hassan Ebn Aboul Gizam  - Alain (Nicolas) - Alamah Ebn Alamah Ben Hassan - Alamanni (Louis) - Alanson (Edouard)
86	0099	Alard d'Amsterdam - Alary (Barthélemy)
87	0100	Alary (Barthélemy) - Alatini (Vitalis) - A'Lawy (Mirza-Mohammed-Hachem) - Alaymo (Marc-Antoine)
88	0101	Alaymo (Marc-Antoine) - Albanesi (Gui-Antoine) - Albani (Barthélemy) - Albano (Jean) - Albano (Scipion)
89	0102	Albano (Scipion) - Albatenius - Al Beithar (Aldallah Ben Achmed)
90	0103	Al Beithar (Aldallah Ben Achmed) - Albergo (Jean) - Alberi ( Claude) - Albéric de Bologne - Alberizzi (Pierre-Joseph) - Albero De Morales (Gaspard) - Albert (Nicolas)
91	0104	Albert (Nicolas) - Albert De Bologne - Albert Le Grand
92	0105	Albert Le Grand
93	0106	Albert Le Grand
94	0107	Albert Le Grand - Albert De Saxe 
95	0108	Albert De Saxe  - Alberti (Antoine) - Alberti (Bernard) - Alberti (Henri-Christophe) - Alberti (Jean) - Alberti (Michel)
96	0109	Alberti (Michel)
97	0110	Alberti (Michel)
98	0111	Alberti (Michel)
99	0112	Alberti (Michel)
100	0113	Alberti (Michel)
101	0114	Alberti (Michel)
102	0115	Alberti (Michel)
103	0116	Alberti (Michel)
104	0117	Alberti (Michel)
105	0118	Alberti (Michel)
106	0119	Alberti (Michel)
107	0120	Alberti (Michel)
108	0121	Alberti (Michel)
109	0122	Alberti (Michel)
110	0123	Alberti (Michel)
111	0124	Alberti (Michel) - Albertini (Annibal) - Albertini (Barthélemy)
112	0125	Albertini (Barthélemy) - Albertini (Hippolyte-François) - Albicius (Sigismond) - Albin (Eleazar)
113	0126	Albin (Eleazar) - Albinus (Bernard)
114	0127	Albinus (Bernard)
115	0128	Albinus (Bernard)
116	0129	Albinus (Bernard)
117	0130	Albinus (Bernard)
118	0131	Albinus (Bernard) - Albinus (Chrétien-Bernard) - Albinus (Frédéric-Bernard) - Albinus (Jacques)
119	0132	Albinus (Mathieu) - Albinus (Sébastien) - Albissus (Ornandus) - Albrecht (Benjamin-Théophile) - Albrecht (Jean-Guillaume)
120	0133	Albrecht (Jean-Guillaume) - Albrecht (Jean-Pierre) - Albrecht (Jean-Sébastien)
121	0134	Albrecht (Jean-Sébastien) - Albrichius (Jean) - Albrizzi (Nicolas) - Albucasis (Abou'l Kasem Khalaf Ben Abbas Al Zaharavi)
122	0135	Albucasis (Abou'l Kasem Khalaf Ben Abbas Al Zaharavi) - Albuleizor - Albuzio (Jean-Pierre)
123	0136	Alcadino - Alcala (Jannez-Jérome) - Alcala Y Martinez (Jayme) - Alcalano (Prosper) - Alcana Mosali
124	0137	Alcana Mosali - Alcanes (Louis) - Alcazar (André) - Alcazar (Louis D') - Alcinet (Joseph) - Alcinous
125	0138	Alcinous - Alcionio (Pierre)
126	0139	Alcionio (Pierre) - Alcméon 
127	0140	Alcméon  - Alcon - Aldebrandin - Aldes (Théodore) - Aldini (Tobie)
128	0141	Aldini (Tobie) - Aldrighetti - Aldrovandi ( Ulysse)
129	0142	Aldrovandi ( Ulysse)
130	0143	Aldrovandi ( Ulysse)
131	0144	Aldrovandi ( Ulysse)
132	0145	Aldrovandi ( Ulysse) - Ale (Ambrois D') - Alefeld (George-Louis)
133	0146	Alefeld (George-Louis) - Alemagna (Jean-Baptiste D') - Aleman (Jean) - Alemand (Louis-Auguste)
134	0147	Alemand (Louis-Auguste) - Alemant (Adrien L') - Alessandri (François Degli)
135	0148	Alessandri (François Degli) - Alessandrini (Jean) - Alessandrini de Neustain (Jules)
136	0149	Alessandrini de Neustain (Jules) - Alessandrino (Constantin-Lucas) - Alessandro (Antoine De)
137	0150	Alessi (Alexis Degli) - Alessio - Alessio (Alexandre)
138	0151	Alexandre D'Aphrodisée
139	0152	Alexandre D'Aphrodisée
140	0153	Alexandre D'Aphrodisée - Alexandre surnommé Philalèthe
141	0154	Alexandre surnommé Philalèthe
142	0155	Alexandre surnommé Philalèthe
143	0156	Alexandre surnommé Philalèthe - Alexandre (Nicolas) - Alexanor - Alexias - Alexippe - Alfani (François)
144	0157	Alfani (François) - Alfarabius - Alfaro (Henri-Vaca De) - Alfaro de Zamudio (André) - Alferi (Antoine)
145	0158	Alferi (Antoine) - Alfred - Alfred - Algarotto ( Victor) - Alghisi (Thomas)
146	0159	Alghisi (Thomas) - Alguadesch (Meir) - Ali-Abbas (Ali Ben Al Abbas Al Madjoucy) - Ali Al Tarabulsi - Ali Ibn David
147	0160	Ali Ibn David - Ali Ibn Rizuan - Ali Ismaelita - Alidio (Charles-Antoine) - Alieri (Jacques) - Alix (Mathieu-François)
148	0161	Alix (Mathieu-François) - Alizeri (Barthélemy) - Al Kendi (Abou Youssef) - Allamant (Jean L')
149	0162	Allamant (Jean L') - Allaxinus (Jacques) - Alleaume (Jacques-Louis) - Allegretti (Jacques) - Allegri (Jérome) - Allemand (Jean-Baptiste-Joseph L')
150	0163	Allemand (Jean-Baptiste-Joseph L') - Allen (Benjamin) - Allen (Jean) - Alleyne (Jacques) - Allioni (Charles)
151	0164	Allioni (Charles) - Alliot (François-Fauste) - Alliot (Jean-Baptiste)
152	0165	Alliot (Jean-Baptiste) - Alliot (Jean-Baptiste-Fauste) - Alliot (Pierre)
153	0166	Alliot (Pierre) - Allmacher (Jean-Baptiste) - Al Madel 
154	0167	Almeida (Félicien D') - Almeida (François D') - Almeida (Manuel D') - Almeloveen (Théodore De)
155	0168	Almeloveen (Théodore De)
156	0169	Almeloveen (Théodore De) - Almenar (Jean) - Almoli (Salomon) - Alos (Jean) - Alpago (André)
157	0170	Alpago (André) - Alphério (Hyacinthe De) - Alphonse De Cordoue (Romain) - Alphonse de Corella 
158	0171	Alphonse de Corella  - Alphonse de Jean - Alphonse de Jubera - Alphonse de Miranda - Alphonse de Santa Cruz
159	0172	Alphonse de Santa Cruz - Alphonse de Torres - Alpino (Alpino) - Alpino (Prosper)
160	0173	Alpino (Prosper)
161	0174	Alpino (Prosper) - Alprunus (Jean-Baptiste) - Alsario Della Croce (Vincent) 
162	0175	Alsario Della Croce (Vincent)  - Alston (Charles)
163	0176	Alston (Charles) - Alstroemer (Claude) - Altieri (Sébastien) - Altomare (Antoine-Donat D')
164	0177	Altomare (Antoine-Donat D') - Alvalat (Le Baron d')
165	0178	Alvalat (Le Baron d') - Alvares (Antoine) - Alvares (Pierre) - Alvares (Thomas) - Alvares-Borges (Jean) - Alvares-Brandam (Ferdinand)
166	0179	Alvares-Brandam (Ferdinand) - Alvares-Cabral (Ferdinand) - Alvares-Chacon (Didier) - Alvares De Miraval (Blaise) - Alvares de Silva (Joseph-Verissimo) - Alvarus (E) - Alvetanus (Cornelius)
167	0180	Alyon (Pierre-Philippe)
168	0181	Alyon (Pierre-Philippe) - Amafanius (Caïus) -Amalteo (Corneille) - Amalteo (Jérome)
169	0182	Amalteo (Jérome) - Amalteo (Octave) - Amand (Pierre)
170	0183	Amand (Pierre) - Amanrich (Cyr) - Amaral-Castellobranco (François-Correa) - Amato (Cintio D')
171	0184	Amato (Cintio D') - Amato (Léonard) - Amatus Lusitanus (Jean) - Amatus (Jean-Charles) - Amboise (Jacques D')
172	0185	Amboise (Jacques D') - Amboise (Jean D') - Ambrosini (Barthélemy)
173	0186	Ambrosini (Barthélemy) - Ambrosini (Hyacinthe) - Amelung (Chrétien-Henri) - Amelung (Pierre)
174	0187	Amelung (Pierre) - Amic (Jean-Marie) - Amico (Diomède) - Amiguet (Antoine) - Ammann (Jean)
175	0188	Ammann (Jean) - Ammann (Jean-Conrad)
176	0189	Ammann (Jean-Conrad) - Ammann (Jean-Jacques) - Ammann (Paul)
177	0190	Ammann (Paul)
178	0191	Ammann (Paul)
179	0192	Ammann (Paul) - Ammonius - Ammonius Saccas
180	0193	Ammonius Saccas - Amolino (Laurent) - Ampsing (Jean-Assuerus) - Amram Ben Abdallah
181	0194	Amram Ben Abdallah - Am Stein (Jean-Georges) - Amthor (Gaspard) - Amusco (Jean-Valverde De)
182	0195	Amusco (Jean-Valverde De) - Amyntas de Rhodes - Anacharsis
183	0196	Anacharsis - Anatole - Anatole de Béryte
184	0197	Anatomistes
185	0198	Anatomistes
186	0199	Anatomistes
187	0200	Anatomistes
188	0201	Anatomistes
189	0202	Anatomistes
190	0203	Anatomistes
191	0204	Anatomistes
192	0205	Anatomistes
193	0206	Anatomistes
194	0207	Anatomistes
195	0208	Anatomistes
196	0209	Anatomistes
197	0210	Anatomistes
198	0211	Anatomistes
199	0212	Anatomistes
200	0213	Anatomistes
201	0214	Anatomistes
202	0215	Anatomistes
203	0216	Anatomistes
204	0217	Anatomistes
205	0218	Anatomistes
206	0219	Anatomistes
207	0220	Anatomistes
208	0221	Anatomistes
209	0222	Anatomistes
210	0223	Anatomistes
211	0224	Anatomistes
212	0225	Anatomistes
213	0226	Anatomistes
214	0227	Anatomistes
215	0228	Anatomistes
216	0229	Anatomistes
217	0230	Anatomistes
218	0231	Anatomistes
219	0232	Anatomistes
220	0233	Anatomistes
221	0234	Anatomistes
222	0235	Anatomistes
223	0236	Anatomistes
224	0237	Anatomistes
225	0238	Anatomistes
226	0239	Anatomistes
227	0240	Anatomistes
228	0241	Anatomistes
229	0242	Anatomistes
230	0243	Anatomistes
231	0244	Anatomistes
232	0245	Anatomistes
233	0246	Anatomistes
234	0247	Anatomistes
235	0248	Anatomistes
236	0249	Anatomistes
237	0250	Anatomistes
238	0251	Anatomistes
239	0252	Anatomistes
240	0253	Anatomistes
241	0254	Anatomistes - Anaxagore
242	0255	Anaxagore 
243	0256	Anaxagore - Anaxilas - Anaximandre - Anaximènes - Anchinoander
244	0257	Anchinoander - Andaloro (André) - Andaloro (François) - Anderlini (Lucius-François) - Andla (Anchise D') - Andrade (Joseph-Homem)
245	0258	Andrade (Joseph-Homem) - André (Esprit) - André (François) - André (Jean) - André (Nicolas)
246	0259	André (Nicolas) - André (Pierre) - Andréa de Lucchis - Andreae (Jean) - Andreae (Jean-Gérard-Reinhard)
247	0260	Andreae (Jean-Gérard-Reinhard) - Andreae (Tobie)
248	0261	Andreae (Tobie) - Andreas
249	0262	Andreas - Andreas de Cordoue - Andreas De Léon - Andreu (Hyacinthe) - Andrioli (Michel-Ange)
250	0263	Andrioli (Michel-Ange) - Andriosa (André) - Androcides - Andromaque l'ancien -
251	0264	Andromaque l'ancien - - Andromaque Le jeune - Andry (Nicolas)
252	0265	Andry (Nicolas)
253	0266	Andry (Nicolas)
254	0267	Andry (Nicolas)
255	0268	Andry (Nicolas)
256	0269	Andry (Nicolas) - Anel (Dominique)
257	0270	Anel (Dominique) - Anemorinus (Wolfgang) - Anfossi (Jean-Baptiste) - Ange De Saint Joseph - Ange de Saulieu
258	0271	Ange de Saulieu - Angelico (Vespasien) - Angelini (Facondino) - Angelo (Jérome) - Angelo (Victor) - Angelucci (Théodore)
259	0272	Angelucci (Théodore) - Angerville (Cesar D') - Anguillara (Louis)
260	0273	Anguillara (Louis)
261	0274	Anguillara (Louis)
262	0275	Angulo (Nicolas-Guttierez) - Anhalt (Henri) - Anhorn de Hartwyss (Sylvestre-Samuel) - Anjo Pessoa (Theotome) - Anisio (Cosme) - Anrach (Georges)
263	0276	Anrach (Georges) - Anselme - Anselme (Aurèle) - Anselme (Baptiste) - Anselme (Georges)
264	0277	Antenori (Antoine) - Anthony (François)
265	0278	Anthony (François) - Antigènes - Antigone de Cariste - Antigone de Cyme - Antimaque - Antiochus - Antipater - Antiphanes
266	0279	Antiphanes - Antiphates - Antistius - Antoine - Antoine Asclepiade (Marc) - Antoine d'Avignon - Antoine de Monte Ulmi - Antoine de Pavie - Antoine (Dominique) - Antoine (Jean)
267	0280	Antoine (Jean) - Anton (Jean-Grégoire) - Antonelli (Hippolyte) - Antonii (Sébastien Degli) - Antonio de Carthégène - Antoine de Lebrixa
268	0281	Antoine de Lebrixa - Antonio de Zamora - Antonio (Cajetan de San) - Antonio (Louis)
269	0282	Antonio (Louis) - Antonio (Michel) - Antracino (Jean) - Antyllus
270	0283	Antyllus - Anubis
271	0284	Anubis - Apelles - Apfel (Henri-Diétéric) - Apicius 
272	0285	Apicius 
273	0286	Apicius - Apinus (Jean-Louis)
274	0287	Apinus (Jean-Louis)
275	0288	Apinus (Jean-Louis) - Apinus (Sigismond-Jacques) - Apoemantes - Apollinaris - Apollinaris (Quintus) - Apollinaris (Titus-Julius-Roscanus) - Apollodore
276	0289	Apollodore - Apollon
277	0290	Apollon
278	0291	Apollon - Apollonide - Apollonide de Cos  - Apollonius
279	0292	Apollonius - Apollonius - Apollonius d'Antioche - Apollonius de Chypre - Apollonius de Citium
280	0293	Apollonius de Citium
281	0294	Apollonius de Citium - Apollonius de Memphis
282	0295	Apollonius de Memphis - Apollonius de Pergame - Apollonius de Tarse - Apollonius Aphrodisiacus - Apollonius Archistrator - Apollonius Biblas
283	0296	Apollonius Biblas - Apollonius Clodius - Apollonius Cyclas - Apollonius l'empirique - Apollonius Glaucus - Apollonius l'Hérophiléen - Apollonius Mus - Apollonius Ophis - Apollonius Organicus - Apollonius Le pharmacien
284	0297	Apollonius Le pharmacien - Apollonius Pitaneus - Apollonius Stratonicus - Apollonius Ther - Apollophanes 
285	0298	Apollophanes - Appel (Jean-Just) - Appel (Jean-Guillaume) - Appiano (Jean-Baptiste) - Apples (Jean-Benjamin d') - Apples (Jean-Pierre d')
286	0299	Apples (Jean-Pierre d') - Apsyrte - Apulée Celse
287	0300	Apulée Celse - Aquenza Y Mossa (Pierre) - Aquila (Jean Dell') - Aquilani (Maxime)
288	0301	Aquilani (Maxime) - Aquin (Antoine d') - Aranzi (Jules-César)
289	0302	Aranzi (Jules-César)
290	0303	Aranzi (Jules-César)
291	0304	Aranzi (Jules-César) - Arruthnot (Jean)
292	0305	Arruthnot (Jean)
293	0306	Arruthnot (Jean) - Arcadio (François) - Arce (François de)
294	0307	Arce (François de) - Arcella (Justinien) - Arcerius (Sixte)
295	0308	Arcerius (Sixte) - Arcet (Jean d')
296	0309	Arcet (Jean d')
297	0310	Arcet (Jean d')
298	0311	Arcet (Jean d')
299	0312	Arcet (Jean d') - Archagatus - Archèdème
300	0313	Archèdème - Archistre
301	0314	Archistre
302	0315	Archistre
303	0316	Archistre - Archibius
304	0317	Archibius - Archigène
305	0318	Archigène - Archytas - Arciniega (François Velez de) - Arcissewsky (Christophe)
306	0319	Arcissewsky (Christophe) - Arcolani (Jean) - Arcudi (Sylvius) - Ardern (Jean) 
307	0320	Ardern (Jean) - Ardevines de Isla (Sauveur) - Ardizzoni (Fabrice) - Ardoino (Sante) - Arellan (Pierre-François)
308	0321	Arellan (Pierre-François) - Arétée de Cappadoce
309	0322	Arétée de Cappadoce
310	0323	Arétée de Cappadoce
311	0324	Arétée de Cappadoce
312	0325	Arétée de Cappadoce
313	0326	Arétée de Cappadoce
314	0327	Arétée de Cappadoce
315	0328	Arétée de Cappadoce - Arevalo (Alphonse) - Arevalo (Pierre-Guttieres d') - Argellata (Pierre d')
316	0329	Argellata (Pierre d') - Argencour (Barthélemi Dhuissies d') - Argenterio (Jean)
317	0330	Argenterio (Jean)
318	0331	Argenterio (Jean)
319	0332	Argenterio (Jean) - Argenterio (Jacques) - Argoli (André)
320	0333	Argoli (André) - Arias (Georges) - Aris de Benavides (Pierre)
321	0334	Arienti (Thomas) -Arieta (Philippe) - Aristarque - Aristée
322	0335	Aristée - Aristogène de Cnide - Aristogène de Thase - Arsitomaque - Ariston
323	0336	Ariston - Aristote
324	0337	Aristote
325	0338	Aristote
326	0339	Aristote
327	0340	Aristote
328	0341	Aristote
329	0342	Aristote
330	0343	Aristote
331	0344	Aristote
332	0345	Aristote
333	0346	Aristote
334	0347	Aristote
335	0348	Aristote
336	0349	Aristote
337	0350	Aristote
338	0351	Aristote
339	0352	Aristote
340	0353	Aristote
341	0354	Aristote
342	0355	Aristote
343	0356	Aristote
344	0357	Aristote
345	0358	Aristote
346	0359	Aristote - Aristoxène - Arizzara (Cajétan) - Arlebout (Isbrand-Gisbert)
347	0360	Arlebout (Isbrand-Gisbert) - Arlotti (Pompée) - Arluno (Jean-Pierre) - Arma (Jean-François) - Armanni (Jacques)
348	0361	Armenault (Denys) - Armillei (Caiétan) - Armstrong (Jean)
349	0362	Armstrong (Jean)
350	0363	Armstrong (Jean) - Arnaud (Alexandre) - Arnaud (Etienne) - Arnaud (Joseph)
351	0364	Arnaud (Joseph) - Arnaud (Louis) - Arnaud (Roland-Paul) - Arnaud - Arnaud de Ronsil (Georges)
352	0365	Arnaud de Ronsil (Georges) - Arnaud de Villeneuve
353	0366	Arnaud de Villeneuve
354	0367	Arnaud de Villeneuve
355	0368	Arnaud de Villeneuve
356	0369	Arnaud de Villeneuve
357	0370	Arnaud de Villeneuve
358	0371	Arnaud de Villeneuve
359	0372	Arnaud de Villeneuve
360	0373	Arnaud de Villeneuve
361	0374	Arnaud de Villeneuve
362	0375	Arnaud de Villeneuve
363	0376	Arnaud de Villeneuve - Arnauld de Nobleville (Louis-Daniel) - Arnauld (Pierre)
364	0377	Arnauld (Pierre) - Arnault (Henri) - Arnemann (Just) 
365	0378	Arnemann (Just)  - Arnigio (Barthélémy)
366	0379	Arnigio (Barthélémy) - Arnisaeus (Frédéric) - Arnisaeus (Henning)
367	0380	Arnisaeus (Henning) - Arnoldi (Gaspard)
368	0381	Arnoldi (Gaspard) - Arnoldi (Henri-Guillaume) - Arnoul (François) - Aromatari (Joseph)
369	0382	Aromatari (Joseph) - Arpino (Jacques-François) - Arpino (Laurent) - Arquato (Antoine) - Arquato (Jean-François)
370	0383	Arquato (Jean-François) - Arraes (Edouard-Madeyra) - Arragon (Evert)
371	0384	Arragon (Evert) - Arredondo (Martin d') - Arsilli (François)
372	0385	Arsilli (François) - Artédi (Pierre)
373	0386	Artédi (Pierre)
374	0387	Artédi (Pierre)
375	0388	Artédi (Pierre)
376	0389	Artédi (Pierre) - Artémidore - Artemon
377	0390	Arthusius (Guillaume) - Artmann (François-Xavier) - Artocophinus (Henri) - Artomius (Christophe) - Artur (Charles) - Asch (Georges-Thomas)
378	0391	Asch (Georges-Thomas) - Asclapo - Asclépiade
379	0392	Asclépiade
380	0393	Asclépiade
381	0394	Asclépiade
382	0395	Asclépiade
383	0396	Asclépiade
384	0397	Asclépiade
385	0398	Asclépiade - Asclépiades
386	0399	Asclépiades - Asclépiodore - Asclépiodote
387	0400	Asclépiodote - Aselli (Gaspard)
388	0401	Aselli (Gaspard) - Ash (Jean) - Ashmole (Elie)
389	0402	Ashmole (Elie)
390	0403	Ashmole (Elie)
391	0404	Ashmole (Elie) - Asius (Nicolas) - Askew (Antoine)
392	0405	Askew (Antoine) - Asnier (Remy) - Aspasie - Assalti (Pierre) 
393	0406	Assandri (Barthélémy) - Assari (Jean-François) - Assettato (Camille) - Assin (Joseph) - Assonville (Guillaume) - Astanius - Astari (Blaise)
394	0407	Astari (Blaise) - Astel (Jean) - Asthnar (Germain) - Astrampsychus - Astruc (Jean)
395	0408	Astruc (Jean)
396	0409	Astruc (Jean)
397	0410	Astruc (Jean)
398	0411	Astruc (Jean)
399	0412	Astruc (Jean)
400	0413	Astruc (Jean)
401	0414	Astruc (Jean)
402	0415	Astruc (Jean)
403	0416	Astruc (Jean) - Athalin (Claude-François) - Athenagoras
404	0417	Athenagoras - Athénée
405	0418	Athénée
406	0419	Athénée - Athotis - Atkins (Jean)
407	0420	Atkins (Jean) - Atratus - Attale - Aubell (Thomas) - Aubert (François) - Aubert (Jacques)
408	0421	Aubert (Jacques) - Aubery (Claude) - Aubery (Jean)
409	0422	Aubery (Jean) - Aubigné (Nathan d') - Aubin (Jean de Saint)
410	0423	Aubin (Jean de Saint) - Aublet (Jean-Baptiste-Christophe-Fusée) - Aubry (Jean d')
411	0424	Aubry (Jean d') - Aubry (Jean-François)
412	0425	Aubry (Jean-François) - Audiberti (Antoine-Louis) - Audoin de Chaignebrun (Henri)
413	0426	Audoin de Chaignebrun (Henri) - Auenbrugger d'Auenbrug (Léopold)
414	0427	Auenbrugger d'Auenbrug (Léopold) - Augaron (Jacques d') - Augenio (Horace)
415	0428	Augenio (Horace) - Auguilbert (Théobald)
416	0429	Auguilbert (Théobald) - Augurello (Jean-Aurèle)
417	0430	Augurello (Jean-Aurèle) - Augustini (Chrétien) - Aulber (Jean-Martin) - Auletius (Alard)
418	0431	Auletius (Alard) - Aumont (Arnulphe d') - Aurifaber (André) - Aurivillius (Samuel)
419	0432	Aurivillius (Samuel) - Aurran (Joseph-François) - Ausone (Jules)
420	0433	Ausone (Jules) - Austin (Guillaume) - Austrius (Sébastien)
421	0434	Austrius (Sébastien) - Auzeby (Pierre) - Auzout (Adrien) - Avanzi (Charles) - Avanzino (Joseph-Marie)
422	0435	Avanzino (Joseph-Marie) - Avellino (François) - Avenanzi - Avenzoar 
423	0436	Avenzoar 
424	0437	Avenzoar - Averrhoës
425	0438	Averrhoës
426	0439	Averrhoës
427	0440	Averrhoës
428	0441	Averrhoës - Avensano (Thomas)
429	0442	Avicenne
430	0443	Avicenne
431	0444	Avicenne
432	0445	Avicenne
433	0446	Avicenne
434	0447	Avicenne
435	0448	Avicenne
436	0449	Avicenne
437	0450	Avicenne
438	0451	Avila (Louis-Lobera d') - Avi Chaled - Avil Hakin - Avil Menni Ibn Avi Negid - Avis (Jean) - Avola (François)
439	0452	Avola (François) - Axt (Jean-Conrad) - Ayala - Aymen (Jean -Baptiste) - Ayrer (Christophe-Henri) - Ayrer (Emmanuel-Guillaume) - Ayrer (Jean-Christophe)
440	0453	Ayrer (Jean-Christophe) - Ayrer (Jean-Guillaume) - Ayrer (Malchior) - Azara (Joseph-Nicolas d')
441	0454	Azara (Joseph-Nicolas d') - Azconovieta (Manuel d') - Azeredo (Balthazar De) - Azevedo (Jean-Velasquez) - Azevedo (Frère Manuel d')
442	0455	Azevedo (Frère Manuel d') - Azevedo (Moyse-Salomon) - Azevedo (Pierre) - Azevedo (Pierre d') - Azzali (Antoine)
443	0456	Azzali (Antoine) - Azzanello (Pierre De) - Azzogiudi (Germain)
444	0457	Azzogiudi (Germain) - Lettre B - Baader (Ferdinand-Marie) - 
445	0458	Baader (Ferdinand-Marie) - Baader (François-Josué-lambert) - Baader (François-Xavier)
446	0459	Baader (François-Xavier) - Baader (Joseph) 
447	0460	Baader (Joseph)  - Baader (Joseph-François De Paule) - Baalen (Pierre De) - Baart (Pierre)
448	0461	Baart (Pierre) - Babynet (Hugues) - Baccanelli (Jean) - Bacchius - Bacci (André)
449	0462	Bacci (André)
450	0463	Bacci (André) - Baccillerio (Tibère) - Baccino (Dominique) - Baccuet (Osée) - Bach (Antoine)
451	0464	Bach (Antoine) - Bache (Guillaume) - Bacher (Alexandre-Philippe)
452	0465	Bacher (George-Frédéric) - Bacheracht (Henri)
453	0466	Bacheracht (Henri) - Bachetton (Jérôme-Léopold)
454	0467	Bachettoni (Joseph-Marie) - Bachmegybi (Etienne-Paul)
455	0468	Bachmegybi (Etienne-Paul) - Bachot (Etienne) - Bachot (Gaspard)
456	0469	Bachmegybi (Etienne-Paul) - Bachstrom (Jean-Frédéric)
457	0470	Bachstrom (Jean-Frédéric) - Baciocchi (Jean-Dominique) - Back (Jacques De) - Backer (George)
458	0471	Backer (George) - Bacmeister (Jean) - Bacmeister (Jean) - Bacmeister (Mathieu)
459	0472	Bacmeister (Mathieu) - Bacon (François)
460	0473	Bacon (François)
461	0474	Bacon (François)
462	0475	Bacon (François)
463	0476	Bacon (François)
464	0477	Bacon (François)
465	0478	Bacon (François)
466	0479	Bacon (François)
467	0480	Bacon (François)
468	0481	Bacon (François)
469	0482	Bacon (François)
470	0483	Bacon (François)
471	0484	Bacon (François)
472	0485	Bacon (François)
473	0486	Bacon (François) - Bacon (Roger)
474	0487	Bacon (Roger)
475	0488	Bacon (Roger)
476	0489	Bacon (Roger)
477	0490	Bacon (Roger)
478	0491	Bacon (Roger)
479	0492	Bacon (Roger)
480	0493	Bacon (Roger)
481	0494	Bacon (Roger)
482	0495	Bacon (Roger) - Bacon de la Bretonnière (François) - Bacquerre (Benoît) - Badani (George) - Badcock (Richard) - Badilio (Valère)
483	0496	Badilio (Valère) - Baeck (Abraham) - Baehr (Oswald)
484	0497	Baehr (Oswald) - Baehrens (Jean-Chrétien-Frédéric) 
485	0498	Baehrens (Jean-Chrétien-Frédéric)  - Baerle (Gaspard de)
486	0499	Baerle (Gaspard de) - Baersdorp (Corneille De) - Baffi (Baffo De) - Baffi (Jean-Baptiste)
487	0500	Baffi (Jean-Baptiste) - Baffi (Lucullus) - Bagard (Charles)
488	0501	Bagard (Charles) - Bagellardo (Paul) - Baggaart (Jean)
489	0502	Baggaart (Jean) - Baget (Jean) - Bagieu (Jacques) -Baglivi (Georges)
490	0503	Baglivi (Georges)
491	0504	Baglivi (Georges)
492	0505	Baglivi (Georges)
493	0506	Baglivi (Georges)
494	0507	Baglivi (Georges)
495	0508	Baglivi (Georges) - Bagolino (Jean-Baptiste)
496	0509	Bagolino (Jean-Baptiste) - Bagolino (Jérôme) - Baier (Ferdinand-Jacques)
497	0510	Baier (Ferdinand-Jacques) - Baier (Jean-Guillaume) - Baier (Jean-Jacques)
498	0511	Baier (Jean-Jacques)
499	0512	Baier (Jean-Jacques)
500	0513	Baier (Jean-Jacques) - Bailey (Gautier)
501	0514	Bailey (Gautier) - Bailies (Guillaume) - Baillard (Edme)
502	0515	Baillard (Edme) - Baillie (Guillaume) - Baillie (Mathieu) - Baillou (Guillaume De)
503	0516	G. De Baillou
504	0517	Baillou (Guillaume De)
505	0518	Baillou (Guillaume De)
506	0519	Baillou (Guillaume De)
507	0520	Baillou (Guillaume De)
508	0521	Baillou (Guillaume De) - Bailly (Pierre) - Bailly (Roch Le)
509	0522	Bailly (Roch Le) - Bainbridge (Jean) 
510	0523	Bainbridge (Jean)  - Baithe (Etienne) - Bairo (Pierre)
511	0524	Bairo (Pierre) - Bajon - Baker (Georges) - Baker (Henri)
512	0525	Baker (Henri) - Baktichua 
513	0526	Baktichua 
514	0527	Baktichua  - Balamio (Ferdinand) - Balbi (Jean-Jacques) - Balbi (Paul-Baptiste) - Balbian (Just De)
515	0528	Balbian (Just De) - Balcianelli (Jean) - Baldassari (Balthazar) - Baldassari (Joseph)
516	0529	Baldassari (Joseph) - Baldesi (Antoine) - Baldi (Baldo)
517	0530	Baldi (Baldo) - Baldi (Camille) - Baldi (Dominique) - Baldi (Jérôme) - Baldi (Joseph)
518	0531	Baldi (Joseph) - Baldi (Sébastien) - Baldinger (Ernest-Godefroi)
519	0532	Baldinger (Ernest-Godefroi)
520	0533	Baldinger (Ernest-Godefroi)
521	0534	Baldinger (Ernest-Godefroi)
522	0535	Baldinger (Ernest-Godefroi)
523	0536	Baldinger (Ernest-Godefroi) - Baldini (Baccio)
524	0537	Baldini (Baccio) - Baldini (Bernardin) - Baldit (Michel)
525	0538	Baldit (Michel) - Baldoli (Jérôme) - Balducci (Valère) - Balduin (Chrétien-Adolphe)
526	0539	Balduin (Chrétien-Adolphe)
527	0540	Balduin (Chrétien-Adolphe) - Baldungius (Jérôme) - Balestra (Joseph)
528	0541	Balestrini (Philippe) - Balfour (André) - Balfour (François)
529	0542	Balfour (François) - Balk (Daniel-George) - Ball (Isaac) - Ball (Jean)
530	0543	Ball (Jean) - Ballerini (Simon) - Ballexserd (Jacques) - Ballhorn (Georges-Frédéric) - Ballista (Christophe) - Bally (François)
531	0544	Bally (François) - Bally (Victor) - Balme (Cl-D) - Balme (Claude)
532	0545	Balme (Claude) - Balmis (François-Xavier)
533	0546	Balmis (François-Xavier) - Balsarati (Jean-Guy) - Balthasar  - Balthasar (Théodore)
534	0547	Balz (Jacques-Frédéric) - Bamberger (Jean) - Bamford (Jacques) - Banau (Jean-Baptiste) - Banc (Jean) - Bancroft (Edouard)
535	0548	Bancroft (Edouard) - Bandini (Barthole) - Banister (Jean)
536	0549	Banister (Jean) - Banister (Richard)
537	0550	Banister (Richard) - Banks (Joseph)
538	0551	Banner (Jacques) - Banov (Jean) - Banyer (Henri) - Banzer (Marc) - Bapst de Rochlitz (Michel)
539	0552	Bapst de Rochlitz (Michel) - Baptiste (Jean) - Baptiste (Pierre) - Barailon (Jean-François) - Baravali (Christophe) - Barba (Alvarez-Alphonse)
540	0553	Barba (Alvarez-Alphonse) - Barba (Pierre) - Barba (Pompée Della) - Barba (Antoine)
541	0554	Barbaro (Ermolao)
542	0555	Barbaro (Ermolao)
543	0556	Barbaro (Ermolao) - Barbato (Jérôme) - Barbault (Antoine-François)
544	0557	Barbault (Antoine-François) - Barberet (Denis)
545	0558	Barberi (Jean) - Barberi (Jean-Antoine) - Barberio (Fabio) - Barberio (Louis-Marie) - Barbette (Paul)
546	0559	Barbette (Paul)
547	0560	Barbette (Paul) - Barbeu Du Bourg (Jacques)
548	0561	Barbeu Du Bourg (Jacques)
549	0562	Barbeu Du Bourg (Jacques)
550	0563	Barbeu Du Bourg (Jacques)
551	0564	Barbeu Du Bourg (Jacques) - Barbeyrac (Charles)
552	0565	Barbeyrac (Charles) - Barbiellini (Camille)
553	0566	Barbiellini (Camille) - Barbier (André) - Barbier (Jean) - Barbier (Joseph-Athanase)
554	0567	Barbier (Joseph-Athanase) - Barbovius (Marc-Antoine) - Barbuot (Jean)
555	0568	Barbuot (Jean) - Barca (Pierre) - Barchusen (Jean-Conrad) 
556	0569	Barchusen (Jean-Conrad)  - Bardi (Jérôme)
557	0570	Bardi (Jérôme) - Baric (Arnaud) - Baricelli (Jules-César) - Barilius (Jean) - Baring (Daniel-Eberhard)
558	0571	Baring (Daniel-Eberhard) - Barisani (Joseph) - Barisani (Sigismond) - Barisano (François-Dominique) - Barland (Hubert)
559	0572	Barland (Hubert) - Barles (Louis) - Barlet (Annibal) - Barnaud (Nicolas)
560	0573	Barnaud (Nicolas)
561	0574	Barnaud (Nicolas) - Barner (Jacques) - Barnstorf (Bernard)
562	0575	Barnstorf (Bernard) - Barnstorf (Eberhard) - Baroccio (Alphonse)
563	0576	Baroccio (Alphonse) - Baron (Alexandre)
564	0577	Baron (Alexandre) - Baron (Hyacinthe-Theodore) - Baron (Hyacinthe-Théodore)
565	0578	Baron (Hyacinthe-Théodore) - Baron d'Hénouville (Théodore)
566	0579	Baron d'Hénouville (Théodore) - Baronio (Théodore) - Baronio (Vincent) - Barra (Pierre)
567	0580	Barra (Pierre) - Barralis (Barthélémi) - Barreira (François-Isidore) - Barrelier (Jacques)
568	0581	Barrelier (Jacques) - Barrère (Pierre)
569	0582	Barrère (Pierre) - Barrios (Jean De) - Barrong (Philippe)
570	0583	Barros ( Pierre de) - Barrow (Jean) - Barrossa (Diego) - Barrowby (Guillaume)
571	0584	Barrowby (Guillaume) - Barry (Edouard) - Barteldes (Frédéric-Conrad)
572	0585	Barteldes (Frédéric-Conrad) - Bartels (Ernest-Daniel-Auguste) - Barth (Chrétien-Gotthelf) - Barth (Jérémie) - Barth (Joseph)
573	0586	Barth (Joseph) - Barth (Michel) - Barthélemi - Bartlet (Jean) - Barthez (Paul-Joseph)
574	0587	Barthez (Paul-Joseph)
575	0588	Barthez (Paul-Joseph)
576	0589	Barthez (Paul-Joseph)
577	0590	Barthez (Paul-Joseph)
578	0591	Barthez (Paul-Joseph)
579	0592	Barthez (Paul-Joseph)
580	0593	Barthez (Paul-Joseph)
581	0594	Barthez (Paul-Joseph)
582	0595	Barthez (Paul-Joseph)
583	0596	Barthez (Paul-Joseph)
584	0597	Barthez (Paul-Joseph)
585	0598	Barthez (Paul-Joseph)
586	0599	Barthez (Paul-Joseph)
587	0600	Barthez (Paul-Joseph)
588	0601	Barthez (Paul-Joseph)
589	0602	Barthez (Paul-Joseph) - Barthold (George-Théodore) - Bartholin (Erasme)
590	0603	Bartholin (Erasme) - Bartholin (Gaspard)
591	0604	Bartholin (Gaspard)
592	0605	Bartholin (Gaspard)
593	0606	Bartholin (Gaspard) - Bartholin (Thomas)
594	0607	Bartholin (Thomas)
595	0608	Bartholin (Thomas)
596	0609	Bartholin (Thomas)
597	0610	Bartholin (Thomas)
598	0611	Bartholin (Thomas)
599	0612	Bartholin (Thomas)
600	0613	Bartholin (Thomas)
601	0614	Bartholin (Thomas)
602	0615	Bartholin (Thomas)
603	0616	Bartholin (Thomas)
604	0617	Bartholin (Thomas) - Bartinelli (Maurice)
605	0618	Bartinelli (Maurice) - Bartisch (Georges) - Bartoli (Caietan) - Bartoli (Daniel)
606	0619	Bartoli (Daniel) - Bartoli (Sébastien)
607	0620	Bartoloni (Pierre-Dominique) - Bartolucci (Jean-Baptiste) - Barton (Benjamin-Smith)
608	0621	Barton (Benjamin-Smith) - Bartram (Guillaume) - Bartram (Jean)
