page	refimg	chapitre
[sans numérotation]	0001	[Page de faux -titre] 
[sans numérotation]	0002	[Souscription]
[sans numérotation]	0003	[Page de titre]
[sans numérotation]	0004	Introduction
1	0005	Dictionnaitre universel de matière médicale et de thérapeutique générale / Caa
2	0006	Caa / Caama / Caarina / Caat amunak / Caat attie poo / Caat jutie / Caat karnay kalung / Caat kolingie / Caat Mallica vayr /  Caat Morungie vayr / Caat Siragum / Cabaleau / Caballation / Caballerote / Caballine aloes / Caballus / Cabaret / Cabasse / Cabay / Cabbage-bark / Cabellaria / Cabeca de montacique / Cabeço de vide / Cabeliau
3	0007	Cabellos de Tomillho / Cabessa/ Cabiai / Cabilleau / Caboche / Cabonigros / Caboo / Caborgne / Cabosse / Cabot / Cabotz / Cabouill / Cabra-montes / Cabre / Cabri / Cabridos / Cabrilla / Cabro / Cabronzillo-montes / Cabugao / Cabuja / Cabureiba / Cabus / Cabuwo / Caca Henriette / Cacabus / Cacahuata / Cacainum / Cacalaca / Cacalia
4	0008	Cacalia / Cacalianthenum / Cacaloa / Cacamotie tlanaquiloni / Cacao / Cacapuzza / Cacara / Cacatali / Cacavate / Cacavi / Caceras
5	0009	Caceras / Cachalot / Cachang-parang / Cachelouai / Cacherée / Cachi / Cachibou / Cachiman / Cachiri / Cachlex / Cachondé / Cachore / Cachos /  Cachrys / Caciatrice
6	0010	Cacotribulus / Cactées
7	0011	Cactées
8	0012	Cactées / Cacubalou / Cad / Cada-pilava / Cadaba / Cadagua-pala / Cadapum-vayr / Cadare / Cadavalli / Cade / Cadeac / Cadeji-indi / Cadel-avenacu / Cadeli-poea / Cadenelles / Cadia / Cadiac / Cadinen / Cadjan / Cadjuct
9	0013	Cadmia botrytes / Cadmie / Cadmium
10	0014	Cadmium / Cadoo / Cadoques / Cadran / Caecilia / Caela / Caen / Caeruleum berolinense seu borussicum / Caeruleum montanum / Caesalpinia / Cafal / Café
11	0015	Café / Cafour / Cagan / Cagarelle / Cagascas / Caggow / Cagosang / Cagua de la vibora / Caha / Cahade / Cahimitier / Cahouane / Cahua / Cahuchu / Caiatia / Caieput (huile de) / Caigua
12	0016	Cailcedra / Caille / Caillé / Caillebot / Caillelait / Cailletot / Cailleu-tassart / Cailli / Caillou / Caimitier / Cainana / Caioupouti (Huile de) / Caious / Caipa-schora / Caire / Cairin / Cairteal / Caiton / Cajan
13	0017	Cajan / Cajaput olie / Cajeput (Huile de) / Cajous / Caju-bessi / Caju-boba / Caju-cautekka / Caju-cuda / Caju-iati / Caju-jawa / Caju-maria / Caju-matta-buta / Caju-moni / Caju-sussu / Caju-ular / Cajuput oil / Cakay / Cakenan / Cakile / Cal / Cala / Calab / Calaba / Calabaza / Calac
14	0018	Caladium / Calat / Calafur / Calageri / Calagnone / Calaguala
15	0019	Calaguala
16	0020	Calaguala / Calahorra / Calahuala / Calai-tcheri / Calak / Calamandrina / Calambac / Calambe / Calambour / Calament / Calamine / Calamintha arvensis / Calamita rhasis / Calamite / Calamites / Calamo aromatico / Calamus
17	0021	Calamus
18	0022	Calamus
19	0023	Calamus / Calandra / Calandre / Calangari / Calao / Calapito / Calappa / Calappalaut / Calappite / Calatayud / Calavezza / Calaycagay / Calcaire / Calcanthum / Calcareus lactiformes / Calcaria
20	0024	Calcaria / Calcatrepola / Calcatrippa / Calce / Calcédoine / Calceolaria / Calcifraga / Calcinatum / Calcitis / Calcitrapa / Calcium
21	0025	Calcium
22	0026	Calcium
23	0027	Calcium
24	0028	Calcium
25	0029	Calcium
26	0030	Calcium
27	0031	Calcium
28	0032	Calcium
29	0033	Calcium / Calculifrages / Caldana / Caldar / Caldas
30	0034	Caldas / Caldellas de renduse / Calderiae italicae / Caldes de reyes / Caldiero
31	0035	Caldiero / Caldos de marbella / Calea lobata / Calebasse / Caleekee / Calefacientia / Calembera / Calendre / Calendula
32	0036	Calendula / Calenturas / Calesani / Calfes-snowte
33	0037	Cali / Calices vomitorii / Calichiri / Calidris / Caligni / Calla / Callaluh / Callarias / Calleirion / Callesis / Callibios / Callicarpa / Callidunion / Calligonum
34	0038	Calligonum / Callimus / Callion / Callipetalon / Calliphyllum / Callitriche / Callitrichon / Callyonimus / Calmans / Calmolea / Calmus / Calochortus / Calombo / Calomel
35	0039	Calomel / Calonia / Calophyllum
36	0040	Calophyllum / Calorique / Calosoma / Caltha
37	0041	Caltha / Calucu / Calumba / Calumbuk / Calundronius / Calungen / Calurana / Caluwell / Calviva / Calx / Caly / Calyptranthes
38	0042	Calyptranthes / Calysaya / Cam / Camac / Camacari / Camachie pilloo / Camadjara / Camalanga
39	0043	Camalanga / Camamilla / Camanbaya / Camandag / Camanioc / Camanu / Camara / Camarès
40	0044	Camarès / Camarigne / Camarilla / Camaroch / Camaru / Camaruma / Camatchili / Camayan / Camaza / Cambadao (Santa) / Cambaiba / Cambang-Cuning / Cambare / Cambare maron / Cambé / Cambery / Cambo
41	0045	Cambo / Cambogia / Cambon / Cambones / Cambou / Cambouis
42	0046	Cambouis / Cambui / Camchain / Cameaa / Cameactis / Camedrio / Cameelblom / Cameeling / Camehuia / Camel / Camelée / Caméléon / Cameline / Camellia / Camelo / Camelopardalis
43	0047	Camelopardalis / Camelstro / Camelus / Camepiteos / Cameraria / Camerisier / Camfora / Camha / Camifitius / Camil blommor / Camiri
44	0048	Camuim / Camly / Cammaron / Cammetti / Cammock / Cammon / Camolshay / Camomele / Camomen / Camomilla / Camomilli de picardie / Camosiers / Camotes / Campagne / Campainhas 
45	0049	Campana / Campanettas / Campanula / Camparole / Campêche / Campechium / Camphor / Camphorosma
46	0050	Camphorosma / Camphre
47	0051	Camphre
48	0052	Camphre
49	0053	Camphre
50	0054	Camphre
51	0055	Camphre
52	0056	Camphre
53	0057	Camphre
54	0058	Camphre
55	0059	Camphre
56	0060	Camplong / Campomanesia / Campouy / Campsurus / Camsia / Camula / Camum / Camurien / Camus / Can-xu / Cana / Cana fistola / Cana de la vivora / Canab / Canabel / Canaberge / Canabraz / Canada / Canada fleabane / Canada snake root / Canaden sischer balsam / Canadian maidenhair / Canadischer thee / Canalotto
57	0061	Canamelle / Canamo / Canang / Cananga / Canapacia / Canape / Canapuccia / Canard / Canari-laut / Canari-macaque / Canaria / Canarina / Canarium
58	0062	Canarium / Canary-gras / Canas de senhorim / Canatte-couroundou / Canavali / Canavarès / Cancamom / Cancanon / Cancavi / Cancellus / Cancer
59	0063	Cancer
60	0064	Cancer
61	0065	Cancer
62	0066	Cancer
63	0067	Cancer / Cancha-lagua / Canche / Canchica / Canchorie vayr / Cancong / Cancre / Cancrelas / Cancrorum calculi / Candalu / Candé / Candelae / Candelaria / Candelbery / Candelette / Candi / Candischer majoran / Candolay
64	0068	Candolay / Candua / Cane / Caneba / Canebas / Caneel / Caneficier / Caneficier sauvage / Canela de ema / Canela do mato / Canella
65	0069	Canella / Canella del coromandel / Canelle
66	0070	Canelle/ Canelo / Canepin / Canet / Canfor / Cangfou / Cancululu / Canhamo / Canhayawl / Canica / Caninana / Caninchenschmalz / Caninero / Caniram / Canis
67	0071	Canis
68	0072	Canis / Canker-rose / Canna / Cannabis
69	0073	Cannabis
70	0074	Cannabis / Cannat / Canne congo / Canne à sucre / Canne de provence / Canne de vipère / Cannellae melabariae cortex / Cannelle / Cannées / Canni / Canniherba / Cannucia / Canokersaia / Canopicon / Canopum / Canota / Cansjava / Cantalou / Cantaperdris / Cantarella / Cantarelle / Cantaris / Cantharellus / Cantharidas
71	0075	Cantharis / Canthère / Catulagua / Cantnosa / Canto / Cantong / Cantuello / Canturinon / Canvum / Cao-leamkiam / Caobo / Caocia / Caopia / Caou / Caoulicaou / Caouroubali / Caoutchouc
72	0076	Caoutchouc
73	0077	Caoutchouc
74	0078	Caoutchouc / Cap
75	0079	Cap / Cap de bonne-espérance / Capa-tsjacca / Capalaga / Caparas / Caparrosa azul / Capas antu / Capaunenschmalz / Capbern/ Capelvenere / Capelet / Capellaci / Capellan / Capelle-del-fraissy / Capelle-en-vezie / Caper Bush / Caper Spurge / Capeuna / Capevi balsam / Caphopicrite
76	0080	Caphopicrite / Caphur / Capi-catinga / Capia / Capibara / Capie-cottay / Capigouera / Capiipuba / Capillaire / Capillus veneris / Capitiluve / Capito / Capivi (Baume de) / Capiygoua / Capliza / Capnites / Capnos
77	0081	Capo / Capo-molago / Capolin / Capounas / Capour barros / Capoure couroundou / Cappa-corania / Capparidées / Capparis
78	0082	Capparis / Cappellazi / Cappero / Cappone / Capra
79	0083	Capra
80	0084	Capra / Capres / Capria / Capricerva / Capricorne / Caprifiguier / Caprifoliées
81	0085	Caprifoliées / Caprifolium / Caprinella / Capriola / Capriolo / Capriuola / Capsicine
82	0086	Capsicine
83	0087	Capsicine / Capucine / Capulaga / Capuli / Capulio de jeda / Capur engris / Capur kichlie / Capurn / Capus / Caput mortuum / Capvern / Caquenlit / Caquepire / Car / Cara / Cara caniram / Caraba / Carabaccium
84	0088	Carabaccium / Caraballa / Carabe / Carabi crepitantes / Carabin / Carabus / Caracal / Caracan / Caracaniram / Caraf / Caragan / Caragne
85	0089	Caragne / Caraguata / Carakaia / Carambolier / Carambu / Carameu / Caramel / Carana / Carandas / Carangua / Caranzia / Carapa
86	0090	Carapa /  Carapata / Carapatos / Carapopeba / Carapoucha / Caraque / Carara / Cararu / Carasca / Caratas
87	0091	Caratas / Carate / Caratia / Carauna / Carauza / Caravay / Caravoles / Caray cheddy / Carbasse / Carbé / Carbo / Carbon / Carbon humanum / Carbonaio / Carbonaria / Carbonas
88	0092	Carbonas / Carbone
89	0093	Carbone
90	0094	Carbone
91	0095	Carbone
92	0096	Carbone
93	0097	Carbone
94	0098	Carbone
95	0099	Carbone
96	0100	Carbone
97	0101	Carbone
98	0102	Carbone
99	0103	Carbone
100	0104	Carbone
101	0105	Carbone / Carboneux / Carbonca / Carboucle / Carbure / Carca
102	0106	Carcadet / Carcanière / Carcapuli / Carcharias / Carchofa / Carcinadae / Carcinethron / Carcinitron / Carcom / Cardamantica / Cardamindum / Cardamine / Cardamom
103	0107	Cardamom / Cardamon / Cardamum / Cardana / Cardao / Cardasse / Carde poirée / Cardel / Cardela / Cardelo / Cardenillo / Cardère / Carderina / Cardeto / Cardiaca / Cardiaques / Cardinale / Cardine / Cardiobotanon / Cardiospermom / Cardiospermum
104	0108	Cardiospermum / Cardium / Cardo corredor / Cardo di Maria / Cardo santo / Cardon / Cardonnette / Cardopatia / Cardouilles / Cardousses / Carduacées / Carduelis
105	0109	Carduus / Care-boeuf / Careillada / Carellona-condi / Careloe-vegon / Caremotti / Carendang
106	0110	Caret / Caretela / Caretti / Careum / Carex / Carezza / Carhumfet / Carhun-kammen / Cari-capusi / Caria / Caria poeti / Cariacou / Carica
107	0111	Carica / Carieiro / Carillon / Carim-curini / Carim-pana / Cariofilata / Cariotae / Cariques / Carissa
108	0112	Carive / Carlaò / Carled mint / Carlet / Carlina
109	0113	Carlo sancto / Carlsbad
110	0114	Carlsbad / Carmantine / Carmas / Carminatifs
111	0115	Carminatifs
112	0116	Carminatifs / Carmine / Carmon / Carmosinorm / Carnabadium / Carnassiers / Carnauba / Carnella / Carneolus / Carnillet / Carnub / Caro
113	0117	Caro / Caroba / Carobin / Carolina pink / Carolinae thermae / Caroline / Caroline thistle / Carolinea / Caron-couaca / Caroo koova elley / Caroo nochie / Caropi / Carota / Carotiques / Carotta / Carotte / Carottole / Carou-netchouli / Carouachi
114	0118	Carouachi / Caroube / Caroubou / Carouge / Caroula / Carpasum / Carpathischer Balsam / Carpathos / Carpatian Balsam / Carpe / Carpentaria / Carpesium / Carpheotum / Carphos / Carpigna / Carpio / Carpobalsamum / Carpocarduim / Carpoora / Carpoorum / Carpophyllum / Carpurum / Carra / Carralejus / Carrapateiro
115	0119	Carrasca / Carratraca / Carrelet / Carri / Carriabolum / Carrot / Cartamo / Carthamite / Carthamus 
116	0120	Carthamus
117	0121	Carthamus / Carthegon / Carthworm / Cartmel / Cartofle / Carton / Carua / Carum / Caruma / Carun chembai / Caruppa / Caruto / Carva
118	0122	Carvalhal / Carvé / Carvi / Carvifolia / Caryites / Caryocar / Caryocostin / Caryoo-Gaddées / Caryophyllata / Caryophyllées / Caryophylline
119	0123	Caryophylline / Caryophylloides / Caryophyllon / Caryophyllus
120	0124	Caryophyllus
121	0125	Caryophyllus
122	0126	Caryophyllus
123	0127	Caryophyllus / Caryopon / Caryopos / Caryota / Casa / Casa micciola / Casagne / Casalta / Casares / Casca
124	0128	Cascaes / Cascalitra / Cascall / Cascanoqui / Cascara / Cascariglia / Cascarille / Cascarra / Cascasch / Cascasch / Cascavelle / Caschon / Casciano (San)
125	0129	Casciano (San) / Casearia / Caséates / Casedel / Caséine / Caseus / Caséum
126	0130	Caséum / Cashew nut / Cashoo / Casia / Casia poetica / Casiar / Casmaga / Casminar / Casoar / Casouar / Casouri / Cassa cassa / Cassab el Darrib / Cassabou sebire / Cassamba / Cassave / Casse / Casse aromatique / Casse en bâtons / Casse en bois / Casse bosse / Casse du Brésil / Casse-Burgot
127	0131	Casse-Burgot / Casse géroflée / Casse de Java / Casse lunette / Casse odorante / Casse-pierre / Casse trompeuse / Cassel d'aqua / Cassenoix / Cassenoles / Cassia
128	0132	Cassia
129	0133	Cassia
130	0134	Cassia
131	0135	Cassia / Cassiala / Cassian / Cassida / Cassie / Cassier / Cassina / Cassine / Cassis / Cassita / Cassomba / Cassonade / Cassoombo / Cassoorwan / Cassumunar / Cassuta / Cassuvium
132	0136	Cassuvium / Cassuwaris / Cassyas / Cassytha / Casta / Castagne / Castagnioni / Castagno d'india / Castagnole / Castal / Castana de aqua
133	0137	Castanea
134	0138	Castanea / Castela / Castel-nuovo
135	0139	Castel-nuovo / Castellamare / Castelletto Adorno / Castelletto Mascagni
136	0140	Castelletto Mascagni / Castelnau / Castera verdusan / Castera-vivent / Castiglione / Castilloa elastica / Castlead / Castoeri / Castor
137	0141	Castor
138	0142	Castor
139	0143	Castor
140	0144	Castor
141	0145	Castor / Castoreo / Castorie passapu / Castorine
142	0146	Castorine / Castracana / Castrangula / Castrum borboniense / Casturi / Casturie munjel / Casuarina / Casuarius / Casuel / Casus / Cat korundoo unnay / Cat mint / Catabalam / Catabates / Catachysis / Cataclysme / Catacomer / Cataf / Catafari / Catafusis
143	0147	Catagauna / Catagmatiques / Cataire / Cataleptique / Catalpa / Catambochio / Catanance / Catananche / Catangelos / Catapasme / Cataphracte Callichthe / Catapin / Cataplasmes
144	0148	Cataplasmes
145	0149	Cataplasmes / Catappa / Catapuce / Cataputia major / Cataputia minor / Cataria / Catasha / Catawba / Catch / Catchfly / Catchweed / Catechu / Catecomer / Catecu / Catelli-vegon / Catellus / Catesbaea spinosa
146	0150	Catevala / Catgamurgum nitura / Catha / Cathaetora / Catham / Catharticum lunare / Cathartine / Cathartiques / Cathartocarpus
147	0151	Cathartocarpus
148	0152	Cathartocarpus
149	0153	Cathartocarpus
150	0154	Cathartocarpus / Cathecomenion / Cathecu / Catherine / Catherinette / Cathérétiques / Catholique / Cathsum / Catiang / Catimbium / Catimuron / Catin / Catipping / Catjang-bali / Catminte / Cato / Catodon / Catorchites
151	0155	Catotériques / Catriconda / Catrighondao / Catsjil-kelengu / Catsse appel / Catta cacherée / Cattammom / Catte-coullou / Catti-catti / Cattilichery / Cattu-gasturi / Cattus / Catu-bala / Catulotiques / Caturus / Catus / Catzotl / Caucalia / Caucalis / Caucase
152	0156	Caucase / Cauchuc / Cauchum / Caucon / Cauda tremula / Caudiez
153	0157	Caudiez / Caul / Cauldrès / Caulodes / Caumon / Caunga / Caupenne / Cauquotrépo / Caure / Caussidos / Causticum / Caustique ammoniacal / Caustiques
154	0158	Caustiques
155	0159	Caustiques / Caut-yellendae / Cauta / Cautère actuel
156	0160	Cautère actuel
157	0161	Cautère actuel / Cautères
158	0162	Cautères
159	0163	Cautères / Cautérétiques / Cauterets
160	0164	Cauterets
161	0165	Cauterets
162	0166	Cauterets / Cautich / Cautschoa / Cava / Cavalam / Cavalla / Cavalle equa / Cavallinha / Cavanillea / Cavatie / Cavatum pillu / Cavequi / Caveron / Cavia
163	0167	Cavia / Caviaire / Cavoli / Cavritta
164	0168	Cawerirky / Caxis / Cay
165	0169	Cay / Cayaunamata / Cayenne / Cayeu / Cayhuynhdan / Cayman / Cayolocka / Cazabi / Cazamaroucha / Cazou / Ceanothus
166	0170	Ceanothus / Ceaster-aesc / Ceba / Cebada / Cébadille / Cebar / Cebatha / Cebipira / Cebola / Cebola albarra / Ceboletta / Cebolinha / Cebolla / Cebollino / Cebula / Ceci / Cecropia / Cedar-tree / Cederelate / Cednon / Cedrat / Cèdre
167	0171	Cèdre
168	0172	Cedrela / Cédroéléon / Cedronella / Cedros / Cedrostis / Cedrus bacciferus / Cefala Diana
169	0173	Cefala Diana / Cefalio / Ceguda / Ceida / Ceinture / Ceirch / Ceixupeira / Celandine / Celastrus / Celauritis / Celb / Céleri / Célerin
170	0174	Celery-leaved / Celi / Celia / Celidonia / Celine / Cellender / Celosia / Celtis / Celyn / Cembra / Cembul / Cemeleg / Cemerice bjla / Cemos / Cempoal-xochilt / Cenau / Cenchramus / Cenchrias / Cenchrio / Cenchrites / Cenchron / Cendre
171	0175	Cendre / Cenis (Mont) / Cenoira / Cenomyce / Cenotiques / Centaure minéral / Centaurea
172	0176	Centaurea
173	0177	Centaurea
174	0178	Centaurea / Centaurée / Centaurion / Centaurium / Centauroïdes / Centella / Centeno / Centeria / Centefolienrose / Centimorbia / Centinervia
175	0179	Centinode / Centipeda / Centogambo / Centone / Centonia / Centopea / Centory / Centrine / Centriscus / Centromyrini / Centronotus / Centropomus / Centulum / Centum capita / Centum cellis / Centurzye mnieysza / Cep / Cepa / Cepaea / Cephaelis
176	0180	Cephaelis / Céphalartiques
177	0181	Céphalartiques / Céphalopodes / Cephalus / Ceppatello / Ceps / Cepula / Cepurica / Cer / Cera / Céraïne / Cerambyx
178	0182	Cerambyx / Ceramium / Cerasa / Cerasbole / Cerascomion / Cérasine / Cerasiola / Cerasme / Cerasos / Céraste / Cerasus
179	0183	Cerasus
180	0184	Cerasus / Ceratia / Ceratitis / Ceratonia
181	0185	Ceratonia / Cerathophylax / Ceratopteris / Cérats
182	0186	Cérats / Ceraunia / Cerauno chryson diaphoreticum / Cerbera
183	0187	Cerbera / Cerbère / Cerbeza / Cercedula / Cerceli / Cercera / Cerceraphron / Cercifis / Cerdbezie / Céréales / Cerefolho / Cereiba / Ceréibuna / Cerejeira / Cerelaeum / Cereoli / Cérérium / Cerese / Ceretta / Cerevisia / Cereza / Cerezo / Cerf / Cerfeuil / Cerfoglio / Cerful / Ceria-cupsia
184	0188	Cérine / Cerinta / Cerinthe / Cerion / Ceris / Cerise / Cerisier / Cerisy / Cerito / Cérites
185	0189	Cérites / Cerium / Cerma-sanikla / Cermolo / Cerna cemerice / Cernay / Cerneaux / Cernières / Cernin (Saint) / Cernohlawek / Cernua / Cerny-koren / Cerocoma viridis / Ceropegia / Céroxyline
186	0190	Ceroxylone / Cerqua / Cerraja / Cerrena / Cerretta / Cerro / Cerua / Cerumen / Céruse / Cerusse / Cervaria / Cervelle
187	0191	Cervelle / Cerviocellum / Cervspina / Cervogia / Cervoise / Cervus
188	0192	Cervus
189	0193	Cervus
190	0194	Cervus
191	0195	Cervus / Cervus volans / Cerwene santalowe drewo / Ceryle / Ceseron / Cesnek / Cessei / Cesteon / Cestrum
192	0196	Cestrum / Cétacés / Cetaceum / Cetarak / Ceterach
193	0197	Ceterach / Cete / Ceti / Cétine / Cétique / Cetracca / Cetraria islandica / Cetrivolo / Cetros / Cetus / Cevada / Cévadille / Cévadique / Ceynas / Ceyx / Cezé / Cezeriat / Cha / Cha-ouaw / Cha-puaw
194	0198	Cha-puaw / Chaa / Chaabe / Chabasi / Chabazizi / Chabhatsaleth / Chabhatseleth / Chabok / Chabot / Chabre / Chacan-guarica / Chacani / Chacarilla / Chacas / Chachaul / Chachii / Chacril / Chada / Chade / Chadec / Chadsura / Chaelle / Chaerophyllum
195	0199	Chaerophyllum / Chaetodon / Chagas da minda / Chagaret / Chaiar lander / Chailassu / Chailletia / Chair / Ceaja / Chakal
196	0200	Chakoe / Chala / Chalaeh / Chalastiques / Chalbane / Chalcanthemon / Chalcanthum / Chalcas / Chalcédoine / Chalcetum / Chalcide / Chalcite / Chalcos / Chale / Chaleur
197	0201	Chaleur / Chalier / Chaligny / Chalindrey / Chall / Chalotte / Chalou / Chalusset / Chalybs / Cham-chan / Cham-nho la / Chamaeacte / Chamaebalanus / Chamaebatos / Chamaecerasus / Chamaecissus / Chamaeclema / Chamaecyparissus
198	0202	Chamaedaphne / Chamaedrys / Chamaeelagnus / Chamaegeiron / Chamaelea / Chamaeleo / Chamaeleon / Chamaeleuce / Chamaemelum-foetidum / Chamaemorus / Chamaemyrsine / Chamaenerion / Chamaepeuce / Chamaepitys / Chamaeplion / Chamaerhodendron / Chamaerops
199	0203	Chamaerops / Chamaerum / Chamaesyce / Chamaindoo poo / Chamaizelon / Chamamille / Chamar / Chamaraz / Chambon / Chambreule / Chambrie / Chameau / Chameleuce / Chamepite / Chameret / Chamka / Chamobyoreta / Chamois / Chamomilla nostras / Chamor / Champac / Champagne / Champignons
200	0204	Champignons
201	0205	Champignons
202	0206	Champignons
203	0207	Champignons
204	0208	Champignons
205	0209	Champignons / Champin / Champses / Chamys / Chan / Chan idhan / Chancelague / Chanch / Chanchalagua / Chanchan / Chandana / Chandanum / Chandel / Chandiroba / Chaneac
206	0210	Chaneac / Chang-chu / Chang-ko-tse-chu / Changia / Chaniat / Chanke / Chanki / Chanlendjan agarbi / Channe / Chanonnat / Chansier / Chantejal / Chanterelle / Chantesac / Chantrigné / Chanvenon / Chap-des-Beaufort / Chaparro / Chapeau d'évêque / Chapelière / Chapelle
207	0211	Chapelle / Chapon / Chappach / Chaqaqel / Chaquene / Chara
208	0212	Chara / Chara-modon / Charabe / Charagne / Charamei / Charançon / Charantia / Charath / Charayum / Charba / Charbe cha sued / Charbon / Charbonnier / Charbonnière
209	0213	Charbonnière / Charbosa / Charbusak / Charcedonius lapis / Charchus / Charchyr / Charcoal / Chardal / Charderaulat / Chardon / Chardonneret / Chardousse / Chare / Chare-alhayn / Charfi / Charfueil / Charica-elbahr / Charja-bess / Charlock / Charlottenbrunn
210	0214	Charlottenburg / Charme noir / Charmens / Charmughz / Charneca / Charoul / Charouts / Charrée / Charsjuf / Chartam / Chartres / Charua / Charub / Charueca / Charumfel / Chas / Chasab / Chascanon / Chascha / Chases / Chasi-athaleb / Chasida / Chasim / Chass / Chasse-bosse / Chasse-diable / Chast / Chaste tree / Chat / Chatagne / Chataigne
211	0215	Chataigne / Chatchuur / Chate / Château
212	0216	Chateau / Chateauneuf / Chateldon
213	0217	Chateldon / Chatelguyon / Chatenois / Chatillon / Chatini
214	0218	Chatsir / Chatyng / Chau / Chaube / Chauch / Chaudebourg / Chaudefont / Chaudes-Aigues
215	0219	Chaudes-Aigues
216	0220	Chaudes-eaux / Chaularya / Chaulieu / Chaumont / Chausse-trape / Chauve-souris / Chaux / Chavancelle / Chavarita / Chavès / Chawl / Chaya / Chaylie ka dud / Chayote / Chayr / Chazir / Ché-d'eau / Che-tching / Che-tsien-tsao / Ché xé
217	0221	Ché yu / Cheb el leyl / Cheed / Chébès / Cheet / Chebule / Chêcar / Chedek / Cheeank / Cheese-rennef / Chef (Saint) / Chefe-allimer / Cheiline / Cheir / Cheiranthus / Cheiri / Cheken / Chelae cancrorum / Chelapa / Chélbénah / Chélebh / Chélidoine / Chelidonium
218	0222	Chelidonium
219	0223	Chelidonium
220	0224	Chelidonium
221	0225	Chelidonium / Chelimontoma / Chelioc / Chéloniens / Chelonion / Chelonite / Cheltenham
222	0226	Cheltenham / Chémar / Chemillé / Chemis / Chemmam / Chen / Chenai / Chenalopeces / Chenard / Chenay / Chendana / Chendanum / Chêne
223	0227	Chêne / Chenerotes de Pline / Chenette / Cheneuse / Chenevé / Chenevotte / Chengo-verag / Cheni / Chenilles / Chenna / Chenné / Cheno / Cheno / Chenoboscon / Chenocoprus / Chenopodium
224	0228	Chenopodium
225	0229	Chenopodium
226	0230	Chenopodium / Chénopdées / Chenopus / Cheppoo neringie / Cheppu tataku / Cher / Cheraken / Cheramela / Cherbachem / Cherbas / Cherbourg / Chérem / Cheren / Chererdramon / Cherimolia / Cheris / Cherman / Chermasel / Chermes / Cherry / Chersaea / Chersydre
227	0231	Chersydre / Cherva / Chervi / Chervil / Chervillum / Cherweni-swoncer / Chesbug / Chésébh / Chéseph / Chesnut-trée / Chessieux / Chete alhamar / Chetum / Cheu-kus / Cheudeline / Cheudsur / Cheunce / Cheval / Chevalon / Chevalet / Chevalier ponctué / Chevalon / Cheveline / Cheveux / Chèvre / Chevrefeuille / Chevrelle / Chevrette / Chevreuil
228	0232	Chevrotain / Cheyben / Cheylard / Chez / Chi / Chiachas / Chiagari / Chiai-catai / Chianciano / Chiarella / Chiatio / Chibou / Chibur / Chica / Chicallotl / Chicharraz / Chichm
229	0233	Chickweed / Chicla / Chiclana de la frontera / Chicon / Chicongo / Chicoracées / Chicorée
230	0234	Chicot / Chicotin / Chicourgeh / Chien / Chiendent
231	0235	Chiendent / Chierssy / Chigomier / Chilanaca / Chilca / Chiler / Chiliophyllon / Chilkpeas / Chilli
232	0236	Chimaera / Chimaphila / Chimchem / Chimère / Chimie médicale
233	0237	Chimie médicale / Chimonicha / Chin / Chin-amam patchey arisée / Chin-hiam / China / Chinabark / Chinakarum / Chinarinde / Chinarod / Chinars / Chinawurzel / Chincapin / Chinchi / Chine
234	0238	Chinet / Chinin / Chininga / Chinioidine / Chinlen / Chinnorhodon / Chinois / Chinones / Chinquies / Chinta punddo / Chintach / Chiococca
235	0239	Chiococca
236	0240	Chiococca / Chioda / Chiodecton / Chiozzo / Chique / Chiquea / Chir / Chiradan / Chiradoletron / Chirayita / Chirchiajo / Chiococca / Chirivia / Chironia
237	0241	Chironia
238	0242	Chironia / Chironium / Chisecco / Chisia / Chissiphuinac / Chit-se / Chitan / Chitica / Chitram / Chivafou / Chivef / Chloranthus / Chlorate
239	0243	Chlorate / Chlore
240	0244	Chlore
241	0245	Chlore
242	0246	Chlore
243	0247	Chlore
244	0248	Chlore
245	0249	Chlore
246	0250	Chlore
247	0251	Chlore
248	0252	Chlore
249	0253	Chlore
250	0254	Chlore
251	0255	Chlore
252	0256	Chlore
253	0257	Chlore
254	0258	Chlore
255	0259	Chlore
256	0260	Chlore
257	0261	Chlore
258	0262	Chlore
259	0263	Chlore
260	0264	Chlore
261	0265	Chlore
262	0266	Chlore
263	0267	Chlore
264	0268	Chlore / Chlorine / Chloris / Chlorophylle
265	0269	Chlorophylle / Chlorosaura / Chloroxylon dupada / Chlorum / Chlorure
266	0270	Chlorure / Chlovolouch / Chmel / Chmeljk / Chmiel / Cho-o / Choa / Choaune / Chob / Chob chinie / Chobbeize / Choch / Chocha / Chochina / Chocho / Chocolat / Chofool / Choin / Choina / Cholagogues
267	0271	Cholagogues
268	0272	Cholagogues / Cholestérine / Cholodok / Cholsa / Chom / Chomeitah / Chomet / Chomets / Chon-ambasa / Chondrilla / Chondrus 
269	0273	Chong / Chonidetros / Chonin-artchan / Chonta / Choompaco / Choopada / Chopera / Chopine / Chopo / Choranches / Chorba / Chordones / Chorn / Chorodamon / Chorraesch / Chortinon / Chosteret / Chou / Chouan / Chouchoué / Choucourou / Chouette / Choupo
270	0274	Chourles / Chozeia / Chren / Chrishorn / Christ (Saint) / Christe marine / Christmas-flower / Christokn / Christophe (St.-) / Christophoriane / Christos / Christwurzel / Chritari / Chrithenom / Chrome
271	0275	Chrome / Chromis / Chromites / Chromule / Chryphiospermum repens / Chrysaetos / Chrysanthemum
272	0276	Chrysanthemum / Chrysatticum / Chrysis / Chrysitis / Chrysitis spodos / Chrysobalanos / Chrysobalanus
273	0277	Chrysobalanus / Chrysoberylli / Chrysocalis / Chrysocarpos / Chrysocolle / Chrysocoma sericea / Chrysolapis / Chrysolithe / Chrysomela / Chrysomelon / Chrysomitres / Chrysophyllum
274	0278	Chrysophyllum / Chrysoprase d'Orient / Chrysosplenium / Chrysulea / Chrzan / Chu
275	0279	Chua miba chia / Chub chiny / Chuchu / Chuguette / Chukrika / Chulan / Chuldry / Chullot / Chumar / Chumbo / Chunda / Chunden / Chundra mula / Chungar / Chunna / Chunschut / Chuoi / Chupiri / Chupo-chupo / Chuquiraga / Churleau / Churtal / Chussa / Chutwu / Chuxtaid / Chuy-yin / Chweder / Chwostch / Chy-wa-ly-yu / Chyazate
276	0280	Chyazate / Chyazique / Chyline / Chynlen / Chypkefa / Chyrayta / Chyrouis / Chytlon / Ciano / Cibla / Ciboa / Ciboule / Cuboulette / Cibus saturni / Cicada
277	0281	Cicala / Cicatrisans / Cicca
278	0282	Cicca / Ciccara / Cicer
279	0283	Cicer / Cicera / Cicerbita / Cicerole / Cichorium
280	0284	Cichorium
281	0285	Cichorium / Cici / Cicindela / Cicinum oleum / Ciciolo / Cicogne / Cicuta
282	0286	Cicuta
283	0287	Cicuta / Cicutaria aquatica / Cicutin
284	0288	Cicutin / Cidra limonero / Cidre / Cedreira
285	0289	Cidromela / Ciécée-été / Cierge / Cieuco / Cifalu / Cigale / Cigarra / Cigogne / Cigongne / Ciguda / Cigue
286	0290	Cigue / Ciguenna / Cihuatotolin / Cillercoa / Cimex / Cimicifuga
287	0291	Cimicifuga / Cimiciottum / Cimolia / Cimonagero / Cina / Cinabre / Cinaedia / Cinaedus / Cinara / Cinchona
288	0292	Cinchona / Cinchonine
289	0293	Cinchonine / Cinclida / Cinco en rama / Cine
290	0294	Cineraria / Cinerula / Cingle / Cingularia / Cingulum sancti joannis / Cinis / Cinnabaris / Cinnamom / Cinnamomome
291	0295	Cinnamomome / Cinnamomum / Cinnana / Cinoiras / Cinq fragmens précieux / Cinq racinées / Cinqfoil leav'd grass / Cinquefoglio / Ciocoque / Cion / Ciota / Ciottolara / Cipa / Cipipa / Cipo des cobras / Cipo de carijo / Cipo de cunanam
292	0296	Cipo de cunanam / Cipolla / Cipolletta / Cipper / Cipres / Ciprier / Circaea / Circelle / Circuri / Circus / Cire
293	0297	Cire
294	0298	Cire
295	0299	Cire / Cirhuela / Ciori / Ciriboa / Ciriegio / Cirier / Cirigogna / Cirita / Cirka / Cirmètre / Cirrhis / Cirsion
296	0300	Cirsion / Cirsium / Ciruelo / Cis / Cisano / Cismé / Cisne / Cissampelos
297	0301	Cissampelos / Cissanthemon / Cissaron
298	0302	Cission / Cissus
299	0303	Cissus / Cistées / Cistré / Cistus / Cisyna / Cït amerdu / Citharus / Cito nelul / Citracca / Citrago / Citrangula / Citras / Citre / Citreolus / Citreum
300	0304	Citria / Citrinella / Citrinulus / Citrobalanus / Citroenboom / Citron / Citron-meliss / Citronenbaum / Citronkraut / Citronnade / Citronnelle / Citrontree / Citrouille / Citrullus / Citrum
301	0305	Citrum / Citrus
302	0306	Citrus
303	0307	Citrus
304	0308	Citrus
305	0309	Citrus
306	0310	Citrus
307	0311	Citrus
308	0312	Citrus
309	0313	Citrus / Citta / Cittara / Cittos / Cittra moolum / Citus / Civada / Cive / Civette
310	0314	Civette / Civillina / Civita vecchia / Cladonia rangiferina / Clairette / Clammy plantain / Clandestine / Clapalou / Clarisia / Claujot / Clavalier / Clavaria / Clave pink / Claveau
311	0315	Clavel peumario / Clavelade / Clavellinas / Clavennae / Clavière / Clavos de especia / Clavus secalinus s. siliginis / Claytonia / Clef de montre / Clema / Clematide / Clematis
312	0316	Clematis
313	0317	Clematis / Clematite / Clematitis / Cleome
314	0318	Cleome / Clermont-Ferrand / Clerodendrum / Clethra / Clette / Clèves / Clibadion / Climat
315	0319	Climat / Climia / Clin-clin / Clinchamps / Clinopodium / Clinotrochos / Clinus / Clitoria / Clochette des bois
316	0320	Clochette des bois / Clompan / Cloportes / Clor / Clossy / Clot-burr / Clou de girofle / Clou matrice ou mère / Clou para / Cloux / Club moss / Clupea
317	0321	Clupea
318	0322	Clupea
319	0323	Clupea
320	0324	Clupea / Clusia / Clusium / Clutia / Clymenum / Clypeola jonthlaspi / Clysma / Clyssus / Clystères / Clytia / Cnaphos
321	0325	Cnaretorn / Cnecion / Cneoron / Cneorum / Cnestran / Cnetis
322	0326	Cnetis / Cnicus / Cnide / Cnidium granum / Cniquier / Cnopodium / Co-bo-xit / Coa / Coaerico / Coag / Coagulans / Coagulum / Coanenepilli / Coata-Corunde / Coatti / Coave / Coaxihuiti
323	0327	Cobai / Cobalt / Cobban / Cobbs / Cobe / Cobebas / Cobitis / Cobolt / Cobra de capello / Cobre
324	0328	Cobre de cipo / Coca / Cocagne / Cocallera / Cocasse / Cocatti coztic / Coccalos / Cocchou / Coccigria / Coccimelia / Coccine / Coccinella / Coccinilla / Coccis / Cocco / Coccognidium / Coccoloba
325	0329	Coccoloba / Coccones / Cocconilea / Coccothraustes / Cocculus
326	0330	Cocculus
327	0331	Cocculus
328	0332	Cocculus
329	0333	Cocculus
330	0334	Cocculus
331	0335	Cocculus / Coccum gnidium / Coccus
332	0336	Coccus
333	0337	Coccus
334	0338	Coccus
335	0339	Coccus / Coccyx / Coche / Cochehuc / Cochène / Cocheniline
336	0340	Cochenilje / Cochenille du chêne vert / Cochevis / Cochineal insect / Cochinella / Cochizapotl / Cochl / Cochlea / Cochlearia
337	0341	Cochlearia
338	0342	Cochlearia
339	0343	Cochlearia / Cochleat / Cochleospermum / Cochlita / Cochon / Cochonnières / Cochou / Cochucho / Cock / Cockles / Coco / Cocomero / Cocon de soie / Cocos
340	0344	Cocos
341	0345	Cocos
342	0346	Cocos
343	0347	Cocos
344	0348	Cocotier / Cocotl / Cocoxuihitl / Cocquar / Coctana / Cocue / Cod / Coda di cavallo / Codaga-pala / Codagen / Codalian / Codarium / Codda-panna / Coddam-pulli / Codéate de morphine / Codeseru-paulado / Codi avanacu / Codia / Codiaeum / Codianum / Codocoypu / Codon / Codonero / Codornix / Coduvo / Codwarth / Coeg-bennog / Coentrilho / Coeur
345	0349	Coeur / Coffea
346	0350	Coffea
347	0351	Coffea
348	0352	Coffea
349	0353	Coffea
350	0354	Coffea
351	0355	Coffea
352	0356	Coffea
353	0357	Coffea / Coffol / Coffre / Cog / Coggigria / Cogollos / Cogombrillos
354	0358	Cocombro / Cocomelo / Cogul / Cohol / Cohombrillo amargo / Cohombro / Cohyne / Coiclinat / Coiffe / Coignassier / Coigner / Coilatapalus / Coing / Coirce / Coite / Coix / Cojo / Cok parsnip / Col / Cola / Colaphonia / Colasso / Colbertia
355	0359	Colbertia / Colcaquahuitl / Colchicacées / Colchico 
356	0360	Colchico
357	0361	Colchico
358	0362	Colchico
359	0363	Colchico
360	0364	Colchico
361	0365	Colchico
362	0366	Colchico / Colcothar / Coldenia
363	0367	Coldoni / Colemelle / Coléoptères / Colette-veetla / Coleus / Colfish / Coli / Coliander / Colias / Colibelle / Coligor / Colin / Coliniane / Colinil / Colisaura / Coliyat / Colje / Colla / Colladi / Collano / Collares / Colle chair
364	0368	Colle de poisson / Collet de Notre-Dame / Collétiques / Colliers / Colliguaja odorata / Collinsonia
365	0369	Collinsonia / Collioure / Collungie pullum / Collutoires / Collyres
366	0370	Collyres / Collyrion / Collyrium / Colmelle /  Colmenar viejo / Colobritgens / Colocase / Colocyntha / Colocynthine / Coloetia / Colomba / Colombettes
367	0371	Colombettes / Colombie / Colombine / Colombo / Colophane / Colophonia
368	0372	Colophonia / Coloquinte / Coloquintide / Coloqvinder / Color indicus / Colostis / Colostrum / Colpesce / Colsa / Coltsfoot / Coluber
369	0373	Coluber / Coluber aspis / Colubrina / Colubrine / Colubrinum lignum / Coluddlys / Columba
370	0374	Columba / Columbaris / Columbine / Columbo / Colunestrium / Coluppa / Colus Jovus
371	0375	Colutea / Coluvrine de Virginie / Colza / Coma / Comagène
372	0376	Comaka / Comakon / Comanda-cuira / Comangillas / Comarika / Comaron / Comaté / Comba / Combraud / Combretacées / Combretum / Comfrey / Cominham / Cominhos / Cominia / Comino / Cominyan / Comisdi / Commelina
373	0377	Commelina / Commelinées / Commia cochinchinensis / Commiphora madagascariensis / Commodu / Commolekka / Common
374	0378	Common
375	0379	Common / Commotions életriques / Comocladia / Comon / Compagnon blanc / Composé
376	0380	Composé / Composées / Compression
377	0381	Compression
378	0382	Compression / Comptonia / Comsaren / Conami / Conana / Conanam
379	0383	Conanthera bifolia / Conaque / Conassi / Conastello / Concha / Conchae / Conchela / Conches / Conchille / Conchis / Conchylium / Concilium / Concombre / Concon / Concrementa astaci fluviatilis / Concrétion / Condang / Condat
380	0384	Conde / Condé / Conder / Condimens
381	0385	Condimens / Condits / Conditura / Condondoug / Condori / Condrille / Condurdum / Conduri / Conéine / Coneion
382	0386	Conessi / Conessrinde / Confanons / Confections / Conferva
383	0387	Conferva / Confitero / Confitures / Confortatifs / Confusi / Conge / Congestengend eberwortel / Conglutinans
384	0388	Congona / Congonha / Congono / Congoxa / Congre commun / Coni / Conidis / Confières / Coniffel
385	0389	Coniin / Conila / Conisa / Conium
386	0390	Conium
387	0391	Conium
388	0392	Conium
389	0393	Conium
390	0394	Conium
391	0395	Conium
392	0396	Conium / Coniza mayor / Conjugala / Conna / Connana pili / Connarus / Connaubaril / Connecticut
393	0397	Connecticut / Connikonni / Connils / Connina / Conochia / Conohoria / Conomon / Conradskraut / Conserves / Consiligo / Consire / Consolation / Consolida
394	0398	Consolida / Consolidans / Consomptifs / Consoude / Consuelda major / Contagium
395	0399	Contagium / Contentifs / Contia / Contra / Conira capetan / Conira couleuvra / Contractifs / Contrayerba / Contraierva / Contre-poisons
396	0400	Contre-poisons / Contre-stimulans
397	0401	Contre-stimulans / Contremoulins / Contrexeville
398	0402	Contrexeville / Contsjor / Conturnix / Contursi / Contusa bastarda / Convallaria
399	0403	Convallaria
400	0404	Convallaria / Convers / Convolvulacées / Convolvulus
401	0405	Convolvulus
402	0406	Convolvulus
403	0407	Convolvulus
404	0408	Convolvulus
405	0409	Convolvulus
406	0410	Convolvulus
407	0411	Convolvulus
408	0412	Convolvulus
409	0413	Convolvulus
410	0414	Convolvulus
411	0415	Convolvulus
412	0416	Convolvulus
413	0417	Convolvulus / Conyza
414	0418	Conyza / Conyze / Conzalvillo / Conzambac / Coodo / Cookia punctata / Cool tankards / Coolèet manées / Coondumunnie vayr / Cooniet / Cooruvingie vayr / Coorza / Cooyoo / Copahu / Copaia / Copaiba / Copaifera
415	0419	Copaifera
416	0420	Copaifera
417	0421	Copaifera
418	0422	Copaifera
419	0423	Copaifera
420	0424	Copaifera
421	0425	Copaifera / Copal
422	0426	Copal / Copalchi / Copaline / Copalli-quahuitl / Copalme / Copalon / Copalxocodi / Copataza / Copayer / Copei / Copertoivole / Cophar / Copher / Copi cotta / Copons / Copper / Copra
423	0427	Copre / Coprins / Copriola / Copro critique / Coprose / Cops / Copte / Coq / Coque du levant / Coquelicot / Coquelourde / Coqueluchon / Coquemelle / Coquemelio / Coquemollier / Coquer / Coqueret / Coquesigrue / Coquette / Coquillade / Coquillages / Coquille
424	0428	Coquille / Coquillo / Coquinko / Coquito / Cora-calunga / Coracan / Coracas / Caracias garrula / Coracinus fuscus major / Coracobo Ane / Corail / Corallachates / Corallatum / Corallina
425	0429	Corallina
426	0430	Corrallina / Coralline / Corallinum album libavii / Corallodendrum / Corallum / Corambé / Coratoe / Corax / Corazoncillo / Corbeau / Corbenedikl / Corbie / Corchoron / Corchorus
427	0431	Corchorus / Corcoita / Corcovada / Cordelière / Cordia
428	0432	Cordia / Cordiale / Cordiaux
429	0433	Cordiaux / Cordumeni / Cordylea / Core core / Corea / Coregone / Corelliana / Coremata / Corembloem / Coreopsis bidens / Corète / Corett / Corf
430	0434	Corgirenon / Corgne / Corgniola / Corgno / Corgnouls / Coriacesia / Coriander / Coriandre / Coriandrum
431	0435	Coriandrum / Corianon / Coriar / Coriaria
432	0436	Coriaria
433	0437	Coriaria / Corin / Corindon / Corindum / Corinne / Corinthen / Coris
434	0438	Coris / Corive / Cork tree / Corkboon / Cormé / Cormelle / Cormes / Cormier / Cormoran / Corn mint / Cornaline / Corne / Corneille / Cornella-la-Rivière / Cornes
435	0439	Cornes / Corniaou / Cornicabra / Cornichon / Cornier / Cornillet / Cornine / Corniolo / Corno del cervo / Cornoufle / Cornouille / Corntreon / Cornu alcis / Cornuelle / Cornuet / Cornuo / Cornus
436	0440	Cornus
437	0441	Cornus / Cornutia pyramidata / Corocoro / Corona / Corondé
438	0442	Coroneola / Coronilla
439	0443	Coronilla / Coronopus / Coroukai / Corozo / Corp / Corpoo / Corrago / Corraja / Correa alba / Correctifs
440	0444	Correctifs / Correanadi / Corrégone / Correguela / Corroborans / Corrodans / Corrosifs / Corrosolier / Corroyère / Corruda / Corse
441	0445	Corse / Corsena / Corsium loti / Cortegada / Cortex
442	0446	Cortex / Cortezon / Cortinaires / Corton / Cortusa / Coru / Coruscus / Corvisartia / Corvo
443	0447	Corvo / Corvorant / Corvus / Corydalis / Corylus
444	0448	Corylus / Corymbifères / Corypha
445	0449	Coryphaena / Cos / Cosalon / Cosaria / Cosatec / Coscoja / Cosielles / Cosmétiques
446	0450	Cosmétiques / Cosmibuena / Cossus
447	0451	Cossus / Costa / Costo / Costoreum / Costus
448	0452	Costus
449	0453	Costus
450	0454	Costus / Coszhi / Cot-toai-bo / Cota
451	0455	Cotalukivie / Cotane / Cotia / Cotignac / Cotinos / Cotinus / Cotnera-seguiar / Cotobia / Cotogna / Coton / Cotonaria / Cotonea / Cotonnier / Cottamillie / Cottana / Cottimbiry / Cottus / Cotula
452	0456	Cotum / Cotumbaru / Coturnix / Cotyledon/ Cotz / Cou de pendu / Couac / Couamelle / Coucarela / Coucarelo / Couchille / Coucou / Coucouliado / Coucoumelle / Coucounassoux / Coucouhen-masson / Coucourout / Couder
453	0457	Coudiou / Coudougnié / Coudoumbré / Coudre / Couemé / Couepia / Coughete / Coughioulo / Coucourde / Coucourlié saouvashé / Couguou / Couhage / Couhaye / Coui / Couis / Coulac / Coulanges / Coulard / Coulcas / Coulekin / Coulemelle / Coulemotte / Coulen / Couleuvre / Coulevrelle / Coulilaban / Coulin / Coulomb / Coulomba / Coulort
454	0458	Couloubrigné / Coulsé / Coulteria tinctoria / Couma / Coumarin / Coumarouna
455	0459	Coumarouna / Coumon / Couna conati / Coundou-mani / Coupaya / Coupe-faucille / Couperose / Cour mayor / Couradi / Courakai / Courats / Courbaril / Courcouçon / Courdé / Courejholo / Courge / Courgné / Couritis / Courlis / Courmayeur / Cournianou / Courondi / Couronne
456	0460	Couronne / Courou moelli / Couroualy / Courougobrou / Couroupita guianensis / Courpatas / Cours de Saint-Gervais / Courtine / Cousambi / Couscou / Couscouille / Cousin / Coussa / Coussémeth / Coussinet / Coussoouda / Coutances / Couton / Coutoubea
457	0461	Coutoubea / Couve / Couvrose / Coux / Covalam / Covarella / Cowage / Cowslips / Coyau / Coyolli / Coyotzin / Cozirihan / Crabe / Crabs eyes / Crachat de lune / Cracra / Cradeau / Craie / Cram des anglais / Cramaguet / Crambe
458	0462	Crambe / Crambrion / Cran / Crandanc / Crane humain / Craneia / Cranes bilt / Crancou / Craniolaria / Cranion / Cranquillier / Cransac
459	0463	Cransac
460	0464	Cransac / Cranson / Crapaud / Crapaudine / Crape / Crassula tetragona / Crassulacées / Crataeogonum / Crataegus
461	0465	Crataegus / Crataeva / Craumbu / Craute (La) / Craveggia
462	0466	Craveggia / Cravichon / Cravinha / Cravitta / Cravo palmario / Crawfish-eye / Crayon noir / Crayon rouge / Créac / Creeping panic gras / Creidion / Crémaillère / Crême / Cremeaux / Cremor lactis / Creneuse
463	0467	Crespanella / Crepinette / Creping wormwood / Crepis sibirica / Crepitus lupi / Crequier / Crescentia
464	0468	Crescione / Crespino / Crespolina / Cressabous / Cresson / Cresswort / Creta
465	0469	Crête marine /Crête de paon / Cretelle / Cretischer / Creutznach / Creuzot / Crève-chien / Crevettes / Criadillas de tierra / Cricon / Crinanthemum / Crinon / Crinum / Criquet domestique / Crispula / Cristal / Cristaria Betonicaefolia
466	0470	Cristau-d'Aidious (Saint-) / Cristaux / Criste marine / Crithmum / Crithmus / Croc de chien / Crocodilea / Crocodilion / Crocodilus
467	0471	Crocodilus / Crocomagma / Crocus
468	0472	Crocus
469	0473	Crocus
470	0474	Crocus
471	0475	Crocus / Croculer / Croiseau / Croisette / Croix de Saint-André / Croix de chevallier / Crommyon / Cronion / Cropiot / Cross wort / Crot-pescherot / Crotalaria / Crotalus
472	0476	Crotalus
473	0477	Crotalus / Croton
474	0478	Croton
475	0479	Croton
476	0480	Croton
477	0481	Croton
478	0482	Croton
479	0483	Croton
480	0484	Croton
481	0485	Croton
482	0486	Croton / Crotte / Croube / Croupatas / Crouzet / Crozophora tinctora / Crucifères
483	0487	Crucifères / Crumen / Crustacés
484	0488	Crux cervi / Cryptogames / Crystal minéral / Cristal de roche / Crystalli argenti / Crystallus / Crystane / Crystaux d'hioerne / Crystaux de lune / Crystaux de soude / Crystaux de tartre / Crystaux de vénus / Crytalion / Csicorgofa / Cu eo chum / Cua / Cuaderviz / Cuba / Cubab chinie / Cubalsant / Cubebas / Cubebe / Cubeber / Cubeth / Cubios / Cubsjubong / Cuc tang ô
485	0489	Cuci / Cuckow flower / Cuckow pint / Cucubalus / Cucullata / Cuculo indiano / Cuculus / Cucumello / Cucumis
486	0490	Cucumis
487	0491	Cucumis
488	0492	Cucumis
489	0493	Cucumis
490	0494	Cucumis
491	0495	Cucumis / Cucuphes / Cucupu Cuacu / Cucurbita
492	0496	Cucurbita
493	0497	Cucurbita
494	0498	Cucurbita
495	0499	Cucurbita / Cucuron / Cucurucu / Cudalay poolippoo neer / Cuddy / Cudon / Cudowa / Cudu-puriti / Cuerno di ciervo / Cuernyas
496	0500	Cuernier / Cuerto / Cuervo / Cuesco de lobo / Cugan / Cugniada / Cuhuraquam / Cuillerée / Cuipouna / Cuiranis / Cuisses de Grenouilles / Cuivre
497	0501	Cuivre
498	0502	Cuivre
499	0503	Cuivre
500	0504	Cuivre
501	0505	Cuivre
502	0506	Cuivre
503	0507	Cuivre
504	0508	Cuivre
505	0509	Cuivre
506	0510	Cuivre
507	0511	Cuivre
508	0512	Cuivre
509	0513	Cuivre
510	0514	Cuivre
511	0515	Cuivre
512	0516	Cuivre
513	0517	Cuivre
514	0518	Cuivre
515	0519	Cuivre / Cujavus domestica / Cujete / Cukiea / Cukior olowiany / Cukr / Cul d'ane / Culaka / Culcas / Culebrilla / Culen / Culex
516	0520	Culex / Culi-han / Culilaban / Culilaboo / Culit-api / Cull / Cullé / Cullen / Culotte de Suisse / Culte fish bon / Cultivated pinetree / Cuman / Cumana / Cumanda / Cumavi / Cumbang-sore / Cumbi pisin / Cumen / Cumin / Cuminho / Cumino / Cuminoides / Cuminum
517	0521	Cuminum / Cuminum pratense / Cumuna / Cunane / Cuncumbre / Cundunghatrie vayr / Cunère / Cunhet / Cunicella / Cuniculus / Cunila
518	0522	Cunilago / Cunja koray / Cuniur / Cup / Cupani / Cupania americana / Cuphea / Cupidone / Cupressus
519	0523	Cupressus / Cuprum
520	0524	Cuprum / Cura
521	0525	Cura / Curage / Curaija / Curanga / Curare
522	0526	Curare / Curat / Curatella cambaiba / Curcas / Curculigo / Curculio
523	0527	Curculio
524	0528	Curculio / Curcum
525	0529	Curcum
526	0530	Curcum
527	0531	Curcuma / Curcumine / Curedent / Curema / Curmasi / Curmi / Curradapala / Curraleira / Currelius / Cursuma / Cursute / Curted dock / Curuba / Curuiri / Curuquières / Cururu-ape / Cururuca / Cuschut / Cuscuta
528	0532	Cuscuta / Cuschat / Cusparé / Cussambi / Cusso / Cussuta / Custine / Cutiliae / Cutio / Cutschula / Cutsfoot / Cuit / Cuttofoe / Cuurdo / Cuve de Vénus / Cuy / Cuzula / Cuzzinel / Cwrcala / Cyamos / Cyanate
529	0533	Cyanate / Cyanella capensis / Cyanique / Cyano / Cyanogène
530	0534	Cyanogène
531	0535	Cyanogène
532	0536	Cyanogène
533	0537	Cyanogène
534	0538	Cyanogène
535	0539	Cyanogène
536	0540	Cyanogène
537	0541	Cyanogène
538	0542	Cyanogène
539	0543	Cyanogène
540	0544	Cyanogène
541	0545	Cyanogène
542	0546	Cyanogène
543	0547	Cyanogène
544	0548	Cyanogène
545	0549	Cyanogène
546	0550	Cyanogène
547	0551	Cyanogène
548	0552	Cyanogène
549	0553	Cyanogène
550	0554	Cyanogène
551	0555	Cyanogène
552	0556	Cyanogène
553	0557	Cyanogène
554	0558	Cyanogène
555	0559	Cyanogène / Cyanourine / Cyanure / Cyanuretum ferri / Cyanuretum hydrargiri / Cyanus / Cyathea / Cyathus / Cybellion
556	0560	Cycadées / Cycas
557	0561	Cycas / Cyclamen
558	0562	Cyclamen / Cyclaminos / Cycle / Cyclismus / Cyclopterus / Cycnos / Cycwar / Cydonia
559	0563	Cydonia / Cydonium bengalense / Cyfe / Cygnus / Cymbalaire / Cymbalion / Cyna
560	0564	Cyna / Cynaggyter / Cynagrostis / Cynamon prawdziwy / Cynanchica / Cynanchiques / Cynanchum / Cynanthemis / Cynapium / Cynara
561	0565	Cynara / Cynarocéphales / Cynchramus / Cynips
562	0566	Cynips / Cynk / Cynocéphale / Cynocephalus / Cynophale / Cynocopres / Cynocrambe / Cynoctonum / Cynodine / Cynodon dactylon / Cynoglosa / Cynoglossum
563	0567	Cynoglossum
564	0568	Cynoglossum / Cynometra caulifera / Cynomia / Cynomorion
565	0569	Cynomorion / Cynorrhodon / Cynosbatos / Cynosorchis / Cynosurus corocanus / Cyparissias / Cypéracées / Cyperoides
566	0570	Cyperus
567	0571	Cyperus
568	0572	Cyperus / Cyphi / Cypo de cameras / Cyprès / Cypreskruid / Cypress
569	0573	Cypressenkraut / Crypressenwolsmilch / Cypressic wulfsmelk / Cyprian turpentine / Cyprinus
570	0574	Cyprinus
571	0575	Cyprinus
572	0576	Cyprinus / Cypripedium calceolus / Cyprischer terpenthin / Cyprus / Cyrène / Cyrouenne / Cystelithos
573	0577	Cystiques / Cytinus / Cytise de alpes / Cytise des anciens/ Cytise des Indes / Cytisine
574	0578	Cytisine / Cytiso-cenista / Cytisus
575	0579	Cytisus / Cytr dazewo / Cytrule / Cytryn / Cytwar / Cytwarowe nasiene / Cyzrna / Czapla / Czarcie layno / Czarembchow / Czarkow / Czarna ciemierzyca / Czarna roza / Czarny pers / Czerne biale / Czerno klawek / Czernobyl / Czerny pepr / Czerny neb zahradnj kmjn / Czertkus / Czertowo howno / Czerwena mata / Czerweny santal / Czesnek / Czesnekowa Bylina / Czertzugi / Cziap / Cziepie / Czjpkowa bylina / Czosnek / Czosnkowe ziele
576	0580	Da-t'kai / Dabach / Dabingora / Daburi / Dacalo-tandalo / Dachs / Dachsenschmalz / Dacka / Dacrydium / Dacryon / Dacryopoios / Dacte / Dactyletus / Dactylion / Dactylon / Dactylos / Dactylus / Dacu / Dadap-lonca / Dadima / Daedalea suaveolens / Daga / Daghan / Daguet / Dahak
577	0581	Dahle / Dahlia / Dahline
578	0582	Dai-hoang / Daikon / Daim / Daime / Dais octandra / Dakeke / Dakh / Dalader / Dalatias sparophagus / Dalbergia / Dalema / Dalmarie / Dalukgahehkerry / Dam-hirsch / Dama / Damask Rozen / Damasonium stellatum
579	0583	Damasonium stellatum / Dame / Damedrios / Damella / Dammar / Dammar puti / Dammara alba / Damourou / Damulakhwain / Danais fragrans / Dancreta / Danda hatam / Dandelion / Dandoku / Danea / Danemark / Danevert / Dangan-dangan / Daniel / Dankersen / Danot / Dansk ingefer / Danta / Daocagay
580	0584	Daocagay / Daoun setan / Daphne
581	0585	Daphne
582	0586	Daphne
583	0587	Daphne
584	0588	Daphne
585	0589	Daphne
586	0590	Daphne
587	0591	Daphne
588	0592	Daphne / Daphnelaeon / Daphnia / Daphnine / Daphnitis / Daphnoides
589	0593	Dapiché / Daquejoabite / Dar dhyni / Daracht / Darambo / Darasita / Darboji / Darchem / Darchinie / Dardana / Dardaniou / Dardanis / Dardar / Darhe / Dariangao / Darim / Darirhe cassab / Dark flowered anemone / Darmaka / Darschichahan / Darseni / Dartrieb / Daru / Dasmophon / Dasyclonon / Dasypodion / Dasypus / Dasypus / Dathiatum / Datiro / Datisca
590	0594	Datisca / Datiscine / Datie / Dattes de mer / Datura
591	0595	Datura
592	0596	Datura
593	0597	Datura
594	0598	Datura
595	0599	Datura
596	0600	Datura
597	0601	Datura
598	0602	Datura / Daturine
599	0603	Daturine / Daucum / Daucus
600	0604	Daucus
601	0605	Daucus
602	0606	Daucus / Daud-maree / Daulhac / Daulides aves / Daullontas / Daumus / Daun / Dauphin / Dauphinelle / Daurade
603	0607	Daurade / Davandicu / Daven Malati / Daveridon / Davilla / Davo / Daw / Dawul-kurudu / Dax
604	0608	Dazamach / Dchancali / Dchatten / D. D. / Deadly nichtsnade / Deban schab / Debhasch / Débhorah / Débilitans
605	0609	Débilitans / Dec. / Decadia aluminosa / Décagramme / Deciducus winterberry / Décigramme / Decka celb / Décocté / Décoction
606	0610	Décoction
607	0611	Décoction / Decocto / Decoctum / Décuit / Ded / Deda leira / Dedes / Deei-xanh-vuong / Défensifs / Defle
608	0612	Defrutum / Déhabh / Dehi / Dehoreg / Deinach / Deinosmos / Deiutha / Dejectoria / Délayans
609	0613	Délayans
610	0614	Délayans / Delb / Deleci / Delfin / Delia / Délivre / Delliarion / Delphin / Delphine / Delphinion
611	0615	Delphinion / Delphinium
612	0616	Delphinium
613	0617	Delphinium / Delphinus
614	0618	Delphinus / Delphis / Delunghedie / Demetrias / Demi / / Demolva / Demos / Démulcens / Den
615	0619	Den / Dende / Dendrochates / Denier / Denis-sur-Loire (Saint-) / Denneboom / Dens / Dent / Dentale / Dentalium / Dentaria pinnata
616	0620	Dentaria pinnata / Dente Canino / Denteculaï / Dentelaire / Dentellaria / Denter / Denterobon / Dentes apri / Denticulate / Dentifrices
617	0621	Dentifrices / Dentillaria / Dentino dorato / Dépilatoires / Déplétifs / Dépouilles de serpent / Dépuratifs
618	0622	Dépuratifs
619	0623	Dépuratifs / Deraboki / Derdar / Derelside / Dérivatifs / Dermestes / Déror / Derris Pinnata / Derval / Désaltérans
620	0624	Desbers / Désinfectans / Desman / Desmanthus cinereus / Desmarestia / Desmer / Désobstruans
621	0625	Désobstruans
622	0626	Désobstruans / Désopilatifs / Desséchans / Dessiccatifs / Desura / Desvauxia fluitans / Desvres
623	0627	Detel kysely zagecj / Détergens / Détersifs / Deutergie / Deuteria / Deuto
624	0628	Deuto / Deutoxy-cyanure de fer hydraté / Deutoxyde / Deutoxydum plumbi / Deutscher / Deutsches / Deux-dents / Devadhupa / Devil'e apple / Devil in a bush / Deville / Devilsbitt / Dewaduru / Dewberry / Dewipaghura / Dhaba / Dhana / Dhanyaka / Dhib / Dhumrapatra / Dhunnian / Dia / Diabelha / Diable
625	0629	Diable de mer / Diabolus metallorum / Diabrotiques / Diacarthame / Diacheton / Diachytis / Diacodium / Diaculahuen / Diacydonium / Diadesma / Dia grède / Dialion / Diamant / Diamela / Diamonon / Diamont fig / Diane / Dianthus
626	0630	Dianthus / Diantong / Diapensia / Diaphoreticum / Diaphorétiques / Diaphylactriques / Diapnoïques / Diapyétiques / Diasik
627	0631	Diasostiques / Diatoma / Dibsé / Dic / Dicée / Dichroa febrifuga / Dichromos / Dicotylédones / Dicq
628	0632	Dicq / Dictame / Dictamnus
629	0633	Dictamnus / Dictamo blanco / Didar / Didier (Saint-) / Didjadi el bahr / Didus / Didyme / Die / Dié (Saint-) / Diégo (San)
630	0634	Diégo (San) / Diêmêl / Diente de Leon / Dierenbach / Diervilla / Diète
631	0635	Diète
632	0636	Diète
633	0637	Diète
634	0638	Diète
635	0639	Diète / Dieu-le-Filt / Dieulent / Dievelsbid / Diez (Saint)
636	0640	Diez (Saint) / Difflah / Diffusifs
637	0641	Diffusifs / Difuelstroeck / Digérens / Diges / Digesté / Digestifs / Digitale
638	0642	Digitale / Digitaline / Digitalis
639	0643	Digitalis
640	0644	Digitalis
641	0645	Digitalis
642	0646	Digitalis
643	0647	Digitalis
644	0648	Digitalis
645	0649	Digitalis
646	0650	Digitalis
647	0651	Digitalis
648	0652	Digitalis
649	0653	Digitalis
650	0654	Digitalis / Dicitella / Diglosson / Digne
651	0655	Digne
652	0656	Digne / Dil. / Dilaskarfr / Dilatans / Dill / Dille / Dillenia / Dilléniacées / Diluans / Dilutum / Dimocarpus sinensis / Dinan
653	0657	Dinan / Dinde / Dindica / Dindon / Dindou / Dindoulette / Dindoulo / Dingaoui / Dinjohn / Dinkhold / Diochen / Diodon
654	0658	Diodon / Dioggot / Dionysiades / Dionysias / Diosanthos / Diosbalanos / Dioscorea
655	0659	Dioscorea / Diosma
656	0660	Diosma / Diosporon / Diospyros
657	0661	Diospyros / Diotis maritima / Diphryx
658	0662	Diplolepis / Dispacées / Dispacus / Dipsas / Dipsétiques
659	0663	Dipsétiques / Diptam / Diptamum / Diptères / Dipterix odorata / Dirca / Dircoea / Dircoeum / Dirigeans / Dirkion / Discipline de religieuse / Discussifs / Disette / Dispensaire / Dissolution
660	0664	Dissolution / Dissolvant universel / Distaff-thistle / Distron / Dita / Ditola / Diitamo bianco / Dittamus of candia / Diuca-laguen / Diuretica / Diurétiques
661	0665	Diurétiques
662	0666	Diurétiques
663	0667	Diurétiques
664	0668	Diurétiques / Divariated spignel / Dives / Dividatsi palavuttil / Dividatsie pullum / Dividiri / Diwipahuru / Diwizna / Diwoky / Dix-huit / Djabas / Djaerdjir / Djagilnik / Djaha / Djahy / Djallo djalla / Djamons / Djarond / Djauz / Djazar / Djebbel-Inde / Djinci / Djirax / Djissab / Djoary / Djorz / Djummerz / Djyl-djylan / Djyoundou / Dketoora / Doam-samec / Dobbelt-sneppe / Dobberan / Dobera glabra
665	0669	Dobh / Dobra mysl / Docamarca / Doccio / Dochela / Doctor gum  / Dod-aers / Dodieku / Dodonaea angustifolia / Doednelde / Doel / Doellika / Dof / Dog's / Dogh / Dogrose / Dogue / Doguet / Dogwood / Dohle / Doigtier / Dokhan / Dokkeblanden / Dol / Doldenfoernmices wintergrun / Dolichos
666	0670	Dolichos
667	0671	Dolichos
668	0672	Dolichos / Dolico Pizzicaule / Dollkraut / Dolphin / Dolzolini / Dom / Domacy borowice / Domat (Saint-) / Domba / Domèvre / Domingue (Saint)
669	0673	Dom-horn / Dompierre / Dompte venin / Don-paima / Dona / Donagh / Donax / Donderbaard / Donderpad / Donner krote / Donzacq / Doodkruid / Doogoos / Doorwas / Dophin / Dora / Dorada / Dorade / Doradilla / Doradille / Dorcadion / Dorella / Dorghé / Doridis humor
670	0674	Doried / Dorine / Dorion / Doris / Dormideras / Dormilléose / Dorn-boom / Dornappel / Dorngoensefuss / Doronic / Doronico / Doronicum
671	0675	Doronicum / Dorsh / Dorstenia
672	0676	Dorstenia
673	0677	Dorstenia
674	0678	Dorstenia / Dorychnion / Doses des médicamens
675	0679	Doses des médicamens
676	0680	Doses des médicamens
677	0681	Doses des médicamens / Doso / Dostenkraut / Dotiro / Dotterweide / Dottu / Douai / Doubhiphath / Double-feuille / Double-macreuse / Douce-amère / Doucette / Douche
678	0682	Douche
679	0683	Douche
680	0684	Douche / Doudhaïm / Douma / Douno / Douradinha do campo / Douranelle / Dourmillouze / Dourou
681	0685	Douve / Doux / Dove / Draakenbloed / Drac / Dracaena
682	0686	Dracanos / Drachaies / Drachenblut / Drachenwurz / Drachme / Drachupundu / Dracine / Draco herba / Dracocephalum / Draconites / Dracontium
683	0687	Dracontium / Dracunculus / Dracuntia minor / Dracuntias / Dracuntium / Dragante / Dragé / Drageblod / Dragées
684	0688	Dragées / Dragma / Dragme / Dragon roo / Dragon's blood / Dragoncillo / Dragone / Dragonkel / Dragonne de la Guiane / Dragonnier / Dragunbeyfuss / Draine / Draitsch / Drakblod / Drakena / Drakka mud / Drakow krew / Drakscha / Dranguli / Drapier / Drastiques
685	0689	Drastiques / Drêche / Drenne / Dreydistel / Dreyfaltigkeitsblume / Drhjawat / Dribourg / Driekleurige viool / Drimyrrhizées
686	0690	Drimyrrhizées
687	0691	Drimys
688	0692	Drimys / Dringi / Dristal / Drofa / Drogues
689	0693	Drogues / Dromadaire / Dromedarius / Dromilla / Dronte / Drop / Dropax / Dropwort / Drosera
690	0694	Drosera / Drosomeli / Drossel / Druivenkruid / Drupacées / Drusige psorbalea / Dryakiew polne / Dryandra cordata / Dryas octopetala / Dryinus / Drymopogon / Drymis / Dryobalanos
691	0695	Dryobalanos / Dryophanon / Dryophteris / Drypetes / Drys / Drzewo / D. S. / Dscharrak pagger / Dschey / Dschum-za / Dsileng / Dsindsom / Dsisi / Dsjakurjo / Dsjerenang / Dsjo-gike / Dsojo / Dsongilley / Dsudsudama / Dub / Dubba / Dubez solotko / Dubowa hauba / Dubowe melj / Duché du Bas-Rhin
692	0696	Duck / Duclitan / Dud / Dudaim / Dudh-kulmi / Dudu / Dufwa / Dughda / Dugu / Duhl / Duin / Duivelsbeet / Duivelsdreek / Duizendguldenkruid / Dulac / Dulb / Dulcamara / Dulcarine
693	0697	Dulcarine / Dulcedo saturni / Dulciamargo / Dulcichinum / Dulcifida / Dulcor saturni / Dullaha / Dulwick / Dumbrastacnm / Dumke mirche / Dummeiri / Dummulackwayn / Dunblanc / Dund / Dundul / Dunkola / Dunti bija / Dunya / Dupada / Duras-nnillo / Durchsichtige aloe / Durchwachs / Durelin / Duretal / Durgan / Durlaon / Durillo / Durio zibethinus
694	0698	Durissus / Durnischnichnik / Duroia eriopila / Durrwurz / Duru / Durvillea utilis / Dutch myrtle / Dutenmedlar / Dutroa / Duvaua dependens / Duve / Duwa / Dwale / Dwarf branmble / Dych el chorab / Dyne / Dyptam / Dyptan / Dyvelsdreck / Dzenellie / Dziegiel agrodni / Dzierlatka / Dziewanna ziele
