page	refimg	chapitre
[sans numérotation]	0001	[Page de faux-titre]
[sans numérotation]	0002	[Page de titre]
[sans numérotation]	0003	Noms des Auteurs par ordre alphabétique
1	0004	Boa. Bocalo. Bocconi, (Silvio-Paul)
2	0005	Bocconi, (Silvio-Paul). Bochet. Bock. Boctoner ou Butoner. Bodaeus A Stapel, (Jean). Boe. (François Dubois de Le). Boeckelius, (Jean). Boehmer, (Philippe-Adolphe)
3	0006	Boehmer, (Philippe-Adolphe). Boerhaave, (Herman)
4	0007	Boerhaave, (Herman)
5	0008	Boerhaave, (Herman)
6	0009	Boerhaave, (Herman)
7	0010	Boerhaave, (Herman)
8	0011	Boerhaave, (Herman)
9	0012	Boerhaave, (Herman)
10	0013	Boerhaave, (Herman)
11	0014	Boerhaave, (Herman). Boerner, (Frédéric)
12	0015	Boerner, (Frédéric). Boeuf
13	0016	Boeuf
14	0017	Boeuf
15	0018	Boeuf. Bogdanus, (Martin). Bogue. Bohn ou Bohnius (Jean)
16	0019	Bohn ou Bohnius (Jean). Boile, (Robert)
17	0020	Boile, (Robert)
18	0021	Boile, (Robert). Boin-goli. Boin-kakély. Boiquira
19	0022	Boiquira
20	0023	Boiquira
21	0024	Boiquira
22	0025	Boiquira
23	0026	Boiquira. Boire
24	0027	Boire. Bois
25	0028	Bois. Bois de buis, de coudrier, de frêne, de genièvre, de lentisque, de quassie, de tilleul, &c. Bois
26	0029	Bois
27	0030	Bois. Bois d'aloes, ou d'aigle
28	0031	Bois d'aloes, ou d'aigle. Bois de Brésil
29	0032	Bois de Brésil. Bois de Campèche. Bois de Carabacci. Bois de couleuvre. Bois de fer
30	0033	Bois de fer. Bois de gayac. Bois de Rhodes. Bois de Ste-Lucie. Bois de santal. Bois de sassafras
31	0034	Bois d'Inde. Bois néphrétique. Bois saint. Bois puant
32	0035	Bois puant. Bois sain. Boisse. Boissieu, (Barthélémi-Camille de)
33	0036	Boissieu, (Barthélémi-Camille de). Boisson. Boissons
34	0037	Boissons. Boisson dans l'hydropisie
35	0038	Boisson dans l'hydropisie
36	0039	Boisson dans l'hydropisie. Bois-Yvon. (eaux minér.). Boitement. (Claudication). Boiter. (claudicare). Boiteux, euse. (claudus). Bol
37	0040	Bol
38	0041	Bol. Bol d'Arménie
39	0042	Bol d'Arménie. Bolaire. Bolet. Boletus cervinus. Bolognetti, (Pompée). Bolognini, (Ange)
40	0043	Bolognini, (Ange). Bombus. Bon, (Jean Le). Bonaccioli (Louis). Bonacossus ou Buonacossa, (Hercule)
41	0044	Bonacossus ou Buonacossa, (Hercule). Bonduc. Bon Henry. Bonheur
42	0045	Bonheur. Bon-homme. Bonne-dame. Bonnes. (eaux de)
43	0046	Bonnes. (eaux de). Bonnet ou Bonet (Théophile). Bonnet
44	0047	Bonnet. Bonomi ou bonominus. Bontekoe, (Corneille)
45	0048	Bontekoe, (Corneille). Bontius, (Jacques). Boodt, (Anselme de) dit Boetius
46	0049	Boodt, (Anselme de) dit Boetius. Boot, (Arnould). Boracique, (acide)
47	0050	Boracique, (acide)
48	0051	Boracique, (acide). Borate de mercure. Borax
49	0052	Borax
50	0053	Borax. Borborygme. Bordeaux. (eaux minér.)
51	0054	Bordeaux. (eaux minér.). Bordenave, (Toussaint). Bordeu, (Théophile de)
52	0055	Bordeu, (Théophile de)
53	0056	Bordeu, (Théophile de)
54	0057	Bordeu, (Théophile de)
55	0058	Bordeu, (Théophile de)
56	0059	Bordeu, (Théophile de)
57	0060	Bordeu, (Théophile de)
58	0061	Bordeu, (Théophile de). Borel, (Pierre)
59	0062	Borel, (Pierre). Borelli, (Jean-Alphonse)
60	0063	Borelli, (Jean-Alphonse). Borgarucci, (Prosper). Borgne. Borosail. Borraginées
61	0064	Borraginées. Borri. Borrichius, (Olaus)
62	0065	Borrichius, (Olaus)
63	0066	Borrichius, (Olaus). Borse. (eaux minér.). Bosaya. Bossche, (Guillaume Van den). Botal, (Léonard)
64	0067	Botal, (Léonard). Botanique
65	0068	Botanique
66	0069	Botanique
67	0070	Botanique
68	0071	Botanique
69	0072	Botanique
70	0073	Botanique
71	0074	Botanique
72	0075	Botanique
73	0076	Botanique
74	0077	Botanique
75	0078	Botanique
76	0079	Botanique
77	0080	Botanique
78	0081	Botanique
79	0082	Botanique
80	0083	Botanique
81	0084	Botanique
82	0085	Botanique
83	0086	Botanique. Botaniste
84	0087	Botaniste. Bothrion. Botium ou bocium. Botris vulgaire, ou piment. Botrytis
85	0088	Botrytis. Bottoni (Albertin). Bottoni, (Dominique). Bouc & chèvre
86	0089	Bouc & chèvre. Bouc. Boucage
87	0090	Boucage. Boucher. Boucherie (la)
88	0091	Boucherie (la). Bouchers, (malad. des). Boucles
89	0092	Boucles. Boudin, (Jean). Boudin. Boue
90	0093	Boue. Boues des eaux
91	0094	Boue des eaux
92	0095	Boue des eaux. Bouffissure. Boufron. Bougie
93	0096	Bougie
94	0097	Bougie
95	0098	Bougie
96	0099	Bougie
97	0100	Bougie
98	0101	Bougie
99	0102	Bougie
100	0103	Bougie
101	0104	Bougie
102	0105	Bougie
103	0106	Bougie
104	0107	Bougie
105	0108	Bougie
106	0109	Bougie
107	0110	Bougie
108	0111	Bougie
109	0112	Bougie
110	0113	Bougie
111	0114	Bougie
112	0115	Bougie. Bouilli
113	0116	Bouilli. Bouillie. Bouillir. Bouillon. Bouillons
114	0117	Bouillons
115	0118	Bouillons
116	0119	Bouillons
117	0120	Bouillons. Bouillons de chou rouge. Bouillons d'ecrevisse. Bouillons de grenouille. Bouillons de poumons de renard. Bouillons de tortue. Bouillons de vipères. Bouillon gras. Bouillons secs
118	0121	Bouillons secs. Bouillon. Bouillon blanc
119	0122	Bouillon blanc. Bouka & bouka-keli. Boulanger
120	0123	Boulanger
121	0124	Boulanger
122	0125	Boulanger. Boulangers. (maladies des). Boule. Bouleau commun
123	0126	Bouleau commun. Boules de mars. Boules de mercure. Boules de Molsheim. Boules de Nancy. Boules. (eau de). Boulette. Boulimie
124	0127	Boulimie
125	0128	Boulimie
126	0129	Boulimie
127	0130	Boulimie. Boulogne. (eau minér.). Bouquet. Bouquetin
128	0131	Bouquetin. Bourbillon. Bourbon-Lancy, (eaux de)
129	0132	Bourbon-Lancy, (eaux de). Bourbon-l'Archambaud
130	0133	Bourbon-l'Archambaud. Bourbonne
131	0134	Bourbonne
132	0135	Bourbonne. Bourboule. (la) (eaux minér.). Bourdeaux ou Bordeaux & Bourdelois
133	0136	Bourdeaux ou Bordeaux & Bourdelois
134	0137	Bourdeaux ou Bordeaux & Bourdelois
135	0138	Bourdeaux ou Bordeaux & Bourdelois
136	0139	Bourdeaux ou Bordeaux & Bourdelois
137	0140	Bourdeaux ou Bordeaux & Bourdelois
138	0141	Bourdeaux ou Bordeaux & Bourdelois
139	0142	Bourdeaux ou Bordeaux & Bourdelois
140	0143	Bourdeaux ou Bordeaux & Bourdelois
141	0144	Bourdeaux ou Bordeaux & Bourdelois. Bourdelin, (Claude)
142	0145	Bourdelin, (Claude). Bourdelot (Pierre Michon)
143	0146	Bourdelot (Pierre Michon)
144	0147	Bourdelot (Pierre Michon). Bourdene. Bourdonnement d'oreilles
145	0148	Bourdonnement d'oreilles
146	0149	Bourdonnement d'oreilles
147	0150	Bourdonnement d'oreilles
148	0151	Bourdonnement d'oreilles. Bourgene. Bourgeois, (Louise). Bourgeons de sapin. Bourgeons. Bourgépine. Bourges (Jean de). Bourges (Louis de)
149	0152	Bourges (Louis de). Bourges (Simon de). Bourges (Jean de). Bourges. (eaux minér.). Bourges & Berri
150	0153	Bourges & Berri
151	0154	Bourges & Berri. Bournan. (eaux minér.). Bourrache. Bourrelet. Boursault. (eaux minér.)
152	0155	Boursault. (eaux minér.). Bourse à berger, ou boursette. Boursouflé. Bousquet. (eaux minér.). Boutargue. Bouteille de Leyde. Boutiques
153	0156	Boutiques. Bouton. Bouton de feu. Bouvard, (Charles)
154	0157	Bouvard, (Charles)
155	0158	Bouvard, (Charles). Bouvart (Michel-Philippe)
156	0159	Bouvart (Michel-Philippe)
157	0160	Bouvart (Michel-Philippe). Bonvente. (eaux minér.). Boyer (Jean-Baptiste)
158	0161	Boyer (Jean-Baptiste). Bouse de vache
159	0162	Bouse de vache. Brabyla. Brachmanes, ou bramines. Brachylogie. Brachypnée. Bradley, (Richard)
160	0163	Bradley, (Richard). Brachypotes. Brai liquide, brai sec. Bradypepsie, bradypepsia. Braillon, (Louis). Braine. (eaux minér.). Braise. Brami
161	0164	Brami. Brancursine ou acanthe. Brandi-bas. (eaux minér.). Brasavola, (Jérôme). Braségur. (eaux minér.). Brassavolo, (Antoine-Musa)
162	0165	Brassavolo, (Antoine-Musa). Brasseurs. (maladie des). Brayer. Brayer. (Nicolas)
163	0166	Brayer. (Nicolas). Brebis
164	0167	Brebis. Brême
165	0168	Brême. Brésil. (racine du). Brésil. (bois de). Breton, (Charles le). Breynius, ou Breyn (Jacques)
166	0169	Breynius, ou Breyn (Jacques). Breuvage. Briançon. (craie de). Brides. Brieux. (St.) (eaux minér.). Briganti, (Annibal). Briggs. (Guillaume). Bringarasi. Brioche
167	0170	Brioche. Brion. (eaux minér.). Brion. Brique. Briquebec. (eaux minér.). Briquetiers, (maladies des)
168	0171	Briquetiers, (maladie des). Brisseau, (Pierre). Brissot (Pierre)
169	0172	Brissot (Pierre). Britannica. Brochet
170	0173	Brochet. Brocoli. Brodium. Broeck. (Jean Vanden). Bronchocele. Bronchotomie. Bronze
171	0174	Bronze. Brossard. Brossardiere, (la) (eaux minér.). Brosser. Brouet noir
172	0175	Brouillards
173	0176	Brouillards. Brouillard. (maladie des yeux.). Browne, (Jean)
174	0177	Browne, (Jean). Broyement, broyer. Broyeurs de couleurs. (maladies des)
175	0178	Broyeurs de couleurs. (maladie des). Brucaeus, (Henri). Bruckmann, (François-Erneste)
176	0179	Bruckmann, (François-Erneste). Brucourt. (eaux minér.). Brugnon. Bruguière, (Jean). Bruhesius, ou Van Bruhezen, (Pierre)
177	0180	Bruhesius, ou Van Bruhezen, (Pierre). Bruhier, (Jean-Jacques). Bruin, (Jean de)
178	0181	Bruin, (Jean de). Bruine. Bruissement. Bruit, ou tintement d'oreille. Bruit
179	0182	Bruit. Bruler. Brun. Brunelle. Brunfelt ou Brunfels, (Othon)
180	0183	Brunfelt ou Brunfels, (Othon). Brunn, (Jean-Jacques). Brunn ou Brunner, (Jean-Conrad de)
181	0184	Brunn ou Brunner, (Jean-Conrad de). Brunner, (Balthasar)
182	0185	Brunner, (Balthasar). Brunus. Bruse. Bruxelles
183	0186	Bruxelles. Bruyeres. (eaux minér.). Bruyere. Bryone
184	0187	Bryone. Bryone d'Amérique. Bryton. Bubon
185	0188	Bubon vénérien
186	0189	Bubon vénérien
187	0190	Bubon vénérien. Bubonocèle. Buchner, (J. André-Elie). Budée, (Guillaume). Buffle
188	0191	Buffle. Bugle. Buglose
189	0192	Buglose. Bugrande
190	0193	Bugrande. Buhahyliha bengesla. Bujanvali. Buis
191	0194	Buis. Buisard. (eaux minér.). Buisson ardent. Bula. Bulbe, bulbeux
192	0195	Bulbe, bulbeux. Bulbonac. Bulchasim ou Bulchasem Benaberazerin. Bulithe. Bunon, (Robert). Buphthalme
193	0196	Buplevre. Bupreste. Bures. (eaux minér.). Burette (Pierre-Jean)
194	0197	Burette (Pierre-Jean)
195	0198	Burette (Pierre-Jean)
196	0199	Burette (Pierre-Jean). Burggravius, (Jean-Erneste). Burggravius ou Burggrau. (Jean-Philippe). Burgius. (Jean)
197	0200	Burgius. (Jean). Burlet, (Claude). Burmann, (Jean)
198	0201	Burmann, (Jean). Burnet, (Thomas). Bussang. (eau de)
199	0202	Bussang. (eau de). Busson, (Julien)
200	0203	Butler, (Guillaume). Butumbo. Buveur
201	0204	Buveur. Byrethrum. Byssum, byssus
202	0205	C. Caa-apia. Caa-ataya. Caa-ofia. Cabaret
203	0206	Cabaret
204	0207	Cabaret. Cabaretiers, (maladies des). Cabilleau. (poisson de mer). Cabrol, (Barthélemi)
205	0208	Cabrol, (Barthélemi). Cacalia. Cacao
206	0209	Cacao
207	0210	Cacao. Cacatali. Cachalot
208	0211	Cachalot. Cachectique, cachecticus. Cachectiques. Cachet, (Christophe). Cachexie
209	0212	Cachexie. Cachexie, cachexia
210	0213	Cachexie, cachexia
211	0214	Cachexie, cachexia
212	0215	Cachexie, cachexia
213	0216	Cachexie, cachexia
214	0217	Cachexie, cachexia. Cachexie laiteuse
215	0218	Cachexie laiteuse
216	0219	Cachexie laiteuse
217	0220	Cachexie laiteuse
218	0221	Cachexie laiteuse
219	0222	Cachexie laiteuse
220	0223	Cachexie laiteuse
221	0224	Cachexie laiteuse
222	0225	Cachexie laiteuse. Cachou
223	0226	Cachou
224	0227	Cachou. Cachunde
225	0228	Cachunde. Cacocholie. Cacochylie. Cacochyme. Cacochymie
226	0229	Cacochymie. Cacoethes. Cacopathia. Cacophonia. Cacopragie. Cacosis. Cacositia. Cacosphixia. Cacotrophia. Cacotumba. Cactier
227	0230	Cactier. Cadaba. Cadavalli. Cadavéreux. Cadavres
228	0231	Cadavres
229	0232	Cadavres
230	0233	Cadavres. (ouverture de)
231	0234	Cadavres. (ouverture de)
232	0235	Cadavres. (ouverture de)
233	0236	Cadavres. (ouverture de)
234	0237	Cadavres. (ouverture de)
235	0238	Cadavres. (ouverture de)
236	0239	Cadavres. (ouverture de)
237	0240	Cadavres. (ouverture de)
238	0241	Cadavres. (ouverture de)
239	0242	Cadavres. (ouverture de)
240	0243	Cadavres. (ouverture de)
241	0244	Cadavres. (ouverture de). Cade. (huile de). Cadelari. Cadiac. (eaux minér.). Cadmie. Cadmie des fourneaux. Caduc. (mal). Cadus. Caen
242	0245	Caen
243	0246	Caen
244	0247	Caen
245	0248	Caen. Caela. Caelius Aurelianus
246	0249	Caelius Aurelianus
247	0250	Caelius Aurelianus
248	0251	Caelius Aurelianus
249	0252	Caelius Aurelianus
250	0253	Caelius Aurelianus
251	0254	Caelius Aurelianus
252	0255	Caelius Aurelianus
253	0256	Caelius Aurelianus
254	0257	Caelius Aurelianus
255	0258	Caelius Aurelianus
256	0259	Caelius Aurelianus. Caesalpin (André)
257	0260	Caesalpin (André). Caesarienne. (opération)
258	0261	Caesarienne. (opération)
259	0262	Caesarienne. (opération)
260	0263	Caesarienne. (opération)
261	0264	Caesarienne. (opération). Caesarius, (Jean). Café
262	0265	Café
263	0266	Café
264	0267	Café
265	0268	Café. Cagan. (eaux minér.). Cagnati (Marcel)
266	0269	Cagnati (Marcel). Cagosanga. Cagots
267	0270	Cagots
268	0271	Cagots
269	0272	Cagots. Caïenne
270	0273	Caille. Caillé. Caillebote. Caille-lait
271	0274	Caille-lait. Caillot. Caillou
272	0275	Caillou. Caimi ou Caimo (Pompée). Caipa schora. Caius, ou Kaye, (Jean)
273	0276	Caius, ou Kaye, (Jean). Caius Plinius Secundus. Cakile. Cal. Calaba
274	0277	Calaba. Calaf. Calageri. Calaguala. Calalou
275	0278	Calalou. Calambac. Calambour ou cunambourk. Calament. Calaminaire. (pierre). Calamine
276	0279	Calamine. Calamite. Calamite blanche. Calamus aromaticus
277	0280	Calamus aromaticus. Calamus vrai. Calcaires, (terres, pierres, substances)
278	0281	Calcaires, (terres, pierres, substances.). Calcéolaire. Calcination
279	0282	Calcination. Calcination philosophique. Calcitis ou chalcitis. Calculs
280	0283	Calculs. Calculs biliaires
281	0284	Calculs biliaires
282	0285	Calculs biliaires
283	0286	Calculs biliaires
284	0287	Calculs biliaires
285	0288	Calculs biliaires
286	0289	Calculs biliaires
287	0290	Calculs biliaires
288	0291	Calculs biliaires
289	0292	Calculs biliaires
290	0293	Calculs biliaires
291	0294	Calculs biliaires. Calculs des reins & de la vessie
292	0295	Calculs des reins & de la vessie
293	0296	Calculs des reins & de la vessie
294	0297	Calculs des reins & de la vessie
295	0298	Calculs des reins & de la vessie
296	0299	Calculs des reins & de la vessie
297	0300	Calculs des reins & de la vessie
298	0301	Calculs des reins & de la vessie
299	0302	Calculs des reins & de la vessie
300	0303	Calculs des reins & de la vessie
301	0304	Calculs des reins & de la vessie
302	0305	Calculs des reins & de la vessie
303	0306	Calculs des reins & de la vessie
304	0307	Calculs des reins & de la vessie
305	0308	Calculs des reins & de la vessie
306	0309	Calculs des reins & de la vessie
307	0310	Calculs des reins & de la vessie
308	0311	Calculs des reins & de la vessie
309	0312	Calculs des reins & de la vessie
310	0313	Calculs des reins & de la vessie
311	0314	Calcul des reins & de la vessie. Calculifrages. Caldas, ou Escaldas. (eaux minér.). Caldera de Heredia, (Gaspar). Calebasse ou courge
312	0315	Calebasse ou courge. Calendre. Calenture
313	0316	Calenture. Calésan. Calfeutrer
314	0317	Calfeutrer. Calice. Caligni blanc. Caligo
315	0318	Caligo. Calin. Calleux. Calliblepharon. Calligenes. Callimachus. Callipédie. Callisthene. Callosité. Callus. Calmans
316	0319	Calmans
317	0320	Calmans. Calmar ou cornet. Calme
318	0321	Calme. Calomel. Calorique
319	0322	Calorique
320	0323	Calorique
321	0324	Calorique
322	0325	Calorique
323	0326	Calorique. Calotte. Calvi, (Jean). Calvilles. (pommes de). Calvities. Calumbé
324	0327	Calumbé. Calundronius. Calvo, (Jean). Calus. Camagnoc. Camanusali, ou Canamusali, ou Alcanamosali. Camara
325	0328	Camara. Camara, japo, camara-mira, camara-tinga, camara-cuba, camara-baja. Camarez. (eaux minér.). Camarigne
326	0329	Camarigne. Camarin-bas. Cambing. Camboge à gomme-gutte
327	0330	Camboge à gomme-gutte. Cambo. (eaux minér.). Cambon. (eaux minér.). Cambonnes. (eaux minér.). Cambouis. Cam-chain
328	0331	Camelée. Cameline. Camerarius, en allemand Camermeister, (Elie-Rodolphe)
329	0332	Camerarius, en allemand Camermeister, (Elie-Rodolphe). Camerarius, (Rodolphe-Jacques). Camerarius, (Elie)
330	0333	Camerarius, (Elie). Camerarius, (Joachim)
331	0334	Camerarius, (Joachim)
332	0335	Camerarius, (Joachim). Camisole
333	0336	Camisole. Camomille
334	0337	Camomille. Camosiers. (eaux minér.). Campagne. (eaux minér.). Campanella, (Thomas). Campanule
335	0338	Campanule. Camphorate & camphorique. Camphre
336	0339	Camphre
337	0340	Camphre
338	0341	Camphre
339	0342	Camphre
340	0343	Camphre
341	0344	Camphre
342	0345	Camphre. Camphrée
343	0346	Camphrée. Camphrées. (boissons, liqueurs). Campi, (Michel & Balthasar). Camplong. (eaux minér.). Campolongo (Emile)
344	0347	Campolongo (Emile). Canape. (Jean). Canapé
345	0348	Canapé. Canard. Canard sauvage
346	0349	Canard sauvage. Cancer. Cancer de l'oeil, des paupières. Cancéreux. Cancer carcinome
347	0350	Cancer carcinome. Cancre. Candé. (eaux minér.). Candi. (sucre crisatllisé). Candi, candisation. Canevari (Démétrio)
348	0351	Canevari (Démétrio). Canicule. Caniram. Canities
349	0352	Canities. Canne. Canne à sucre. Canne de Provence
350	0353	Canne de Provence. Canneberge. Cannelle blanche
351	0354	Cannelle blanche. Cannelle
352	0355	Cannelle
353	0356	Cannelle
354	0357	Cannelle
355	0358	Cannelle
356	0359	Cannelle
357	0360	Cannelle
358	0361	Canoniers. (maladies des). Cant, (Arent). Cantharides
359	0362	Cantharides
360	0363	Cantharides
361	0364	Cantharides
362	0365	Cantharides
363	0366	Cantharides
364	0367	Cantharides
365	0368	Cantharides
366	0369	Cantharides
367	0370	Cantharides. Cantwel (André)
368	0371	Cantwel (André). Capelle en Vézie. (eaux minérales). Capelle-del-Fraissy. (eaux minérales). Capellutius, (Roland). Capillaire ou cheveu de Vénus
369	0372	Capillaire ou cheveu de Vénus. Capillaire de Montpellier, ou vrai capillaire. Capillaire de Canada. Capillaire commun ou noir. Capillaire blanc
370	0373	Capillaire blanc. Capillaire blanc à feuille de rue ou sauve-vie. Capillaire rouge ou politric. Capillaire doré, ou perce-mouffle. Capillaire. (syrop de)
371	0374	Capillaire. (syrop de). Capitales. Capitaneus, (Pierre) ou Capiteyn
372	0375	Capitaneus, (Pierre) ou Capiteyn. Capivaccio, ou Cappo di Vacca, ou Capitaurus, (Jérôme)
373	0376	Capivaccio, ou Capo di Vacca, ou Capitaurus, (Jérôme). Capponi, ou Capponio, (Jean-Bapt.). Capra (Marcel). Capres
374	0377	Caprier
375	0378	Caprier. Caprisant, pouls. Capua, ou Di Capoa (Léonard)
376	0379	Capua, ou Di Capoa (Léonard)
377	0380	Capua, ou Di Capoa (Léonard). Capucine. Capver. (eaux minérales). Caput
378	0381	Caput. Carabaccium. Carabé, ou karabé. Caractere. Caractere du médecin
379	0382	Caractere du médecin
380	0383	Caractere du médecin
381	0384	Caractere du médecin. Caractères chimiques et pharmaceutiques
382	0385	Caractères chimiques et pharmaceutiques
383	0386	Caractères chimiques et pharmaceutiques. Caractere
384	0387	Caractere. Caractériser & caractéristiques. Caragne
385	0388	Caragne. Carambolier. Caramel
386	0389	Caramel. Carameno. Carandas, ou anzuba. Carbonate d'ammoniaque
387	0390	Carbonate d'ammoniaque
388	0391	Carbonate de chaux. Carbonate de cuivre
389	0392	Carbonate de cuivre. Carbonate de fer
390	0393	Carbonate de fer. Carbonate de magnèsie
391	0394	Carbonate de magnèsie
392	0395	Carbonate de magnèsie
393	0396	Carbonate de magnèsie
394	0397	Carbonate de magnèsie
395	0398	Carbonate de magnèsie
396	0399	Carbonate de magnèsie. Carbonate de mercure
397	0400	Carbonate mercure. Carbonate de plomb. Carbonate de potasse
398	0401	Carbonate de potasse
399	0402	Carbonate de potasse
400	0403	Carbonate de potasse
401	0404	Carbonate de soude
402	0405	Carbonate de soude. Carbonate de zinc
403	0406	Carbonate de zinc. Carbonates. Carbone
404	0407	Carbone. Carboné. Carbonique. Carcaniere. (eaux minérales). Carcano, (Archelao)
405	0408	Carcano, (Jean-Baptiste). Carcapuli. Carcinomateux. Carcinome. Cardamome
406	0409	Cardamome
407	0410	Cardamome
408	0411	Cardamome
409	0412	Cardamome. Cardan, (Jérôme)
410	0413	Cardan, (Jérôme). Cardan, (Jean-Baptiste). Cardes. Cardeurs de matelats
411	0414	Cardeurs de matelas
412	0415	Cardeurs de matelas. Cardialgie. Cardiaques. Cardinale. Cardini. (Ignace)
413	0416	Cardini. (Ignace). Cardiogme. Carditis. Cardons. Cardopatia. Carebaria. Carême
414	0417	Carême. Caret. Careum. Carie. Carié. Carie vénérienne
415	0418	Carie vénérienne
416	0419	Carie vénérienne. Carline ou chardonnerette
417	0420	Carline ou chardonnerette. Carline gommeuse ou chaméléon blanc. Carlsbad. (eaux minérales)
418	0421	Carmantine. Carmin. Carminatifs
419	0422	Carminatifs
420	0423	Carminatifs
421	0424	Carminatifs. Carnation. Carnaval. Carnification des os. Carnivore. (animal). Carnosités
422	0425	Carnosités
423	0426	Carnosités. Carnoncule. Carotique. Carotiques. Carotte
424	0427	Carotte. Caroubier, ou carouge
425	0428	Caroubier, ou carouge. Carpe
426	0429	Carpe
427	0430	Carpe. Carpeau. Carphologia. Carpi, (Jacques)
428	0431	Carpi, (Jacques). Carpobalsamum
429	0432	Carpobalsamum. Carreau
430	0433	Carreau. Carrelet. Carrero, (Pierre-Garcie). Carriers, (maladie des)
431	0434	Carriers, (maladie des)
432	0435	Carriers, (maladie des). Carroza (Jean)
433	0436	Carroza (Jean). Cartagena, (Antoine). Cartes, (jeu des). Cartésianisme
434	0437	Cartésianisme. Carthame
435	0438	Carthame
436	0439	Carthame. Cartheuser, (Jean-Frédéric)
437	0440	Carvi. Carus
438	0441	Carus. Caryocar. Caryocostin
439	0442	Caryocostin. Caryote. Cascarille, ou chacrit
440	0443	Cascarille, ou chacrit. Caspius (George). Cassave. Casse
441	0444	Casse. Casse en bâtons
442	0445	Casse en bâtons
443	0446	Casse en bâtons
444	0447	Casse en bâtons
445	0448	Casse en bâtons
446	0449	Casse en bâtons
447	0450	Casse en bâtons
448	0451	Casse en bâtons. Casse cuite. Casse en bois
449	0452	Casse en bois. Casse laxative. Casse mondée. Casse en noyaux. Casse solutive. Cassebohm, (Jean-Frédéric)
450	0453	Cassebohm, (Jean-Frédéric). Casserius, (Jules)
451	0454	Casserius, (Jules). Cassummuniar. Cassutha. Castellan, ou Du Chastel (Honoré)
452	0455	Castellus, (Pierre). Castera-vivent. (eaux minérales)
453	0456	Castera-vivent. (eaux minérales). Castor
454	0457	Castor
455	0458	Castor. Castoreum
456	0459	Castoreum
457	0460	Castoreum
458	0461	Castoreum
459	0462	Castoreum. Castoréum. (teintures de)
460	0463	Castrangula. Castration
461	0464	Castration
462	0465	Castration. Castro, (Etienne-Roderiquez De). Castro, (Roderiquez De)
463	0466	Castro, (Roderiquez De). Castro, (Pierre De). Castro, (Benoît De). Castrogiaanne, (Bernard-Marie De)
464	0467	Castrogiaanne, (Bernard-Marie De). Cat, (Claude-Nicolas Le)
465	0468	Cat, (Claude-Nicolas Le)
466	0469	Cat, (Claude-Nicolas Le)
467	0470	Cat, (Claude-Nicolas Le). Cataclusis. Catagauna. Catagmatiques
468	0471	Catagmatiques. Catalepsie
469	0472	Catalepsie
470	0473	Catalepsie. Catalotiques. Catanance. Catapasme. Cataphora. Cataplasmes
471	0474	Cataplasmes. Cataplasme cuit
472	0475	Cataplasme cuit
473	0476	Cataplasme cuit
474	0477	Cataplasme cuit
475	0478	Cataplasme cuit. Cataplexie. Catapotia. Catapsyxis. Catapuce, ou épurge
476	0479	Catapuce, ou épurge. Cataracte
477	0480	Cataracte
478	0481	Cataracte
479	0482	Cataracte
480	0483	Cataracte
481	0484	Cataracte
482	0485	Cataracte
483	0486	Cataracte
484	0487	Cataracte
485	0488	Cataracte
486	0489	Cataracte
487	0490	Cataracte
488	0491	Cataracte
489	0492	Cataracte
490	0493	Cataracte
491	0494	Cataracte
492	0495	Cataracte. Cataracte adhérente. Cataracte compliquée. Cataracte laiteuse. Cataracte de l'humeur de Morgagni. Cataracte lymphatique. Cataracte membraneuse. Cataracte mure. Cataracte noire
493	0496	Cataracte noire
494	0497	Cataracte noire. Cataracté. Cataracter. Catarrhésis. Catarmatiques. Catarisme. Catastasie. Catastasis. Catastaltiques. Catastrophe. Cate. Catesbée épineuse
495	0498	Catesbée épineuse. Catha, forsk, egipt. Catharse. Cathartiques. Catherese. Catheretiques
496	0499	Catheretiques. Catholicum. Catholicum double
497	0500	Catholicum double. Catin. Cato et ano purgatifs. Cato-cathartiques. Catoché. Catochus. Catoteriques. Catulotiques. Caudiez. (eaux minérales). Cave
498	0501	Cave. Caveau. Caufenne. (eaux minérales). Caviar
499	0502	Caviar. Cause des maladies
500	0503	Cause des maladies
501	0504	Cause des maladies. Causos, ou causus
502	0505	Causos, ou causus
503	0506	Causos, ou causus. Causticité
504	0507	Causticité
505	0508	Causticité
506	0509	Causticité
507	0510	Causticité. Causticum
508	0511	Causticum. Caustiques
509	0512	Caustiques. Cautere. Cautère actuel
510	0513	Cautère actuel
511	0514	Cautère actuel. Cautère. (pierre à)
512	0515	Cautère. (pierre à)
513	0516	Cautère. (pierre à)
514	0517	Cautère. (pierre à)
515	0518	Cautère. (pierre à)
516	0519	Cautère. (pierre à)
517	0520	Cautère. (pierre à)
518	0521	Cautère. (pierre à)
519	0522	Cautère. (pierre à)
520	0523	Cautère. (pierre à)
521	0524	Cautère. (pierre à). Cauteres potentiels
522	0525	Cauteres potentiels
523	0526	Cauteres potentiels
524	0527	Cauteres potentiels
525	0528	Cauteres potentiels
526	0529	Cauteres potentiels. Cautérétiques. Cautérisation. Cauterets. (eaux de)
527	0530	Cauterets. (eaux de)
528	0531	Cauterets. (eaux de). Cedma. Cedra ou cedrat. Cèdre. Cedria. Ceinture
529	0532	Ceinture. Ceinture de vif-argent. Celastre. Celauritis. Céleri
530	0533	Céleri. Célérité du pouls. Célibat
531	0534	Célibat
532	0535	Célibat
533	0536	Célibat
534	0537	Célibat
535	0538	Célibat
536	0539	Célibat
537	0540	Célibat
538	0541	Célibat. Cellarius, (Salomon). Celle, (Jean de la)
539	0542	Celle, (Jean de la). Cellulaire, ou celluleux, (tissu) (maladies du). Célotomie. Celsa. Celsus, ou Aurelius Cornelius Celsus
540	0543	Celsus, ou Aurelius Cornelius Celsus
541	0544	Celsus, ou Aurelius Cornelius Celsus
542	0545	Celsus, ou Aurelius Cornelius Celsus
543	0546	Celsus, ou Aurelius Cornelius Celsus. Cément, cémenter, cémentation. Cendres
544	0547	Cendres. Cendres animales. Cendres gravelées
545	0548	Cendres végétales
546	0549	Cendres végétales. Cendrier. Cendriers. (maladies des). Cenosis, apocenosis
547	0550	Cénotiques. Centaurée
548	0551	Centaurée. Centauroïdes. Centinode. Centoire. Cephalaea. Céphalagie
549	0552	Céphalagie
550	0553	Céphalagie
551	0554	Céphalagie
552	0555	Céphalagie
553	0556	Céphalagie
554	0557	Céphalagie
555	0558	Céphalagie. Céphaliques
556	0559	Céphaliques. Céphalique veine. Céphaloponie. Céramium. Cérats. Cérat de diapalme
557	0560	Cératon. Cératocèle. Cercles, cordons, pieds cerclés. Céréales
558	0561	Céréales. Cerf
559	0562	Cerf
560	0563	Cerf
561	0564	Cerf
562	0565	Cerf. Cerf. (mal de). Cerf-oiseau. Cerf-volant. Cerfeuil
563	0566	Cerfeuil. Cerfeuil commun
564	0567	Cerfeuil commun. Cerfeuil musqué ou anisé. Cerises
565	0568	Cerises
566	0569	Cerises. Cerisier. Cerisy. Cernay. (eaux minérales). Cerneau. Cernières. (eaux minérales)
567	0570	Cernin. (S.) (eaux minérales). Cerouene. Cersifi. Certificat d'excuse
568	0571	Certificat d'excuse. Cervelat. Cervelle. Cervelle de sanglier. Cervelle de belette. Cervelle de chat. Cervelle de chien. Cervoise. Ceruse. Ceruse d'antimoine
569	0572	Cesar optatus. Cessel. Cestoni, (Hyacinthe)
570	0573	Céterach. Cevadille. Cézeriat. Chacril ou chaquerille. Cascarille. Chagrin
571	0574	Chagrin. Chaine. Chair
572	0575	Chair
573	0576	Chair. Chair des animaux
574	0577	Chair des animaux
575	0578	Chair des animaux
576	0579	Chair des animaux
577	0580	Chair des animaux
578	0581	Chair des animaux. Chaircuitier. Chaise de poste. Chalastiques. Chalazes
579	0582	Chalazes. Chalazie. Chalcitis. Chalcus. Chaleur. Chalibé
580	0583	Chalier. (eaux minérales). Chaligny. (eaux minérales). Chalindrey. (eaux minérales). Chamaeacte. Chamaeratus. Chamaecedrus. Chamaecerasus. Chamaecissus. Chamaedrys.Chamaeleon blanc. Chamaeleuce
581	0584	Chamaepitys. Chamberlayne (Pierre). Chambon (Joseph)
582	0585	Chambon (Joseph). Chambon. (eaux minérales). Chambre, (Marin Cureau de La). Chambre
583	0586	Chambre. Chameau. Chamois
584	0587	Chamois. Champacam. Champé. Champier, dit Campegius, (Symphorien)
585	0588	Champier, dit Camegius, (Symphorien). Champier, (Jean Bruyren)
586	0589	Champier, (Jean Bruyren). Champignons
587	0590	Champignons
588	0591	Champignons
589	0592	Champignons
590	0593	Champignons
591	0594	Champignons
592	0595	Champignons
593	0596	Champignons
594	0597	Champignons
595	0598	Champignons
596	0599	Champignons
597	0600	Champignons
598	0601	Champignons
599	0602	Champignons
600	0603	Champignons
601	0604	Champignons
602	0605	Champignons
603	0606	Champignons
604	0607	Champignons
605	0608	Champignons
606	0609	Champignons. Champs (les) ou la campagne
607	0610	Champs (les) ou la campagne
608	0611	Champs (les) ou la campagne. Chancre
609	0612	Chancre
610	0613	Chancre. Chandeliers. (maladies des). Chandelle
611	0614	Chandelle. Changement
612	0615	Changment. Changement dans les maladies. Chanonat. Chant
613	0616	Chant. Chanteurs. (maladies des)
614	0617	Chanteurs. (maladie des). Chantejat. (eaux minérales). Chantesac. (eaux minérales). Chantrigné. (eaux minérales). Chanvre. Chanvriers. (maladies des)
615	0618	Chanvriers. (maladies des)
616	0619	Chanvriers. (maladies des). Chapeau
617	0620	Chapeau. Chapeau d'évêque. Chapelain, (Jean). Chapelure. Chaperonnière. Chapiteau. Chapman, (Edmon)
618	0621	Chapman, (Edmon). Charançon. Charantia. Charas, (Moyse)
619	0622	Charas, (Moyse). Charbon
620	0623	Charbon
621	0624	Charbon
622	0625	Charbon. Charbon de terre
623	0626	Charbon de terre. Charbon des matières animales
624	0627	Charbon des matières animales. Charbon des végétaux
625	0628	Charbon des végétaux
626	0629	Charbon des végétaux. Charbon. Charbon des paupières
627	0630	Charbon des paupières. Charbon, anthrax
628	0631	Charbon, anthrax
629	0632	Charbon, anthrax
630	0633	Charbon, anthrax
631	0634	Charbon, anthrax
632	0635	Charbon, anthrax
633	0636	Charbon, anthrax
634	0637	Charbon, anthrax
635	0638	Charbon, anthrax
636	0639	Charbon, anthrax
637	0640	Charbon, anthrax
638	0641	Charbon, anthrax
639	0642	Charbon, anthrax
640	0643	Charbon, anthrax
641	0644	Charbon, anthrax
642	0645	Charbon blanc. Charbonniers. (maladies des). Charbouglion
643	0646	Charbouglion. Chardon
644	0647	Chardon
645	0648	Chardon
646	0649	Chardon. Chardonneret. Chardonnerette. Charge, (faix)
647	0650	Charge, (faix). Chariclès. Charlatan
648	0651	Charlatan
649	0652	Charlatan. Charlatanerie
650	0653	Charlatanerie. Charlatanisme. Charles, (Claude)
651	0654	Charles, (Claude). Charleton (Gautier)
652	0655	Charleton (Gautier). Charmes. Charmis
653	0656	Charmis
954	0657	Charmis. Charogne. Charpentier, (Jacques)
655	0658	Charpentier, (Jacques). Charpentiers. (maladies des)
656	0659	Charpentiers. (maladies des). Charrière, (Joseph De La). Charrue
657	0660	Charrue. Chartier, (René)
658	0661	Chartier, (René). Chartier, (Jean). Chartier, (Philippe). Charton, (Nicolas)
659	0662	Charton, (Nicolas). Chartre. (maladie des enfans). Chartres. (eaux minérales). Chases. Chasse-bosse. Chasselas. Chasse-marée
660	0663	Chasse-marée. Chasseurs. (maladies des). Chassie. Chasteté
661	0664	Chasteté. Chat. Chataigne. Chataignier
662	0665	Chataigner
663	0666	Chataigner. Chatain. Chataire ou cataire. Château-Gontier. (eaux minérales)
664	0667	Château-Gontier. (eaux minérales). Château-Landon. (eaux minérales). Château-La-Valliere. (eaux minérales). Château-Neuf. (eaux minérales). Château-Thierry. (eaux minérales). Chateaulin. (eaux minérales). Chateldon. (eau de)
665	0668	Chateldon. (eau de). Chatelguyon. (Lande)
666	0669	Chatelguyon. (Lande). Chatenoi ou Kestenholtz. (eaux minérales). Chatillon. (eaux minérales). Chatouillement
667	0670	Chatouillement. Chatrer. Chaud. Chaudeau. Chaudebourg. (eaux minérales). Chaudefontaine. (eaux minérales). Chaudepisse (la)
668	0671	Chaudepisse (la)
669	0672	Chaudepisse (la)
670	0673	Chaudepisse (la)
671	0674	Chaudepisse (la)
672	0675	Chaudepisse (la). Chaudes-Aigues. (eaux minérales). Chaudes-eaux. Chaudiere
673	0676	Chaudiere. Chaudron. Chauffage
674	0677	Chaufferette. Chauffoir. Chaufourniers. (maladies des)
675	0678	Chaufourniers. (maladies des). Chaulieu. (eaux minérales). Chaumette, (Antoine). Chaumière
676	0679	Chaumière. Chaumont. (eaux minérales). Chausse d'Hippocrate. Chaussette. Chausse-trape. Chaussure
677	0680	Chaussure
678	0681	Chaussure. Chauve
679	0682	Chauve. Chaux, eau de chaux
680	0683	Chaux, eau de chaux
681	0684	Chaux, eau de chaux
682	0685	Chaux, eau de chaux
683	0686	Chaux, eau de chaux
684	0687	Chaux, eau de chaux. Chaux d'antimoine. Chaux de cuivre. Chaux d'étain. Chaux de zinc. Chaux métalliques. Chaux (pierre à). Cheiri. Chelapa. Chélidoine
685	0688	Chélidoine. Chema. Chémillé. Cheminée
686	0689	Cheminée. Chemise. Chemosis
687	0690	Chemosis. Chenai. (eaux minérales). Chêne
688	0691	Chêne. (petit). Chêne. (de mer). Chenevis
689	0692	Chenocoprus. Cher. (eaux minérales). Cherbourg. (eaux minérales). Chere. Cherler, (Jean-Henri). Chermès animal. Chermès minéral. Chervi, ou girole
690	0693	Chervi, ou girole. Chéselden (Guillaume)
691	0694	Chéselden (Guillaume). Chesne dit Quercetanus, (Joseph Du)
692	0695	Chesneau dit Quercetanus, (Joseph Du). Chesneau dit Quercetanus, (Nicolas). Chessey, ou Chessieux. (eaux minérales). Cheval
693	0696	Cheval
694	0697	Cheval
695	0698	Cheval
696	0699	Cheval
697	0700	Cheval
698	0701	Cheval
699	0702	Cheval
700	0703	Cheval
701	0704	Cheval
702	0705	Cheval
703	0706	Cheval
704	0707	Cheval
705	0708	Cheval
706	0709	Cheval
707	0710	Cheval
708	0711	Cheval
709	0712	Cheval
710	0713	Cheval
711	0714	Cheval
712	0715	Cheval
713	0716	Cheval
714	0717	Cheval
715	0718	Cheval
716	0719	Cheval
717	0720	Cheval
718	0721	Cheval
719	0722	Cheval
720	0723	Cheval
721	0724	Cheval
722	0725	Cheval
723	0726	Cheval
724	0727	Cheval
725	0728	Cheval
726	0729	Cheval
727	0730	Cheval
728	0731	Cheval
729	0732	Cheval
730	0733	Cheval
731	0734	Cheval
732	0735	Cheval
733	0736	Cheval
734	0737	Cheval
735	0738	Cheval
736	0739	Cheval
737	0740	Cheval
738	0741	Cheval
739	0742	Cheval
740	0743	Cheval
741	0744	Cheval
742	0745	Cheval
743	0746	Cheval
744	0747	Cheval
745	0748	Cheval
746	0749	Cheval
747	0750	Cheval
748	0751	Cheval
749	0752	Cheval
750	0753	Cheval
751	0754	Cheval
752	0755	Cheval
753	0756	Cheval
754	0757	Cheval
755	0758	Cheval
756	0759	Cheval
757	0760	Cheval
758	0761	Cheval
759	0762	Cheval
760	0763	Cheval
761	0764	Cheval
762	0765	Cheval
763	0766	Cheval
764	0767	Cheval
765	0768	Cheval
766	0769	Cheval
767	0770	Cheval
768	0771	Cheval
769	0772	Cheval
770	0773	Cheval
771	0774	Cheval
772	0775	Cheval
773	0776	Cheval. Cheval angloisé. Cheval arrêté. Cheval bien bridé
774	0777	Cheval bien chaussé, mal chaussé. Cheval bien placé. Cheval camus. Cheval chaussé haut, trop haut. Cheval cornard. Cheval courbatu. Cheval dans la main. Cheval de bois. Cheval de fer. Cheval entier
775	0778	Cheval entier. Cheval fourbu. Cheval hongre. Cheval lunatique. Cheval oreillard. Cheval qui boiroit dans un verre. Cheval qui jette. Cheval qui s'arme des lèvres. Cheval. (exercice du). Cheval
776	0779	Cheval. Cheval marin. Chevaler. Chevalet. Chevaline
777	0780	Chevaline. Chevaux. (choix des). Chevelure. Cheveu
778	0781	Cheveu
779	0782	Cheveu. Cheveux humains. Cheveux. (chûte des). Chèvre. (lait de). Chèvre. Chèvre sauvage, ou bouquetin. Chèvre des alpes. Chèvre d'Afrique. Chèvre du bezoard oriental
780	0783	Chèvre du Bezoard oriental. Chèvre du Bezoard occidental. Chèvrefeuille
781	0784	Chèvrefeuille. Chevrette. Chevreuil
782	0785	Chevreuil. Cheylard. (eaux minérales)
783	0786	Cheylard. (eaux minérales). Chicadan & Sainte-Marie. (eaux minér.). Chicoracées
784	0787	Chicoracées. Chicorée
785	0788	Chicorée
786	0789	Chicorée. Chicoyneau, (Michel). Chicoyneau, (François)
787	0790	Chicoyneau, (François). Chicoyneau, (Aimé-François)
788	0791	Chicoyneau, (Aimé-François). Chien
789	0792	Chien
790	0793	Chien
791	0794	Chien
792	0795	Chien
793	0796	Chien
794	0797	Chien
795	0798	Chien
796	0799	Chien
797	0800	Chien
798	0801	Chien
799	0802	Chien
800	0803	Chien
801	0804	Chien
802	0805	Chien
803	0806	Chien. Chiendent
804	0807	Chiendent
805	0808	Chiendent. Chifflet, (Jean-Jacques)
806	0809	Chifflet, (Jean-Jacques). Chiliophyllon. Chimiatrie. Chimiques
807	0810	Chimiques. Chimistes. (maladies des)
808	0811	Chimistes. (maladies des). Chine
809	0812	Chine. Chinnorodon. Chiocco, (André). Chique. Chirac (Pierre)
810	0813	Chirac (Pierre)
811	0814	Chirac (Pierre)
812	0815	Chirac (Pierre)
813	0816	Chirac (Pierre). Chiromantie. Chiron le centaure. Chiroui. Chirurgical, ale
814	0817	Chirurgical, ale. Chirurgie
815	0818	Chirurgie. Chirurgien aux rapports
816	0819	Chirurgien aux rapports
817	0820	Chirurgien aux rapports. Chist. Chit-sé. Chlorose
818	0821	Chlorose
819	0822	Chlorose
820	0823	Chlorose
821	0824	Chlorose
822	0825	Chlorose
823	0826	Chlorose
824	0827	Chlorose
825	0828	Chlorose
826	0829	Chlorose
827	0830	Chlorose
828	0831	Chlorose. Choc électrique. Chocolat
829	0832	Chocolat. Choenix. Cholagogues. Cholera-morbus
830	0833	Cholera-morbus
831	0834	Cholera-morbus
832	0835	Cholera-morbus. Chomel, (Pierre-Jean-Baptiste)
833	0836	Chomel, (Pierre-Jean-Baptiste). Chomel de Joinville, (Jean-Baptiste-Louis)
834	0837	Chomel de Joinville, (Jean-Baptiste-Louis). Chomel, (Amable). Chorea sancti-viti, ou danse de Saint-Guy. Chori. Choses contre nature
835	0838	Choses contre nature. Choses non naturelles. Chou
836	0839	Chou
837	0840	Chou
838	0841	Chou
839	0842	Chou
840	0843	Chou. Chou-marin, ou chou de mer. Chou-fleur. Chousset. Chozia. Chrestian. (Guillaume)
841	0844	Chrestian. (Guillaume). Christ. (Saint) (eaux minérales). Chrouet, (Warner)
842	0845	Chrouet, (Warner). Chrysanthème. Chrysippe. Chrysitis. Chrysocolle. Chrysolithe
843	0846	Chrysolithe. Chrysomèle. Chunda. Chus. Chute de la paupière. Chute de l'oeil. Chute du fondement, ou de l'anus
844	0847	Chute du fondement, ou de l'anus. Chute du membre
845	0848	Chute du membre
846	0849	Chute du membre. Chylaria. Ciboule, ciboulette. Cicatrisans
847	0850	Cicatrisans. Cicera tartari. Cicongius. Cicutaire aquatique
848	0851	Cicutaire aquatique
849	0852	Cicutaire aquatique. Cidre
850	0853	Cidre. Ciécée-ete. Cigale. Cigalinus ou Cigalini. (François). Cigalinus ou Cigalini. (Paul)
851	0854	Cigalinus ou Cigalini. (Paul). Cigogne. Cigüe
852	0855	Cigüe
853	0856	Cigüe
854	0857	Cigüe
855	0858	Cigüe
856	0859	Cigüe
857	0860	Cigüe
858	0861	Cigüe
859	0862	Ciguë. (petite). Ciguë aquatique. Cillement. Ciller. Cillosis. Cils. Cimolée. (terre). Cinnamome. Cinération. Cinnabre
860	0863	Cinnabre. Cinnabre d'antimoine. Cinningo ou Xi-Num. Cionis. Circé. Circée
861	0864	Circée. Circoncision. Circonférence. Circonscrit, ite. Cire des oreilles
862	0865	Cire des oreilles. Cire
863	0866	Cire. Cire végétale
864	0867	Cire végétale. Cire verte. Cire vierge. Ciroene. Cirita, ciritamari, negunda. Ciron ou draconcule. Cirsocèle. Cirsophtalmie. Cissa, ou citta. Ciste
865	0868	Ciste
866	0869	Ciste. Citambel. Cit-amerdu. Citerne
867	0870	Citerne
868	0871	Citerne. Citois, (François). Citrate. Citrique. (acide)
869	0872	Citrique. (acide). Citron
870	0873	Citron. Citron. (suc de)
871	0874	Citron. (suc de)
872	0875	Citron. (suc de). Citronelle. Citrouille
873	0876	Citrouille. Civet. Civette
874	0877	Civette. Clairet. (vin). Clapier. Clarification
875	0878	Clarification. Clarifié, clarifier. Classes, classification des remèdes
876	0879	Classes, classification des remèdes. Classes des maladies. Clavaire
877	0880	Clavaire. Clavalier. Clavus. Clematite
878	0881	Clematite. Clerc. Clermont-Ferrand. (eaux minérales). Cligner. Clignottement. Clignoter. Climat
879	0882	Climat
880	0883	Climat
881	0884	Climat
882	0885	Climat
883	0886	Climat. Clinique
884	0887	Clinique. Clinopode
885	0888	Clinopode. Clitoris. (vices du)
886	0889	Clitoris. (vices du). Cloaque. Clonici. Cloportes
887	0890	Cloportes
888	0891	Cloportes
889	0892	Cloportes. Cloture des religieuses. Clou hystérique. Clou de l'oeil. Clou. Cloux de girofle. Cloux mères de girofle. Clunesia. Clusius. Clymène. Clypéole. Clyssus
890	0893	Clyssus. Clystère
891	0894	Clystère. Clystère intestinal
892	0895	Clystère intestinal
893	0896	Clystère intestinal
894	0897	Clystère intestinal
895	0898	Clystère intestinal. Combrand. (eaux minérales). Cytise
896	0899	Cytise
