page	refimg	chapitre
[sans numérotation]	0001	[Page de titre]
[sans numérotation]	0002	Noms des Auteurs par ordre alphabétique
[sans numérotation]	0003	Angles des yeux (Maladie des...). Angleterre
4	0004	Angleterre. Anglois. Angloisé. Angloiser. Anglomanie
5	0005	Anglomanie
6	0006	Anglomanie
7	0007	Anglomanie. Angoisse. Angola, angora. Amgolam. Angoure de lin, agoure de lin. Angourie. Angrec
8	0008	Angrec
9	0009	Angrec. Angsana. Anguille
10	0010	Anguille
11	0011	Anguille. Anguis
12	0012	Anguis. Anhaltina. Anhelation. Anhelationes. Anhilation. Anhima
13	0013	Anhima. Ani. Anier, asnier. Anil. Animal. Animalisation
14	0014	Animalisation
15	0015	Animalisation
16	0016	Animalisation
17	0017	Animalisation
18	0018	Animalisation
19	0019	Animalisation
20	0020	Animalisation
21	0021	Animalisation
22	0022	Animalisation. Animation
23	0023	Animaux
24	0024	Animaux
25	0025	Animaux
26	0026	Animaux. Animaux venimeux. Animé. (Résine)
27	0027	Animé (résine). Animé (teint). Animelles. Animer un cheval. Animés. (Remèdes)
28	0028	Animés (remèdes). Aninga-iba. Aninga. Aninga-peri. Anis
29	0029	Anis
30	0030	Anis. Ankyloblépharon. Ankylopo. Ankylose
31	0031	Ankylose. Anne. Anneau
32	0032	Anneau. Anneau de l'aine, anneau du grand oblique, anneau inguinal. Anneau de l'os
33	0033	Anneau de l'os. Anneau inguinal. Anneaux des cornes, bourrelets, cercles. Anneaux du sabot. Année. Année climactérique. Année médicale
34	0034	Année médicale
35	0035	Année médicale
36	0036	Année médicale
37	0037	Année médicale
38	0038	Année médicale. Année, (Etre à l'année). Annelet. Annote, arnoute. Annuelle (Constitution). Annulaire
39	0039	Annulaire. Annulation. Annuler. Annus. Anodynie. Anodyns
40	0040	Anodyns
41	0041	Anodyns. Anoia
42	0042	Anoia. Anomal. Anomales, maladies anomales. anomalie
43	0043	Anon. Annoner. Anorexie, anorexia. Anorexie
44	0044	Anorexie
45	0045	Anorexie
46	0046	Anorexie. Anosmie, anosmia. Anosmie
47	0047	Anosmie. Anouge. Ans-jeli. Anse. Antacides
48	0048	Antale. Antalgiques. Antan, antanaire, antanais, antanois, antenais, antenois, atanaire. Antacides. Antaphrodisiaques. Antarthritiques
49	0049	Antarthritiques. Antasthmatiques. Antémétiques. Antemide champêtre, oeil de boeuf. Antenais, antenois. Antendeixis
50	0050	Antenois. Antephaltiques. Antépileptiques. Anthelmintiques. Anthelmantiques, anthelmentiques, antelmintiques. Anthia. Anthitora. Anthore, anthoria, aconit salutaire, maclou. Anthos. Anthosatum
51	0051	Anthracose. Anthracosis, anthracose. Anthrax
52	0052	Anthrax
53	0053	Anthrax
54	0054	Anthrax
55	0055	Anthrax
56	0056	Anthrax
57	0057	Anthrax
58	0058	Anthrax
59	0059	Anthrax
60	0060	Anthrax
61	0061	Anthrax
62	0062	Anthrax
63	0063	Anthrax
64	0064	Anthrax
65	0065	Anthrax. Anthropophage
66	0066	Anthropophage
67	0067	Anthropophage. Anthropophagie. Anthypnotiques
68	0068	Anthypnotiques. Anthystériques. Antiaphrodisiaques. Antiapoplectiques. Antiapoplectique, (baume). Anti-arthritiques. Anti-asthmatiques. Anti-cachectiques. Anti-cacochimiques. Anti-cancereux
69	0069	Anti-causotiques. Anticipant. Anti-coeur. Anti-coliques. Antidartreux, antiherpetica
70	0070	Antidartraux, Antiherpetica. Anticancéreux. Anti-diniques. Antidotaire. Antidote. Antidysentériques
71	0071	Antidysentériques. Anti-dyssentériques. Anti-émétiques. Anti-épileptiques. Anties. Antifébriles. Antifarcineux
72	0072	Antifarcineux. Antigaleux. Antihectiques
73	0073	Antihectiques. Antihectique
74	0074	Antihectique. Antihydrophobiques
75	0075	Antihydrophobiques. Antihydropiques
76	0076	Antidropiques. Antihypochondriaques. Anti-hystériques. Antilaiteux
77	0077	Antilaiteux
78	0078	Antilaiteux
79	0079	Antilaiteux. Antiléna. Antilles
80	0080	Antilles. Antilly. Anti-loimiques. Antimélancholiques. Antimorveux
81	0081	Antimorveux. Antimoine
82	0082	Antimoine
83	0083	Antimoine
84	0084	Antimoine. Antimoine diaphorétique
85	0085	Antimoine diaphorétique. Antimoniaux
86	0086	Antimoniaux. Antinephrétiques. Antiochus
87	0087	Antiparalytiques. Anti-paralytiques. Antipater
88	0088	Antipater. Antipathes. Antipathie
89	0089	Antipathie
90	0090	Antipathie
91	0091	Antipathie
92	0092	Antipathie. Antipéristaltique
93	0093	Antipéristaltique. Anti-pestilentiels. Antiphlogistiques. Antiphthisiques. Antiphysiques. Antipleurétiques. Antipodagriques
94	0094	Antipodagriques. Antipoussifs. Antipsoriques
95	0095	Antipsoriques. Antiputrides. Antiputrides, antiseptiques. Antiputride de Beaufort. Antipyiques. Antipyrétiques. Antipyrotiques
96	0096	Antipyrotiques. Antiquor
97	0097	Antiquor. Antirachitiques. Antiscorbutiques
98	0098	Antiscorbutiques. Antiscrophuleux. Antiseptiques
99	0099	Antiseptiques
100	0100	Antiseptiques. Antispasis. Antispasmodiques
101	0101	Antispasmodiques. Antispodium. Antistius
102	0102	Antistitus
103	0103	Antistitus. Antithora, antithore. Antivénériens
104	0104	Antivénériens. (Remèdes)
105	0105	Antivénériens. (Remèdes)
106	0106	Antivénériens. (Remèdes)
107	0107	Antivénériens. (Remèdes)
108	0108	Antivénériens. (Remèdes)
109	0109	Antivénériens. (Remèdes)
110	0110	Antivénériens. (Remèdes)
111	0111	Antivénériens. (Remèdes)
112	0112	Antivénériens. (Remèdes)
113	0113	Antivénériens. (Remèdes)
114	0114	Antivénériens. (Remèdes)
115	0115	Antivénériens. (Remèdes)
116	0116	Antivénériens. (Remèdes)
117	0117	Antivénériens. (Remèdes)
118	0118	Antivénériens. (Remèdes)
119	0119	Antivénériens. (Remèdes)
120	0120	Antivénériens. (Remèdes)
121	0121	Antivénériens. (Remèdes)
122	0122	Antivénériens. (Remèdes)
123	0123	Antivénériens. (Remèdes)
124	0124	Antivénériens. (Remèdes)
125	0125	Antivénériens. (Remèdes)
126	0126	Antivénériens. (Remèdes)
127	0127	Antivénériens. (Remèdes)
128	0128	Antivénériens. (Remèdes)
129	0129	Antivénériens. (Remèdes)
130	0130	Antivénériens. (Remèdes)
131	0131	Antivénériens. (Remèdes)
132	0132	Antivénériens. (Remèdes)
133	0133	Antivénériens. (Remèdes). Antivermiculaire. Antivermineux
134	0134	Antoffles. Antoine (Feu St.)
135	0135	Antoine (Feu St.)
136	0136	Antoine (Feu St.)
137	0137	Antoine (Feu St.)
138	0138	Antoine (Feu St.)
139	0139	Antoine (Feu St.)
140	0140	Antoine (Feu St.)
141	0141	Antoine (Feu St.)
142	0142	Antoine (Feu St.)
143	0143	Antoine (Feu St.)
144	0144	Antoine (Feu St.)
145	0145	Antoine (Feu St.)
146	0146	Antoine (Feu St.)
147	0147	Antoine (Feu St.)
148	0148	Antoine (Feu St.) Antonius castor. Antonius musa. Antora, antore. Antrac. Antrax, anthrax. Antsjak
149	0149	Antsjak. Antu. Anty. Antylus
150	0150	Antylus
151	0151	Antylus. Anvally
152	0152	Anvally. Anus. Fondement. Anus imperforé. Anxiété, angoisse, inquiétude
153	0153	Anxiété, angoisse, inquiétude. Aorte. Aovara. Apacaro. Apalachine. Apanthropie, apanthropia. Apathie
154	0154	Apathie. Apepsie, apepsia. Apepsie
155	0155	Apepsie. Apéritifs
156	0156	Apéritifs, atténuans, desobstruans, fondans, incisifs
157	0157	Apéritifs. Apete. Aphilanthrope, aphilanthropia. Aphonie, aphonia. Aphonie, extinction de voix, la peau cassée, perte de la voix
158	0158	Aphonie, extinction de voix, la peau cassée, perte de la voix. Aphrodisiaque. Aphrodisiaques
159	0159	Aphrodisiaques, échauffans, spermatopes. Aphrodisiasme, aphrodisiasmus. Aphroditaire, aphroditarum
160	0160	Aphthe, aphtha. Aphthes. Aphtheuse, (Fièvre)
161	0161	Aphtheuse, (Fièvre)
162	0162	Aphtheuse, (Fièvre)
163	0163	Aphtheuse, (Fièvre)
164	0164	Aphtheuse, (Fièvre)
165	0165	Aphtheuse, (Fièvre)
166	0166	Aphtheuse, (Fièvre)
167	0167	Aphtheuse, (Fièvre). Aphthes, alcola, bouche chancrée, bouche ulcérée, boutons, chancres à la bouche, mal de la bouche, pouches, ulcères à la bouche, ulcères serpigineux
168	0168	Aphtes, alcola, bouche chancrée, bouche ulcérée, boutons, chancres à la bouche, mal de la bouche, bouches, ulcères à la bouche, ulcères serpigineux
166	0169	Aphtes, alcola, bouche chancrée, bouche ulcérée, boutons, chancres à la bouche, mal de la bouche, bouches, ulcères à la bouche, ulcères serpigineux
170	0170	Aphtes, alcola, bouhce chancrée, bouche ulcérée, boutons, chancres à la bouche, mal de la bouche, bouches ulcères à la bouche, ulcères serpigineux. Aphtheuse. Apian (Philippe)
171	0171	Apian (Philippe). Apiastrum. Apicius
172	0172	 Apicius
173	0173	 Apicius
174	0174	 Apicius. Apin
175	0175	Apinel. Apios. Apis. Aplestie
176	0176	Aplomb. Apnée. Apobamma. Apocenoses. Apochylisma. Apochyma. Apocin
177	0177	Apocin. Apocrustica. Apocroustiques. Apodacritica. Apogeusis. Apollodore. Apollon
178	0178	Apollon. Apollonides. (de Cos)
179	0179	Apollonides, de Cos, de Chypre. Apollonius. Apollophanes
180	0180	Apollophanes. Apoltroni, apoltronir. Apomeli. Aponevrose blessée. Apomuttosis. Apono. Apophlegmatilames. Apophlegmatisans
181	0181	Apophlegmatisans. Apophlegmatisme
182	0182	Apophlegmatisme
183	0183	Apophlegmatisme. Apophyse cariée
184	0184	Apoplectiques. Apoplexie, apoplexia
185	0185	Apoplexie, apoplexia
186	0186	 Apoplexie, apoplexia. Apoplexie symptomatique. Apoplexie, affection-comateuse, affection-soporeuse, assoupissement, carus, coma, coup-de-chaleur, coup-de-sang, étourdissement, haut-somme, hydrocéphale, hydropisie du cerveau, la goccia, léthargie, vertigo
187	0187	Apoplexie, affection-comateuse, affection soporeuse, assoupissement, carus, coma, coup de chaleur, coup de sang, étourdissement, haut somme, hydrocéphale, hydropisie du cerveau, la goccia, léthargie, vertifo de sang, vetornon
188	0188	Apoplexie, affection-comateuse, affection soporeuse, assoupissement, carus, coma, coup de chaleur, coup de sang, étourdissement, haut somme, hydrocéphale, hydropisie du cerveau, la goccia, léthargie, vertifo de sang, vetornon
189	0189	Apoplexie, affection-comateuse, affection soporeuse, assoupissement, carus, coma, coup de chaleur, coup de sang, étourdissement, haut somme, hydrocéphale, hydropisie du cerveau, la goccia, léthargie, vertifo de sang, vetornon
190	0190	Apoplexie, affection-comateurse, affection soporeuse, assoupissement, carus, coma, coup de chaleur, coup de sang, étourdissement, haut somme, hydrocéphale, hydropisie du cerveau, la goccia, léthargie, vertigo de sang, vetornon. Apositie, apositia. Apostas
191	0191	Apothicaires
192	0192	Apothicaires
193	0193	Apothicaires. Apothicairerie
194	0194	Apothicaires -majors. Apôtres (onguent des). Apozème
195	0195	Apozème
196	0196	Apozème. Apaiser un cheval
197	0197	Apaiser un cheval. Apparent, patent. Appariage. Appareil. Appareiller, apparier. Appateler, appater. Appauvri, appauvrissement. Appel
198	0198	Appel. Appetence. Appétit. Appétit dépravé. Applatir. Appliquer le feu. Appoint, appointement, appointer, délivrer, jetter son appoint, son délivre, ses ordures
199	0199	Appoint, appointement, appointer, délivrer, jetter son appoint, son délivre, ses ordures. Apprelle. Apprêt des alimens. Approvisionnemens. Apralaire. Apre. Aprêle, asprêle. Absinte. Apuleius Celsus. Apuleius (Lucius)
200	0200	Apyrexie, apyrexia. Apyrothium. Aquapendente. Aquatique. Aqueuse. Aqueux. Aquila alba. Aquila (Jean Dell')
201	0201	Aquila (Jean dell'). Aquilon. Aquila. Arabes
202	0202	Arabes
203	0203	Arabes
204	0204	Arabes
205	0205	Arabes
206	0206	Arabes
207	0207	Arabes. Arabie
208	0208	Arabie. Arabique (gomme). Araca-miri. Arachide. Arack. Araignée
209	0209	Araignée
210	0210	Araignée
211	0211	Araignée, les araignées. Araignée, aragnée, erignée, cru jaune. Araignée de mer. Araliastrum. Aralie. Aramaca
212	0212	Aramaca. Arat. Arara de clusius. Arboriste. Arbouses
213	0213	Arbouses. Arbousier. Arbre-à-fraises. Arbre de corail. Arbre de raisin. Arbre de vie. Arc
214	0214	Arc. Arcaeus. Arcançon. Arcanes
215	0215	Arcanes. Arcane corallin
216	0216	Arcane corallin
217	0217	 Arcane corallin. Arcane de tartre. Arcanum duplicatum. Arcanum jovis. Arcello. Arceutos. Archangélique. Archée. Archeure
218	0218	Archiatre
219	0219	Archiatre
220	0220	Archiatre
221	0221	Archiatre
222	0222	Archiatre
223	0223	Archiatre
224	0224	Archiatre
225	0225	Archiatre
226	0226	Archiatre. Archingeay. (Eaux minérales). Architectes, (médecins architectes, & médecins manoeuvres)
227	0227	Architectes, (médecins architectes, & médecins manoeuvres)
228	0228	Architectes, (médecins architectes, & médecins manoeuvres)
229	0229	Architectes, (médecins architectes, & médecins manoeuvres)
230	0230	Architectes, (médecins architectes, & médecins manoeuvres). Architecture
231	0231	Architecture. Archaeus. Archoptoma. Arction. Arctura. Arcueil. (Eaux min.). Ardens ou mal des ardens
232	0232	Ardens ou mal des ardens
234	0233	Ardens ou mal des ardens
234	0234	Ardens ou mal des ardens
235	0235	Ardens ou mal des ardens
237	0236	Ardens ou mal des ardens
238	0237	Ardens ou mal des ardens
238	0238	Ardens ou mal des ardens
239	0239	Ardens ou mal des ardens
241	0240	Ardens ou mal des ardens. Ardent. Ardente, fièvre, chaud mal
241	0241	Ardente, fièvre, chaud mal
242	0242	Ardente, fièvre, chaud mal
243	0243	Ardente, fièvre, chaud mal. Ardeur
244	0244	Ardente, fièvre, chaud mal. Ardeur d'estomac. Ardoise. Ardrase. Areck
245	0245	Areck. Aréfaction. Arégon. Arénation. Areomètre
246	0246	Areomètre. Aréotiques. Aresgner, arregner, arrenger
247	0247	Aresgner, arregner, arrenger. Arestes ou queues de rat. Arête, carre. Aretée. Argemon. Argémone. Argent. Argenson. (Eaux minérales). Argent
248	0248	Argent. Argenté. Argentine. Argenture. Argent vif. Argile
249	0249	Argile. Argot. Argrave. Argyrophore. Aridité. Ardona. Aridure. Aristoloche
250	0250	Aristoloche
251	0251	Aristoloche. Aristolochiques. Aristote
252	0252	Aristote
253	0253	Aristote
254	0254	Aristote
255	0255	Aristote
256	0256	Aristote. Arlant. Arme offensive. Armées. (Hôpitaux des)
257	0257	Armées. (Hôpitaux des)
258	0258	Armées. (Hôpitaux des)
259	0259	Armées. (Hôpitaux des)
260	0260	Armées. (Hôpitaux des)
261	0261	Armées. (Hôpitaux des)
262	0262	Armées. (Hôpitaux des)
263	0263	Armées. (Hôpitaux des)
264	0264	Armées. (Hôpitaux des)
281	0265	Armées. (Hôpitaux des)
282	0266	Armées. (Hôpitaux des)
283	0267	Armées. (Hôpitaux des)
284	0268	Armées. (Hôpitaux des)
285	0269	Armées. (Hôpitaux des)
286	0270	Armées. (Hôpitaux des)
287	0271	Armées. (Hôpitaux des)
288	0272	Armées. (Hôpitaux des)
289	0273	Armées. (Hôpitaux des). Armes. (Hygiène). Armes (plaies d'). Armoires (aux onguens, charpie & compresses). Armoise
290	0274	Armoise
291	0275	Armoise
292	0276	Armoise. Armoniac. Armstrong, (Jean). Armure. (Art vétérinaire). Arnab. Arnabo. Arnacis. Arnaud de Ronsil, (George)
293	0277	Arnaud de Ronsil. Arnauld, (de Villeneuve)
294	0278	Arnauld, (de Villeneuve)
295	0279	Arnauld, (de Villeneuve)
296	0280	Arnauld, (de Villeneuve)
298	0281	Arnauld, (de Villeneuve). Arnauld, (de Villeneuve).Arnaud de Nobleville (L. Daniel). Arnisaeus (Henningus)
298	0282	Arnisaeus (Henningus). Arnica
299	0283	Arnica. Arnoglosse. Arnoute. Aromatiques (substances)
300	0284	Aromatiques (substances)
301	0285	Aromatoques (substances).Aromatisation, aromatiser. Arome
302	0286	Arome
303	0287	Arome. Aromatariis (Joseph de). Arousse. Arpette, erpette. Arquebusade (cau d')
304	0288	Arquebusade. Arrête-boeuf. Arrêté. Arreboerri. Arrièrefaix. Arrière-saison. Arroche
305	0289	Arroche. Arroche bonne dame. Arroser, arrosement. Arsac. Arséniates
306	0290	Arséniates. Arsénic
307	0291	Arsénicales
308	0292	Arsénicales. Arsénique. Artaba. Artedi, (Pierre)
309	0293	Artédi (Pierre). Artelsheim. (Eaux minérales). Artemise. Artemonium. Arteres, (Blessures des)
310	0294	Artères (blessures des). Artériaques. Arthanita
311	0295	Arthanita. Arthritiques. Arthritis. Arthrocace. Arthrodynia. Arthrodynie. Arthropuosis. Arti
312	0296	Arti. Artichaut. Articulaire. Artillerie
313	0297	Artillerie. Artisans, (maladies des)
314	0298	Artisans, (maladies des)
315	0299	Artisans, (maladies des)
316	0300	Artisans, (maladies des)
317	0301	Artisans, (maladies des)
318	0302	Artisans, (maladies des)
319	0303	Artisans, (maladies des). Artiscus
320	0304	Artois, chien-d'artois, basset. Artois & Arras
321	0305	Artois & Arras. Artomeli. Artorius (Marcus). Arzel. As, assis. Asaphia. Asarum. Asbecha. Ascain
322	0306	Ascain. Ascaride
323	0307	Ascaride
324	0308	Ascaride. Ascaride trichuride
325	0309	Ascaride trichuride
326	0310	Ascaride trichuride. Ascarides. Asci. Ascite
327	0311	Ascite. Ascitique. Asclapo. Asclépiade
328	0312	Asclépiade
329	0313	Asclépiade
330	0314	Asclépiade
331	0315	Asclépiade. Asclépiades. Asclépiade (mat. Méd.)
332	0316	Asclépiade (mat. Méd.). Asera. Asereta. Asfor. Asjogam. Asitie, asitia. Asne. Asnier. Aspalath
333	0317	Aspalath. Aspercette. Asperge
334	0318	Asperge
335	0319	Asperge. Asphalte
336	0320	Asperge. Asphodèle. Asphyxie. Aspic
337	0321	Aspic
338	0322	Aspic. Asplenium. Asprelle. Assa. Assa fetida
339	0323	Assa fetida
340	0324	Assa fetida
341	0325	Assa fetida. Assa foetida
342	0326	Assad. Assaieret. Assaisonnement
334	0327	Assaisonnement
344	0328	Assaisonnement. Assarius. Assation. Assazoé. Assentiment. Assiégeans. Assiégés. Assienne. Assimilation
345	0329	Assimilation
346	0330	Assimilation
347	0331	Assimilation
348	0332	Assimilation. Assis. Assodes. Assode
349	0333	Assode. Assortir. Assoupissants. Assoupissement
350	0334	Assoupissement
351	0335	Assoupissement
352	0336	Assoupissement
353	0337	Assoupissement
354	0338	Assoupissement
355	0339	Assoupissement
356	0340	Assoupissement
357	0341	Assoupissement
358	0342	Assoupissement
359	0343	Assoupissement
360	0344	Assoupissement
361	0345	Assoupissement. Astaphis. Astarius ou Asterius (Blaise). Astarzof. Aster atticus. Asthenie. Asthme
362	0346	Asthme
363	0347	Asthme
364	0348	Asthme
365	0349	Asthme
366	0350	Asthme
367	0351	Asthme
368	0352	Asthme. Astochodas. Astre au front. Astres. Astringens
369	0353	Astringens. Astrologie
370	0354	Astrologie
371	0355	Astrologie
372	0356	Astrologie. Astronomie
373	0357	Astronomie
374	0358	Astronomie. Astruc, (Jean)
375	0359	Astruc, (Jean)
376	0360	Astruc, (Jean)
377	0361	Astruc, (Jean)
378	0362	Astruc, (Jean)
379	0363	Astruc, (Jean)
380	0364	Astruc, (Jean)
381	0365	Astruc, (Jean)
382	0366	Astruc, (Jean)
383	0367	Astruc, (Jean)
384	0368	Atanaire. Ataxie. Ateckma. Atechnia. Ateliers. Athanasia. Athanor. Athénée
385	0369	Athénée
386	0370	Athénée
387	0371	Athénée
388	0372	Athénée
389	0373	Athénée
390	0374	Athénée
391	0375	Athera. Atheromateux. Athérome. Athletes. Athymia. Athymie. Athotis ou Thot
334	0376	Athotis ou Thot. Atincar. Atmidometre. Atmosphere
393	0377	Atmosphere
394	0378	Atmosphere
395	0379	Atmosphere
396	0380	Atmosphere
397	0381	Atmosphere
398	0382	Atmosphere
399	0383	Atmosphere
400	0384	Atmosphere
401	0385	Atmosphere
402	0386	Atmosphere
403	0387	Atmosphere
404	0388	Atmosphere
405	0389	Atmosphere
406	0390	Atmosphere. Atolli. Atombi. Atonie. Atrabilaire
407	0391	Atrabilaire. Atrabile
408	0392	Atrabile
409	0393	Atrabile
410	0394	Atrabile
411	0395	Atrabile
412	0396	Atrabile
413	0397	Atrabile
414	0398	Atrabile
415	0399	Atrabile
416	0400	Atrabile. Atrabilieuse (constitution)
417	0401	Atrabilieuse (constitution)
418	0402	Atrabilieuse (constitution)
419	0403	Atrabilieuse (constitution)
420	0404	Atrabilieuse (constitution)
421	0405	Atrabilieuse (constitution)
422	0406	Atrabilieuse (constitution)
423	0407	Atrabilieuse (constitution)
424	0408	Atrabilieuse (constitution)
425	0409	Atrabilieuse (constitution). Atre. Atreta. Atroce
426	0410	Atroce. Atrophie. Atrophie de l'oeil. Atropos. Att. Attainture
427	0411	Attencourt. Atteinte. Attenuans. Atterrer un cheval. Atti-alu
428	0412	Atti-alu. Atti-meer-alu. Attingat. Attirans. Attouchement. Attractifs. Attraction. Attrappe-mouche. Attritio
429	0413	Attritio. Attrition. Aubépine. Aubergine
430	0414	Auberre, auber, aubert. Aubert, (Jacques). Aubert (François). Aubery, (Jean). Aubier. Aubifoin. Aubigné de la Fosse, (Nathan). Aubin
431	0415	Aubin d'oeuf. Aubiner. Aubins. Aubourg. Aubry, (Jean d'). Audinac. Audoin de Chaignebrun. (Henri)
432	0416	Audoin de Chaignebrun. (Henri). Augure-de-lin. Aulne. Aumale
433	0417	Aumale. Aunée
434	0418	Aunée. Aurea alexandrina. Aurea. Aurel. Aurigo, icterus, jaunisse
435	0419	Aurigo. Aurillac. Aurillas. Aurone. Aurore. Aurore boréale
436	0420	Aurore boréale
437	0421	Aurore boréale. Austeres. Austérité. Austral, (vent). Auterive. (Eaux minérales). Auteuil, près Paris. (Eaux minérales). Automnale, constitution
438	0422	Automnales, maladies. Automne
439	0423	Automne. Autour. Autourserie. Autoursier, autrussier. Autruche
440	0424	Autruche. Autrussier. Auxiliaires. Auzon. Availles. Avalement de la langue. Avaler l'eau. Avaler la botte
441	0425	Avali. Avanacu. Avant-coeur
442	0426	Avant-coeur. Avant-courroux. Avaru. Avancoule. Aveline. Avenheim. (Eaux minérales). Avenzoar Avenzoar, & suivant les Arabes Aben-Zoar
443	0427	Avenzoar. Aven-zoar
444	0428	Avenzoar. Aven-zoar
445	0429	Avenzoar. Aven-zoar
446	0430	Avenzoar. Aven-zoar
447	0431	Avenzoar. Aven-zoar
448	0432	Avenzoar. Aven-zoar
449	0433	Avenzoar. Aven-zoar
450	0434	Averno. Averte-coeur. Averrhoes
451	0435	Avenzoar. Aven-zoar. Avette. Aveugle. Aveuglement. Aveugles (hôpital d')
452	0436	Aveugles (hôpital d'). Aveugles-nés (établissement des)
453	0437	Aveugles-nés (établissement des)
454	0438	Aveugles-nés (établissement des). Avicenne
455	0439	Avicenne
456	0440	Avicenne
457	0441	Avicenne
458	0442	Avicenne. Aviculae cyprae. Avier. Avignon
459	0443	Avignon
460	0444	Avignon. Avila. Avocatier
461	0445	Avocatier
462	0446	Avocatier. Avoine
463	0447	Avoine. Avold (Saint-). Avortement
464	0448	Avortement
465	0449	Avortement
466	0450	Avortement
467	0451	Avortement
468	0452	Avortement
469	0453	Avortement
470	0454	Avortement
471	0455	Avortement
472	0456	Avortement
473	0457	Avortement
474	0458	Avortement
475	0459	Avortement
476	0460	Avortement
477	0461	Avortement
478	0462	Avortement
479	0463	Avortement
480	0464	Avortement
481	0465	Avortement
482	0466	Avortement
483	0467	Avortement
484	0468	Avortement
485	0469	Avortement
486	0470	Avortement
487	0471	Avortement
488	0472	Avortement
489	0473	Avortement
490	0474	Avortement
491	0475	Avortement
492	0476	Avortement
493	0477	Avortement. Avorter
494	0478	Avorter
495	0479	Avorter
496	0480	Avorter
497	0481	Avorter
498	0482	Avorter. Avortin ou avorton
499	0483	Avortin ou avorton
500	0484	Avortin ou avorton. Avortin, avertain, avertin, étourdissement, tournoiement, vertige des moutons
501	0485	Avortin, avertain, avertin, étourdissement, tournoiement, vertige des moutons
502	0486	Avortin, avertain, avertin, étourdissement, tournoiement, vertige des moutons.Avorton
503	0487	Avorton
504	0488	Avorton. Avranches. Avre-sac. Aura epileptica
505	0489	Aura epileptica. Awols. Ax
506	0490	Ax. Axonge. Axonge de verre. Axungia. Ayrer, (Melchior). Aytuy. Ayune
507	0491	Ayune. Ayyil. Azarinit. Azedarach. Azerat. (Eaux minérales). Azerolles. Azote
508	0492	Azote. Azoth. Azoth de Paracelse. Azoth de Héflingius. Azyme
509	0493	B. Babeure. Babillement. Baccanelcius, (Jean). Bacchante
510	0494	Bacchante. Bacchia. Bacchica. Bacchius. Baccius, ou Baccio, (André)
511	0495	Bache. Bachtishua (George). Bachot (Etienne)
512	0496	Bachot (Etienne). Bacille marin. Bacinet. Backer (George). Bacon (François)
513	0497	Bacon (Roger)
514	0498	Bacon (Roger)
515	0499	Bacope aquatique. Bacquerre (Benoit). Badamier. Badian
516	0500	Badian. Badiri. Baditis. Badukka. Bagages. Bagard (Antoine)
517	0501	Bagassier. Baggaert (Jean). Baglivi (George)
518	0502	Baglivi (Georges). Bagneres de Bigorre
519	0503	Bagneres de Bigorre. Bagneres de Luchon
520	0504	Bagneres de Luchon. Bagnolles (Eaux minérales). Bagnols. (Eaux minérales)
521	0505	Bagnols. (Eaux minérales). Bagre. Baguenaudier. Baguette de communication
522	0506	Baguette de communication. Bahel. Baier (Jean-Jacques). Baies
523	0507	Baigneur. Baigneurs (maladie des)
524	0508	Baigneurs (maladie des). Baignoire
525	0509	Baignoire. Baignoire oculaire. Baillement. Bailler. Baillère. Bailly ou Baillif, (Roch le)
526	0510	Bain
527	0511	Bain
528	0512	Bain.Bain de sable. Bain de terre. Bain de vapeur
525	0513	Bain de vapeur. Bain (hygiène)
526	0514	Bain (hygiène)
527	0515	Bain (hygiène)
528	0516	Bain (hygiène)
529	0517	Bain (hygiène)
530	0518	Bain (hygiène)
531	0519	Bain (hygiène)
532	0520	Bain (hygiène)
537	0521	Bain (hygiène)
538	0522	Bain (hygiène)
539	0523	Bain (hygiène)
540	0524	Bain (hygiène)
541	0525	Bain (hygiène)
542	0526	Bain (hygiène)
543	0527	Bain (hygiène)
544	0528	Bain (hygiène)
541	0529	Bain (hygiène)
542	0530	Bain (hygiène)
543	0531	Bain (hygiène)
544	0532	Bain (hygiène)
545	0533	Bain (hygiène)
546	0534	Bain (hygiène)
547	0535	Bain (hygiène)
548	0536	Bain (hygiène)
549	0537	Bain (hygiène)
550	0538	Bain (hygiène)
551	0539	Bain (hygiène)
552	0540	Bain (hygiène)
553	0541	Bain (hygiène)
554	0542	Bain (hygiène)
555	0543	Bain (hygiène)
556	0544	Bain (hygiène)
557	0545	Bain (hygiène)
558	0546	Bain (hygiène)
559	0547	Bain (hygiène)
560	0548	Bain (hygiène)
561	0549	Bain (hygiène)
562	0550	Bain (hygiène)
563	0551	Bain (hygiène)
563	0552	Bain (hygiène)
564	0553	Bain (hygiène)
566	0554	Bain (hygiène)
567	0555	Bain (hygiène)
568	0556	Bain (hygiène). Bain-marie. Bain (mat. méd.)
569	0557	Bain (mat. méd.). Bain (électrique). Bains, douches, étuves, (Département des)
570	0558	Bains, douches, étuves, (Département des)
571	0559	Bains, douches, étuves, (Département des). Bains. (Eaux minérales)
572	0560	Bains. (Eaux minérales). Baiser. Bal (exercice). Balances
577	0561	Balances. Balance de Sanctorius. Balançoire
578	0562	Balançoire. Balanos. Balaruc
579	0563	Balaruc. Balaustes. Balbian (Josse VAN). Balde Baldi ou Baldus Baldius
580	0564	Balde Baldi ou Baldus Baldius. Baleine (corps de) (hygiène)
581	0565	Baleine (corps de) (hygiène)
582	0566	Baleine (corps de) (hygiène). Baleine. Baleine ou licorne de mer. Baleine (petite). Baley ou Bailey (Vautier)
583	0567	Baley ou Bailey (Vautier). Balise. Balisier. Balle. Ballexserd (Jacques). Ballon
584	0568	 Ballon. Ballote. Balsameleon. Balsamier. Balsamine
585	0569	Balsamine. Balsamique. Balsamiques
586	0570	Balsamiques. Bambou
587	0571	Bambou. Bamia. Banane. Bananier
588	0572	Bananier. Banc. Bancal. Bancudu. Bandage. Bande
589	0573	Bandiat. Bangada. Bangi. Bangue. Bannieres. Banzer (Marc)
590	0574	Baobab. Baptême
591	0575	Baptême. Bar. (Eaux min.). Baramareca
592	0576	Baramareca. Baraques, (baraquées armées). Barba (Pierre). Barba. (Alvaro Alonzo)
589	0577	Barba. (Alvaro Alonzo). Barbarca. Barbaro. (Hermolaus). Barbaut (Antoine François). Barbazan. (Eaux minérales)
590	0578	Barbe. Barbe à dieu. Barbe de bouc. Barbe de chèvre. Barbe de renard. Barbeau. Barberet (Denys)
591	0579	Barberet (Denys). Barberie. (La) (Eaux minérales). Barbette. (Paul). Barbeyrac. (Charles)
592	0580	Barbeyrac. (Charles). Barbier. Barbillon. Barbotan. (Eaux minérales)
593	0581	Barbotan. (Eaux minérales). Barbotte. Barbotine. Barbue. Barcelonette. (lit d'enfant). Barckausen, (Jean-Conrad)
594	0582	Barckausen, (Jean-Conrad). Bardane ou glouteron
595	0583	Bardane ou glouteron. Barde. Baréges. (Eau de)
596	0584	Baréges. (Eau de). Barge ou aboyeur. Barjac. (eaux minérales). Barisanus, (François-Dominique). Barland, (Hubert)
601	0585	Barland, (Hubert). Barlette. (Marianus de). Barner, (Jacques). Barométrographe. Baromètre
602	0586	Baromètre
603	0587	Baromètre. Barométrique (observation). Baron (Hyacinthe-Théodore)
604	0588	Baron (Hyacinthe-Théodore). Baron d'Henouville (Théodore)
605	0589	Baron (Hyacinthe-Théodore)
606	0590	Baron (Hyacinthe-Théodore)
607	0591	Baron (Hyacinthe-Théodore). Baronio (Vincent)
608	0592	Barra (Pierre). Barre. (Eaux minérales). Barreau. (Médecine de). Barrelier (Jacques)
609	0593	Barrelier (Jacques). Barreliere. Barry, (Edouard). Bartavelle. Barthelemi. (Eaux minérales). Bartholet (Fabrice). Bartholin, (Gaspar)
610	0594	Bartholin, (Gaspar)
611	0595	Bartholin, (Gaspar). Bartholin, (Albert). Bartholin, (Erasme). Bartholin, (Thomas)
612	0596	Bartholin, (Gaspar)
613	0597	Bartholin, (Gaspar)
614	0598	Bartholin, (Gaspar)
615	0599	Baryphonie. Barypicron. Bas-en-Basset. (Eaux minérales). Basaal. Basané
616	0600	Basané. Base
617	0601	Base. Basella. Basile Valentin
618	0602	Basile Valentin. Basilic. Basilicum
619	0603	Basilicum. Basilidion. Bassiano landi. Bassin oculaire
620	0604	Bassin oculaire. Bassin. (vice du). Bassinoire.Bassius (Henri). Bassuel (Pierre)
621	0605	Bassuel (Pierre). Bastennes. (Eaux minérales). Bastide-du-Peyrat. (Eaux minérales). Bas-ventre. (Sémeiotique)
622	0606	Bas-ventre (séméiotique)
623	0607	Bas-ventre (séméiotique). Bas-ventre (blessures du)
624	0608	Bas-ventre (blessures du)
621	0609	Bas-ventre (blessures du)
626	0610	Bas-ventre (blessures du)
627	0611	Bas-ventre (blessures du)
628	0612	Bas-ventre (blessures du)
629	0613	Bas-ventre (blessures du)
630	0614	Bas-ventre (blessures du)
631	0615	Bas-ventre (blessures du)
632	0616	Bas-ventre (blessures du)
633	0617	Bas-ventre (blessures du). Batailles
634	0618	Batailles
635	0619	Batailles. Batate. Bate (George)
636	0620	Bate (George). Bath. (Eaux minérales). Batiment. Batisse. (la) (Eaux minérales). Batons de casse. Batracos & batrachus. Battemens. Batterrismus. Batterie de cuisine (hygiène)
637	0621	Batterie de cuisine (hygiène)
638	0622	Batterie de cuisine (hygiène)
639	0623	Batterie de cuisine (hygiène). Battus, (Charles). Bavaroise. Bauderon (Brice)
640	0624	Bauderon (Brice)
641	0625	Bauderon (Brice). Bauderon (Gratien). Baudricourt. (Eaux minérales). Bave. Bauhin (Jean)
642	0626	Bauhin (Jean). Bauhin (Gaspar)
643	0627	Bauhin, (Jean-Gaspar)
644	0628	Bauhin, (Jean-Gaspar). Bauhin, (Jérôme). Bauhine. Baume. Baumes naturels
645	0629	Baumes naturels. Baumes en chimie. Baumes en pharmacie. Baumes d'aiguilles
646	0630	Baumes d'aiguilles. Baume blanc. Baume de copahu
647	0631	Baume de gilead. Baume de la Mecque ou de Judée. Baume du Pérou
648	0632	Baume du Pérou. Baume Rakasiri. Baume de Tolu. Baumes de soufre
649	0633	Baumes de soufre. Baume de soufre anisé. Baume de soufre de genièvre. Baume de soufre de noix. Baume de soufre succiné. Baume de soufre térébenthiné. Baume d'eau à feuille ridée. Baume d'eau à feuille ronde. Baume des jardins. Baume (grand). Baurin. Bausc
650	0634	Bausch, (Léonard). Baxana. Bayer (Jean-Jacques). Bayeux. (Eaux minérales). Bayle, (François)
651	0635	Bayro (Pierre de). Bazin (Guillaume). Bazin (Claude). Bazin (Simon). Bazin (Denys). Bazin, (N). Bazzani, (Matthieu)
652	0636	Bdella. Bdellium. Beaucaire. (foire de)
653	0637	Beaucaire. (foire de)
654	0638	Beaucaire. (foire de)
655	0639	Beaucaire. (foire de)
656	0640	Beauclair. (Eaux minér.). Beaufort. (Eaux minér.). Beaugency. (Eaux minér.)
657	0641	Beaugency. (vin de). Beaulieu. (Eaux minér.). Beauvais. (Eaux minér.). Beaune. (vin de). Beauté
658	0642	Beauté
659	0643	Beauté
660	0644	Beauté
661	0645	Bec (le). (Eaux minérales). Bec de grue
662	0646	Bec de grue. Bec de lièvre. Bec-scie. Becaronga. Becan, (Jean). Bécasse (hygiène)
663	0647	Bécasse (hygiène). Becassine. Becasseau. Bec-figue. Becher (Jean-Joachim)
664	0648	Becher (Jean-Joachim)
665	0649	Becher (Jean-Joachim). Bechion. Bechiques
666	0650	Bechiques. Becker, (Daniel)
667	0651	Becker, (Daniel). Beckett (Guillaume). Beculo. Becuiba. Bedegar. Bedouz. (Eaux minér.)
668	0652	Bedouz. (Eaux minér.). Béenel. Bégayement. Bégone. Beguin
669	0653	Beguin. Behen blanc. Behen rouge. Behrens, (Conrad-Bertauld)
670	0654	Behrens, (Conrad-Bertauld). Beignet. Beignicourt ou Begnecourt. (Eaux minérales). Beitharides
671	0655	Beitharides. Bela-aye. Beladamboc. Belandre. Belapola. Bélemnite
672	0656	Bélemnite. Bélesme. (Eaux minér.). Belette. Bélier
673	0657	Belinum. Belladone
674	0658	Belladone. Bella-modagam. Belle de nuit. Belle-no. Belleval, (Pierre Richer de)
675	0659	Belleval, (Pierre Richer de). Belleval, (Martin Richer de). Belley. (Eaux minér.). Bellini (Laurent)
676	0660	Bellini (Laurent). Bellon. Belon (Pierre)
677	0661	Belon (Pierre)
678	0662	Belon (Pierre). Belloste. (Pilules de). Beloste (Augustin)
679	0663	Beloste (Augustin). Belou. Belutta-pola. Belutta-tsiori. Belzoe. Bem-corini
680	0664	Bem-corini. Bem-schetti. Bem-tamara. Ben. Benath. Bencius ou De Benciis, (Hugues)
681	0665	Bencius ou De Benciis, (Hugues). Bendarli. Benedetti, (Alexandre)
682	0666	Benedetti, (Alexandre). Benedicte laxative. Benedicti, (Dominique). Benedictus, (Jean)
683	0667	Bénéfice. Benetti (Jean-Dominique). Benevoli (Antoine)
684	0668	Benevoli (Antoine). Bengiri. Bénignité. Benimiram. Benjoin
685	0669	Benjoin
686	0670	Benjoin
687	0671	Benjoin. Benjoin françois. Beniveni (Antoine). Benkara
688	0672	Benkara. Benoite
689	0673	Benoite. Benteka. Bentirutali. Benvenuti (Joseph). Benzoates. Berberis. Berce
690	0674	Berce
691	0675	Berceau. Bercer. Bérenger. (Jacques). Bergamotte
692	0676	Bergamotte. Bergen, (Charles Auguste de.). Berger. (Claude)
693	0677	Berger. (Claude). Berger (Jean-Godefroid). Berghe, ou Montanus (Robert van den). Berghen (Gerard van)
694	0678	Beriberca, beriberi. Berle
695	0679	Berle. Berlue. Bermingham, (Michel). Bernier, (François)
696	0680	Bernier, (François). Bernier (Jean). Bernouilli (Jean)
697	0681	Bernouilli (Jean). Bers. Bertapalia ou Praedapalia (Léonard)
698	0682	Bertapalia ou Praedapalia (Léonard). Bertin, (Eugène-Joseph)
699	0683	Bertin, (Eugène-Joseph)
700	0684	Bertin, (Eugène-Joseph)
701	0685	Bertin, (Eugène-Joseph)
702	0686	Bertin, (Eugène-Joseph). Bertini (George)
703	0687	Bertini (George). Bertrandi (Ambroise). Beru. Bes. Besançon. (Eaux minér.). Besoin
704	0688	Besoin. Besse. Betel, bêtre, ou temboul
705	0689	Betel, bêtre, ou temboul.Bethencourt (Jacques de). Betoine. Bette (hygiène)
706	0690	Bette (hygiène). Bette (mat. méd.)
707	0691	Bette (mat. méd.). Betteinge. (Eaux minér.). Beughem (Corneille van). Beurre
708	0692	Beurre (hygiène)
709	0693	Beurre (hygiène)
710	0694	Beurre (hygiène)
711	0695	Beurre (mat. méd.). Beurre d'aiguilles. Beurre d'antimoine
712	0696	Beurre d'arsenic. Beurre de bambuk ou bataule. Beurre de bismuth. Beurre de cacao. Beurre de cire. Beurre de coco. Beurre d'étain. Beurre de zinc. Beuvrigny. (Eaux minér.). Beverwyck (Jean)
713	0697	Beverwyck (Jean)
714	0698	Beverwyck (Jean). Bezoard
715	0699	Bezoard. Bezoard d'Allemagne. Bezoard de boeuf
716	0700	Bezoard de boeuf. Bezoard de chamois. Bezoard de cheval. Bezoard de porc-épic. Bezoard de cayman. Bezoards divers. Bezoards factices
717	0701	Bezoard fossile. Bezoard humain. Bezoard minéral. Bezoardiques. Bianchi (Jean-Baptiste)
718	0702	Bianchi (Jean-Baptsite). Bianchi (Jean)
719	0703	Bianchi (Jean). Bibby. Bicaise. Biche
720	0704	Bicho. Bicongius. Bident
721	0705	Bident. Bidet. Bidloo (Godefroid)
722	0706	Bidloo (Godefroid). Bière
723	0707	Bière
724	0708	Bière
725	0709	Bière.Bierling (Gaspar-Théophile). Biesius, (Nicolas). Bierville. (Eaux minérales). Bievre. Bigarade. Bigareau
726	0710	Bigle. Bignone. Bijon. Bilazai. Bile
727	0711	Bile.Bile (mat. méd.)
728	0712	Bile (mat. méd.). Bile répandue. Bile. (Pathologie)
729	0713	Bile. (Pathologie)
730	0714	Bile. (Pathologie)
731	0715	Bile. (Pathologie)
732	0716	Bile. (Pathologie). Bilieuse. (constitution)
733	0717	Bilieuse. (constitution)
734	0718	Bilieuse. (constitution)
735	0719	Bilieuse. (constitution)
736	0720	Bilieuse. (constitution)
737	0721	Bilieuse. (constitution)
738	0722	Bilieuse. (constitution)
739	0723	Bilieuse. (constitution). Bilieux (hygiène)
740	0724	Bilieux. (tempérament). Bilimbi. Billard (hygiène)
741	0725	Bils ou Bilsius (Louis De)
742	0726	Bils ou Bilsius (Louis De). Biscuit. Biscuit de mer
743	0727	Biscuit de mer
744	0728	Biscuit de mer. Bismuth. Bisque (hygiène)
745	0729	Bisque (hygiène). Bissus. Bistorte. Bistortier (mat. méd.)
746	0730	Bistortier (mat. méd.). Bitumes (mat. méd.)
747	0731	Bitumes (mat. méd.). Bitume de Judée. Bitume judaique. Bitumineux. Bizarrerie
748	0732	Bizarrerie. Bizet. Blaesitas. Blafard. Blafard, arde. Blaireau (hygiène)
749	0733	Blaireau (hygiène). Blackwel (Elisabeth). Blacuod (Henri)
750	0734	Blacuod (Henri). Blanc de baleine (mat. méd.)
751	0735	Blanc de baleine (mat. méd.)
752	0736	Blanc de baleine (mat. méd.)
753	0737	Blanc de baleine (mat. méd.)
754	0738	Blanc de baleine (mat. méd.)
755	0739	Blanc de baleine (mat. méd.). Blanc d'Espagne. Blanc de fard. Blanc de plomb. Blanc d'oeuf. (mat.méd.)
756	0740	Blanc d'oeuf. (mat.méd.). Blanc-manger. Blanc raisin. Blancard (Etienne)
757	0741	Blancard (Etienne). Blanchissage. Blanchisseuses. (maladies des)
758	0742	Blanchisseuses. (maladies des). Blanquette. Blaru. (Eaux minér.). Blasé (hygiène)
759	0743	Blasé (hygiène). Blasius (Gerard Blaes, ou)
760	0744	Blasius (Gerard Blaes, ou). Blasius (Abraham). Blatti. Blaveole. Bled, ou froment (hygiène)
761	0745	Bled, ou froment (hygiène)
762	0746	Bled, ou froment (hygiène)
763	0747	Bled, ou froment  (hygiène). Bled. Blème. Blepharoptosis. Blepharotis. Blessures. (mortalité des)
764	0748	Blessures. (mortalité des)
765	0749	Blessures. (mortalité des)
766	0750	Blessures. (mortalité des)
767	0751	Blessures. (mortalité des)
768	0752	Blessures. (mortalité des)
769	0753	Blessures. (mortalité des)
770	0754	Blessures. (mortalité des)
771	0755	Blessures. (mortalité des)
772	0756	Blessures. (mortalité des)
773	0757	Blessures. (mortalité des)
774	0758	Blessures. (mortalité des)
775	0759	Blessures. (mortalité des)
776	0760	Blessures. (mortalité des). Blestrisme. Blete. Bleu, assaisonnement. Bleu de Prusse
777	0761	Bleu de Prusse. Bleu de montagne. Bleville. (Eaux minérales). Blond. Blondel (François)
778	0762	Blondel, (Pierre-Marin). Blondel, (Jean). Blondel, (Jacques). Blondus ou Biondo, (Michel-Ange)
779	0763	Blondus ou Biondo, (Michel-Ange).Bluet. B. M
