page	refimg	chapitre
[sans numérotation]	0001	[Page de faux-titre]
[sans numérotation]	0002	
[sans numérotation]	0003	[Page de titre]
[sans numérotation]	0004	
[sans numérotation]	0005	Q / Quackelbeen (Guillaume) / Quarré, (Guillaume)
6	0006	Quarré, (Guillaume) / Queccius, (Grégoire) / Quelmaltz (Samuel-Théodore) / Quercetanus. Voyez Chesne. (Joseph Du) / Quercetanus. Voyez Chesneau. (Nicolas) / Quesnay (François)
7	0007	Quesnay (François)
8	0008	Quesnay (François)
9	0009	Quesnay (François)
10	0010	Quesnay (François)
11	0011	Quesnay (François) / Quickelberg (Samuel) / Quignones (Jean De)
12	0012	Quignones (Jean De) / Quillet, (Claude)
13	0013	Quillet, (Claude)
14	0014	Quillet, (Claude) / Quincy, (Jean)
15	0015	Quincy, (Jean) / Quintus / Quintus Stertinius
16	0016	R / Rabbi Moïses Maimonides. Voyez Maimonide. (Moïse) / Rabelais, (François)
17	0017	Rabelais, (François)
18	0018	Rabelais, (François)
19	0019	Rabelais, (François)
20	0020	Rabelais, (François)
21	0021	Rabelais, (François)
22	0022	Rabelais, (François)
23	0023	Rabelais, (François) / Radcliff, (Jean) / Raimond de Vinario
24	0024	Raimond de Vinario / Rainsant, (Pierre) / Ramazzini (Bernardin)
25	0025	Ramazzini (Bernardin)
26	0026	Ramelin ou Remmelin, (Jean) / Rampulla, (Ange-Marie) / Ramus (Pierre)
27	0027	Ramus (Pierre)
28	0028	Ramus (Pierre) / Ranchin, (François)
29	0029	Ranchin, (François)
30	0030	Ranchin, (François) / Rangonus. Voyez Philologus / Rapaert ou Rapardus, (François) / Rasario, (Jean-Baptiste)
31	0031	Rasario, (Jean-Baptiste) / Rasis. Voyez Rhases / Rau (Jean-Jacques)
32	0032	Rau (Jean-Jacques)
33	0033	Rau (Jean-Jacques)
34	0034	Rau (Jean-Jacques) / Raulin, (Joseph)
35	0035	Raulin, (Joseph) / Rauwolf, (Léonard)
36	0036	Rauwolf, (Léonard) / Ray, (Jean)
37	0037	Ray, (Jean)
38	0038	Ray, (Jean) / Rayger (Charles)
39	0039	Rayger (Charles)
40	0040	Rayger (Charles) / Raynaud, (Théophile) / Rebecque, (Jacques-Constant De)
41	0041	Recalcus, (Jules) / Record (Robert) / Redi, (François)
42	0042	Redi, (François)
43	0043	Redi, (François) / Rega, (Henri-Joseph)
44	0044	Rega, (Henri-Joseph)
45	0045	Rega, (Henri-Joseph) / Regimorter, (Assuerus) / Regio ou Rheginus, (Nicolas De)
46	0046	Regis (Pierre) / Regius. Voyez Du Roy / Regnier (Jacques) / Reina, (Placide)
47	0047	Reinesius (Thomas)
48	0048	Reinneccer, (Fidejustus) / Reiselius, (Salomon)
49	0049	Reiselius, (Salomon) / Reiske (Jean-Jacques)
50	0050	Reiske (Jean-Jacques)
51	0051	Reiske (Jean-Jacques) / Remmelin. Voyez Ramelin / Renaudot (Théophraste)
52	0052	Renaudot (Théophraste)
53	0053	Renaudot (Théophraste) / Reneaulme, (Paul)
54	0054	Reneaulme, (Paul) / Renou, (Jean De) / Restaurand, (Raymond)
55	0055	Restaurand, (Raymond) / Restifa, (Paul) / Reusner (Elie) / Rey, (Guillaume)
56	0056	Reves, (Gaspar De) / Rhasès ou Rasis
57	0057	Rhasès ou Rasis
58	0058	Rhasès ou Rasis
59	0059	Rhasès ou Rasis
60	0060	Rhasès ou Rasis
61	0061	Rhasès ou Rasis / Rhead, (Alexandre) / Rheede, (Henri Van)
62	0062	Rheede, (Henri Van) / Rheginod ou Rheginus, (Guillaume) / Rhiem, (Jean-Luc) / Rhodion. Voyez Eucharius Rhodion / Rhodius (Ambroise)
63	0063	Rhodius (Ambroise) / Rhodius, (Jean)
64	0064	Rhodius, (Jean) / Rhumelius (Jean-Conrad)
65	0065	Rhumelius (Jean-Conrad) / Ricchi, (Augustin) / Ricci ou Ricius, (Paul) / Richa (Charles)
66	0066	Richa (Charles)
67	0067	Richa (Charles) / Richard
68	0068	Richard / Richardot, (Camille) / Richer de Belleval. Voyez Belleval / Richthausen
69	0069	Richthausen
70	0070	Richthausen / Ricome, (Laurent)
71	0071	Ricome, (Laurent) / Rideux, (Guillaume) / Ridley, (Henri)
72	0072	Ridley, (Henri) / Rido, (Nicolas) / Riedlin (Vite) / Riedlin, (Vite)
73	0073	Riedlin, (Vite) / Rietmaekers, (Hubert-Arnoud)
74	0074	Rietmaekers, (Hubert-Arnoud) / Rigord, Rigolde ou Rigot
75	0075	Rigord, Rigolde ou Rigot
76	0076	Rigord, Rigolde ou Rigot / Riif, (Vautier-Herman) / Riolan (Jean)
77	0077	Riolan (Jean) / Riolan, (Jean)
78	0078	Riolan, (Jean)
79	0079	Riolan, (Jean)
80	0080	Riolan, (Jean) / Riolet, (Jean-Thomas) / Ripa, (Guillaume)
81	0081	Ripa, (Guillaume) / Ripley, (George)
82	0082	Ripley, (George) / Risica, (Vincent) / Rivard
83	0083	Rivard / Riviere, (Etienne) / Riviere, (Lazare)
84	0084	Riviere, (Lazare) / Riviere, (Guillaume)
85	0085	Riviere, (Guillaume) / Rivinus, (André)
86	0086	Rivinus, (André) / Rivinus, (Augustin-Quirin)
87	0087	Rivinus, (Augustin-Quirin) / Roberdeau, (Louis)
88	0088	Roberdeau, (Louis) / Robert de Douay
89	0089	Robert de Douay / Robert ou Roger de Provins / Robert, (Marin-Jacques-Clair) / Roberti, (Jean)
90	0090	Roberti, (Jean) / Robin, (Jean)
91	0091	Robin, (Jean) / Robin, (Vincent) / Rodewald, (François) / Rodius, (Adrien) / Roederer, (Jean-George)
92	0092	Roederer, (Jean-George) / Roëls, (Paul) / Roeslin. Voyez Eucharius Rhodion / Roetenbeck (Michel) / Roger
93	0093	Roger / Roger de Provins. Voyez Robert / Roger, (Jean-Nicolas) / Roger (Joseph-Louis) / Rogerius ou Roggieri, (Jean-Jacques) / Rogers (George)
94	0094	Rogers (George) / Roi (Alphonse-Vincent-Louis-Antoine Le) / Rois qui ont exercé la médecine
95	0095	Rois qui ont exercé la médecine / Roland de Parme
96	0096	Roland de Parme / Roland, (Joachim) ou Roelants / Rolfinck (Guerner)
97	0097	Rolfinck (Guerner)
98	0098	Rolfinck (Guerner) / Romain, (Adrien)
99	0099	Romain, (Adrien)
100	0100	Romain, (Adrien) / Romains. (état de la médecine chez les)
101	0101	Romains (état de la médecine chez les)
102	0102	Romains (état de la médecine chez les)
103	0103	Romains (état de la médecine chez les)
104	0104	Romains (état de la médecine chez les)
105	0105	Romains (état de la médecine chez les)
106	0106	Romains (état de la médecine chez les)
107	0107	Romains (état de la médecine chez les)
108	0108	Romains (état de la médecine chez les) / Romanis, (Jean De)
109	0109	Romanis, (Jean De) / Rome. (temple du dieu de la médecine à)
110	0110	Rome. (temple du dieu de la médecine à) / Rome. (lieux publics destinés aux médecins dans la ville de)
111	0111	Roncalli, (François) / Rondelet (Guillaume)
112	0112	Rondelet (Guillaume)
113	0113	Rondelet (Guillaume)
114	0114	Rondelet (Guillaume) / Ronss ou Ronssaeus, (Baudouin)
115	0115	Ronss ou Ronssaeus, (Baudouin)
116	0116	Ronss ou Ronssaeus, (Baudouin) / Roonhuyzen, (Henry Van) / Roquetaillade (Jean De La)
117	0117	Roquetaillade (Jean De La) / Rosa, (André) / Rosales, (Jacques) / Rose-Croix. (Freres de la) Voyez Croix / Rossi ou Rubei, (Jérôme)
118	0118	Rossi ou Rubei, (Jérôme) / Rota, (Jean-François)
119	0119	Rotarus, (Sébastien) / Roverella, (Laurent)
120	0120	Roverelli, (Jean-Antoine) / Rouhault, (Pierre-Simon) / Rovida, (César)
121	0121	Rovida, (César) / Rousset, (François)
122	0122	Rousset, (François) / Rouvroy, (N.) / Roux, (Augustin)
123	0123	Roux, (Augustin)
124	0124	Roux, (Augustin)
125	0125	Roux, (Augustin) / Roy ou Regius. (Henri Du) Voyez Du Roy
126	0126	Roy, (Charles Le) / Roy (Jacques-Agathange Le)
127	0127	Roy (Jacques-Agathange Le) / Royen, (Adrien Van)
128	0128	Rubeis, (Alexandre De) / Rubeus. (Jérôme) Voyez Rossi / Rudbeck, (Olaus)
129	0129	Rudbeck, (Olaus)
130	0130	Rudbeck, (Olaus) / Rudel, (Sigismond) / Rudius, (Eustache)
131	0131	Rue ou Rueus, (François De La) / Ruef
132	0132	Ruef / Ruel (Jean)
133	0133	Ruel (Jean) / Ruffin, (Antoine) / Rufus d'Ephese
134	0134	Rufus d'Ephese
135	0135	Rufus d'Ephese / Ruland, (Martin) / Ruland, (Martin)
136	0136	Ruland, (Martin) / Rumbaum, (Christophe) / Rumph, (George-Everard)
137	0137	Rumph, (George-Everard) / Russe (Pierre)
138	0138	Russe (Pierre) / Rustique Elpide ou Rusticus Elpidius / Ruysch, (Fréderic)
139	0139	Ruysch, (Fréderic)
140	0140	Ruysch, (Fréderic)
141	0141	Ruysch, (Fréderic)
142	0142	Ruysch, (Fréderic)
143	0143	Ruysch, (Fréderic)
144	0144	Ruysch, (Fréderic)
145	0145	Ruysch, (Fréderic) / Rye (Thomas De)
146	0146	S / Sabatier, (Raph. Bienv.) / Sabinus / Sabio (Nicolas De) / Sabuco, (Olivia) / Sacco (Joseph-Pompée)
147	0147	Sacco (Joseph-Pompée) / Sachs, (Philippe-Jacques)
148	0148	Sachs, (Philippe-Jacques) / Sack (Erasme)
149	0149	Sack (Erasme) / Saed Ben-Hebat-Allah Al-Adhiri / Sages-femmes
150	0150	Sages-femmes
151	0151	Sages-femmes
152	0152	Sages-femmes
153	0153	Sages-femmes
154	0154	Sages-femmes
155	0155	Sages-femmes / Saguyer, (François) / Saint-Aubin, (Jean De)
156	0156	Saint-Aubin, (Jean De) / Saint-Hillier, (Jean-Simon De) / Saint-Vertunien, (François De) / Sainte-Foi, (Jérôme De)
157	0157	Sainte-Foi, (Jérôme De) / Sainte-Marthe, (Gaucher De) / Sainte-Marthe, (Jacques)
158	0158	Sainte-Marthe, (Jacques) / Saints médecins
159	0159	Saints médecins / Sala, (Ange)
160	0160	Sala, (Ange) / Sala, (Jean-Dominique)
161	0161	Sala, (Jean-Dominique) / Salandus, (Joseph) / Salatus, (Erasme)
162	0162	Salatus, (Erasme) / Salerne (l'Ecole de)
163	0163	Salerne (l'Ecole de)
164	0164	Salerne (l'Ecole de)
165	0165	Salerne (l'Ecole de) / Salerne, (François) / Salicet, (Guillaume De)
166	0166	Salicet, (Guillaume De) / Salins, (Hugues De)
167	0167	Salins, (Hugues De) / Salluste / Salmuth, (George) / Salomon
168	0168	Salomon / Salomon Ben Virga / Salpé / Saltzmann, (Jean Rodolphe)
169	0169	Saltzmann, (Jean) / Salviani (Hippolyte)
170	0170	Salviani (Hippolyte) / Salvus Sclanus / Sambuc, (Jean)
171	0171	Sambuc, (Jean) / Sammichellus, (Nicolas) / Samson, (Saint) / Sancassani (Denis-André)
172	0172	Sancassani (Denis-André)
173	0173	Sanche, (Pierre) / Sanchez, (François) / Sanchez, (François)
174	0174	Sanchez, (François) / Sanctus / Sanden, (Henri Van) / Sanders ou Sanderus, (Jean)
175	0175	Sanders ou Sanderus, (Jean) / Sandri, (Jacques) / Sanguinaccius, (Joannin) / Santes de Ardoynis / Santorelli, (Antoine) / Santorini, (Jean-Dominique)
176	0176	Santorini, (Jean-Dominique) / Santorius (Sanctorius)
177	0177	Santorius (Sanctorius)
178	0178	Santorius (Sanctorius) / Saporta (Louis)
179	0179	Saporta (Louis) / Saporta, (Louis) / Saporta, (Antoine)
180	0180	Saporta, (Antoine) / Saporta, (Jean) / Sarpi, (Pierre-Paul)
181	0181	Sarpi, (Pierre-Paul) / Sarrasin, (Jean-Antoine) / Sarrasin, (Michel) / Sartorius, (Jean-George)
182	0182	Sartorius, (Jean-George) / Sascerides ou Saskerides (Gellius) / Sassenus, (François)
183	0183	Sassenus, (François) / Satirus / Saviard, (Barthélémi) / Saumaise ou Salmasius, (Claude)
184	0184	Saumaise ou Salmasius, (Claude)
185	0185	Saumaise ou Salmasius, (Claude) / Savona, (Philippe)
186	0186	Savona, (Philippe) / Savonarola, (Jean-Michel) / Savot, (Louis)
187	0187	Savot, (Louis) / Sauvages, (François Boissier De)
188	0188	Sauvages, (François Boissier De)
189	0189	Sauvages, (François Boissier De)
190	0190	Sauvages, (François Boissier De) / Saxonia (Hercule)
191	0191	Saxonia (Hercule)
192	0192	Saxonia (Hercule) / Sbaraglia (Jean-Jérôme)
193	0193	Sbaraglia (Jean-Jérôme) / Scala, (Dominique La)
194	0194	Scala, (Dominique La) / Scala, (Joseph) / Scaliger ou Jules-César de L'Escale
195	0195	Scaliger ou Jules César de L'Escale
196	0196	Scaliger ou Jules César de L'Escale / Scaliger, (Joseph-Juste)
197	0197	Scaliger, (Joseph-Juste)
198	0198	Scaliger, (Joseph-Juste) / Scanarolus, (Antoine)
199	0199	Scanarolus, (Antoine) / Scarabicius, (Sébastien) / Scaramucci, (Jean-Baptiste) / Scarborough, (Charles)
200	0200	Scarborough, (Charles) / Schabour-Ben-Sahel / Schaller (Jérôme) / Schamberg (Jean-Christian)
201	0201	Schamsky, (Alexandre) / Scharf, (Benjamin) / Scharpe, (George)
202	0202	Scharpe, (George) / Schedel, (Herman) / Scheffer (Guillaume-Erneste)
203	0203	Scheffer (Guillaume-Erneste)
204	0204	Scheffer (Guillaume-Erneste) / Schegkius, (Jacques)
205	0205	Scheidt (Jean-Valentin) / Scheiner, (Christophe)
206	0206	Schelhammer, (Christophe) / Schelhammer, (Gonthose-Christophe)
207	0207	Schelhammer, (Gonthose-Christophe)
208	0208	Schelhammer, (Gonthose-Christophe) / Schelling, (Conrad) / Schenck, (Jean)
209	0209	Schenck, (Jean) / Schenck, (Jean-George) / Schenck, (Eusebe) / Schenck, (Jean-Théodore)
210	0210	Schenck, (Jean-Théodore) / Schenkelius (Dominique)
211	0211	Schenkelius (Dominique) / Scherbius, (Philippe) / Scheuchzer, (Jean-Jacques) / Scheuchzer, (Jean-Jacques)
212	0212	Scheuchzer, (Jean-Jacques)
213	0213	Scheuchzer, (Jean-Jacques) / Scheuchzer, (Jean-Gaspar) / Scheuchzer, (Jean)
214	0214	Scheuchzer, (Jean) / Schiffmann, (Joseph) / Schilling, (André) / Schlegel (Paul-Marquart)
215	0215	Schlegel (Paul-Marquart) / Schleupner, (Jean) / Schmai ou Schmaus, (Léonard) / Schmid, (Jacques) / Schmidt (Jean-André)
216	0216	Schmidt (Jean-André) / Schmieder, (Sigismond) / Schmiedt, (Jean) / Schneider, (Conrad-Victor)
217	0217	Schneider, (Conrad-Victor) / Schober (Gottlob)
218	0218	Schober (Gottlob) / Schoder (Jean-Samuel) / Scholtz, (Laurent)
219	0219	Scholtz, (Laurent) / Scholz. Voyez Scultetus / Schonborn, (Barthélémi) / Schoneveld, (Etienne De) / Schonfeld, (Victorien) / Schoockius (Martin)
220	0220	Schoockius (Martin) / Schorer (Christophe)
221	0221	Schrader, (Frédéric) / Schreiber (Jean-Frédéric)
222	0222	Schreiber (Jean-Frédéric) / Schrevelius, (Euvald)
223	0223	Schrevelius, (Euvald) / Schrevelius (Corneille)
224	0224	Schrevelius (Corneille) / Schroeck, (Luc)
225	0225	Schroeck, (Luc) / Schroeder (Jean) / Schroeer, (Samuel)
226	0226	Schroeer, (Samuel) / Schroeter, (Jean)
227	0227	Schroeter, (Philippe-Jacques) / Schroeter, (Jean-Frédéric)
228	0228	Schroeter, (Jean-Frédéric) / Schuchmann, (Christian) / Schultes. Voyez Scultetus / Schulze (André) / Schulze, (Balthasar) / Schulze, (George)
229	0229	Schulze (Godefroid-Samuel)
230	0230	Schulze (Godefroid-Samuel) / Schulze, (Jean-Henri)
231	0231	Schulze, (Jean-Henri) / Schulze, (Jérôme) / Schurigius, (Martin)
232	0232	Schurigius, (Martin) / Schuyl, (Florent) / Schwammerdam. Voyez Swammerdam / Schwenckfelt, (Gaspar)
233	0233	Schwenckfelt, (Gaspar) / Schyn, (Herman) / Schyron, (Jean)
234	0234	Schyron, (Jean) / Sclanus. Voyez Salvus Sclanus / Scribonius Largus
235	0235	Scribonius Largus
236	0236	Scribonius Largus / Scribonius, (Guillaume-Adolphe) / Scrigiah Al-Malathi / Scrofa, (Sébastien) / Scrofano (Jean-Antoine)
237	0237	Scrofano (Jean-Antoine) / Scultetus ou Schultes, (Jean) / Scultetus ou Scholz, (Jean)
238	0238	Scultetus ou Scholz, (Jean) / Scutius, (Corneille) / Sebeyde. (Raimond De) Voyez Sebunde / Sebizius ou Sebisch, (Melchior) / Sebizius, (Melchior)
239	0239	Sebizius, (Melchior)
240	0240	Sebizius, (Melchior) / Sebizius, (Jean-Albert) / Sebizius, (Melchior)
241	0241	Sebizius, (Melchior) / Sebunde ou De Sebeyde, (Raimond) / Sedecias / Seerup, (Nicolas)
242	0242	Seerup, (Nicolas) / Segarra, (Jacques-Jean) / Segerus, (George)
243	0243	Segerus, (George) / Séguier, (Jean-François)
244	0244	Séguier, (Jean-François) / Séguin, (Simon)
245	0245	Seid Al-Cofthi / Seid Mohammed / Seidelius, (Bruno) / Seidelius, (Jacques) / Senac, (Jean)
246	0246	Senac, (Jean)
247	0247	Senac, (Jean) / Sendigovius, (Michel) / Sengius ou Seng, (Jérémie)
248	0248	Sengius ou Seng, (Jérémie) / Senguerd (Arnould) / Sennert, (Daniel)
249	0249	Sennert, (Daniel)
250	0250	Sennert, (Daniel)
251	0251	Sennert, (Daniel) / Sentinelli (Barthélémi) / Septalius ou Settala, (Louis)
252	0252	Septalius ou Settala, (Louis)
253	0253	Septalius ou Settala, (Louis) / Serane, (Charles) / Sérapion d'Alexandrie
254	0254	Sérapion d'Alexandrie / Sérapion, (Jean)
255	0255	Sérapion, (Jean) / Serapis. Voyez Osiris / Serenus Sammonicus, (Quintus)
256	0256	Serenus Sammonicus, (Quintus) / Sermon (Guillaume) / Serrano, (Leu) / Servet, (Michel)
257	0257	Servet, (Michel)
258	0258	Servet, (Michel) / Servilius Damocrates ou Democrates
259	0259	Servilius Damocrates ou Democrates / Serviteurs employés dans la médecine ancienne
260	0260	Serviteurs employés dans la médecine ancienne
261	0261	Serviteurs employés dans la médecine ancienne
262	0262	Serviteurs employés dans la médecine ancienne / Servius, (Pierre) / Sessa, (Jérôme) / Sethi. Voyez Simeon Sethi / Settala. Voyez Septalius / Severini (Pierre)
263	0263	Severini (Pierre) / Severini, (Marc-Aurele)
264	0264	Severini, (Marc-Aurele)
265	0265	Severini, (Marc-Aurele) / Sextius Niger / Sextus surnommé l'Empirique
266	0266	Sharp, (Samuel) / Shaw, (Thomas)
267	0267	Shaw, (Thomas) / Sherard, (Guillaume) / Sherley, (Thomas)
268	0268	Sherley, (Thomas) / Shirley (Jean) / Short, (Thomas)
269	0269	Siegfried, (Jean) / Sigault, (Jean-René)
270	0270	Sigault, (Jean-René)
271	0271	Sigault, (Jean-René)
272	0272	Sigault, (Jean-René)
273	0273	Sigault, (Jean-René) / Silva (Jean-Baptiste)
274	0274	Silva (Jean-Baptiste) / Silvaticus, (Benoit)
275	0275	Silvaticus, (Benoit) / Silvaticus, (Jean-Baptiste)
276	0276	Silvaticus, (Jean-Baptiste) / Silvaticus, (Matthieu) / Siméon Sethi
277	0277	Simler, (Josias) / Simon / Simon, (Léonard) / Simon de Genes
278	0278	Simon de Genes / Simoneta, (Pierre-Paul) / Simoni, (Simon)
279	0279	Simoni, (Simon) / Simpson, (Thomas)
280	0280	Simpson, (Thomas) / Sinapius, (Jean) / Sinibaldus (Jean-Benoit) / Sitonus (Jean-Baptiste)
281	0281	Sitonus (Jean-Baptiste) / Skekius. Voyez Schegkius / Skinner, (Etienne)
282	0282	Skinner, (Etienne) / Skketa de Zavorziz, (Henri) / Slegel (Paul-Marquard) / Slevoigt, (Jean-Adrien)
283	0283	Slevoigt, (Jean-Adrien) / Sloanne, (le Chevalier Hans ou Jean)
284	0284	Sloanne, (le Chevalier Hans ou Jean)
285	0285	Sloanne, (le Chevalier Hans ou Jean) / Smellie, (Guillaume)
286	0286	Smellie, (Guillaume) / Smenga, (Pierre) / Smet (Henri)
287	0287	Smet (Henri) / Smeur, (Jacques) / Smith
288	0288	Smith / Snell (Rodolphe)
289	0289	Snell (Rodolphe) / Snoyus, (Reiner)
290	0290	Snoyus, (Reiner)
291	0291	Snoyus, (Reiner) / Solano, (François)
292	0292	Solano, (François) / Solenander, (Reinier) / Solingen, (Corneille Van) / Soliniac, (Louis)
293	0293	Soliniac, (Louis) / Solo (Gerard De)
294	0294	Solo (Gerard De) / Someren (Corneille Van)
295	0295	Someren (Corneille Van) / Somers (Henri)
296	0296	Somers (Henri) / Sommers, (Jean-George) / Soner (Erneste) / Sophia (Nicolas De Sancta)
297	0297	Sophia (Nicolas De Sancta) / Sophia, (Marsile De Sancta)
298	0298	Sophia, (Jean De Sancta) / Sophia, (Barthélémi De Sancta)
299	0299	Sophia, (Barthélémi De Sancta) / Sophia, (Galeatius De Sancta) / Soracy, (Placide)
300	0300	Soracy, (Placide) / Soranus
301	0301	Soranus / Sorbait (Paul De)
302	0302	Sorbait (Paul De) / Sorbiere, (Samuel)
303	0303	Sorbiere, (Samuel) / Sotira / Spachius, (Israël)
304	0304	Sperling, (Jean) / Sperling (Otton)
305	0305	Sperling (Otton) / Speroni, (Bernardin)
306	0306	Speroni, (Bernardin) / Spezioli, (Romulus)
307	0307	Spielman, (Jacques Reinbold) / Spierinck, (Jean)
308	0308	Spies (Jean-Christophe) / Spigelius ou Vanden Spieghel (Adrien)
309	0309	Spigelius ou Vanden Spieghel (Adrien)
310	0310	Spigelius ou Vanden Spieghel (Adrien) / Spina, (Pierre)
311	0311	Spina, (Pierre) / Spittalus. Voyez Pittalus / Spon (Charles)
312	0312	Spon (Charles) / Spon, (Jacques)
313	0313	Spon, (Jacques) / Sprackling, (Robert) / Stahl (George-Erneste)
314	0314	Stahl (George-Erneste)
315	0315	Stahl (George-Erneste)
316	0316	Stahl (George-Erneste) / Stalpart Vander Wiel, (Corneille) / Stapel. (Jean) Voyez Bodaeus / Staphorst, (Nicolas)
317	0317	Starcke (Jean-Henri) / Stathmio, (Christophe) / Statius Annaeus / Steeg ou Versteeg, (Godefroid)
318	0318	Steeg ou Versteeg, (Godefroid) / Stein, (Paul Von) / Steinhaus, (Thomas)
319	0319	Steinhaus, (Thomas) / Stengel, (Luc) / Stenon, (Nicolas)
320	0320	Stenon, (Nicolas)
321	0321	Stenon, (Nicolas) / Stephanus
322	0322	Stephanus / Stephens, (Philippe)
323	0323	Sterre, (Denis Van Der) / Stillingfleet, (Edouard) / Stisser, (Jean-André) / Stockelpot (Jean)
324	0324	Stockelpot (Jean) / Stockhamer, (François) / Stoius (Matthias) / Stokhusius (Samuel) / Stolterfoht, (Jean-Jacques)
325	0325	Stolterfoht, (Jean-Jacques) / Storck, (Antoine)
326	0326	Storck, (Antoine) / Storms. (Jean) Voyez Sturmius / Stougard (Christian)
327	0327	Stougard (Christian) / Straten, (Guillaume Vander)
328	0328	Straton / Stratonicus / Strauss, (Laurent)
329	0329	Strauss, (Laurent) / Strobelberger, (Jean-Etienne)
330	0330	Strobelberger, (Jean-Etienne) / Strom (Christian)
331	0331	Strom (Christian) / Stromer, (Henri) / Struthius, (Joseph)
332	0332	Stubbe ou Strubbe (Henri) / Stull, (Jean) / Stuppan (Jean-Nicolas)
333	0333	Stuppan (Jean-Nicolas) / Sturie, (Renaud) / Sturm, (Jean-Christophe)
334	0334	Sturm, (Jean-Christophe) / Sturm, (Louis)
335	0335	Sturm, (Louis) / Sturm, (Samuel) / Sturm, (Jean)
336	0336	Sturm, (Jean) / Sturmius (Jean)
337	0337	Sturmius (Jean) / Sturtiades, (George)
338	0338	Sturtiades, (George) / Sulzberger, (Jean-Rupert) / Sursin, (Jean)
339	0339	Sursin, (Jean) / Susius, (Jean-Baptiste) / Swalwe (Bernard)
340	0340	Swalwe (Bernard) / Swammerdam ou Schwammerdam, (Jean)
341	0341	Swammerdam ou Schwammerdam, (Jean)
342	0342	Swammerdam ou Schwammerdam, (Jean) / Swietten, (Gerard Van)
343	0343	Swietten, (Gerard Van)
344	0344	Swietten, (Gerard Van)
345	0345	Swietten, (Gerard Van)
346	0346	Swietten, (Gerard Van)
347	0347	Swietten, (Gerard Van)
348	0348	Swietten, (Gerard Van)
349	0349	Swietten, (Gerard Van) / Sydenham (Thomas)
350	0350	Sydenham (Thomas)
351	0351	Sydenham (Thomas) / Syen (Arnoud) / Syennesis / Sylvius. (Jacques) Voyez Dubois / Sylvius. (Jean) Voyez Dubois / Sylvius De Le Boë. Voyez Dubois De Le Boë / Symmachus / Synalus
352	0352	Synalus
353	0353	T / Tabary (Jean) / Taberna-Montanus (Jacques Theodore dit) / Tacconi, (Cajetan)
354	0354	Tacconi, (Cajetan) / Tachenius ou Taken, (Othon)
355	0355	Tachenius ou Taken, (Othon)
356	0356	Tackius, (Jean) / Tadinus, (Alexandre) / Tagault (Jean)
357	0357	Tagault (Jean) / Tagliacozzo ou Tagliacozzi. Voyez Taliacotius / Taisnier, (Jean)
358	0358	Taken. Voyez Tachenius / Talbot, (Robert) / Taliacotius (Gaspar)
359	0359	Taliacotius (Gaspar)
360	0360	Taliacotius (Gaspar) / Talpa, (Pierre)
361	0361	Talpa, (Pierre) / Tamimi Al-Mocdessi / Tandler (Tobie) / Tanke, (Joachim)
362	0362	Tanke, (Joachim) / Tappius (Jacques) / Tardin, (Jean) / Tardy, (Claude)
363	0363	Tardy, (Claude) / Tarin (Pierre)
364	0364	Tarin (Pierre) / Tassin, (Léonard) / Taurellus, (Nicolas)
365	0365	Taurer, (Maurice) / Tauvry (Daniel)
366	0366	Tauvry (Daniel) / Taylor, (Jean)
367	0367	Taylor, (Jean) / Teichmeyer, (Herman-Frédéric)
368	0368	Teichmeyer, (Herman-Frédéric) / Télamon / Télesphore / Tennetar, (Michel Du) / Tenon, (Jacques-René) / Tenques, (Jérôme)
369	0369	Tenques, (Jérôme) / Ten Rhyne, (Guillaume) / Tentzel, (André)
370	0370	Tentzel, (André) / Terenzoni, (Jean-Antoine) / Terillus, (Dominique) / Terraneus, (Laurent)
371	0371	Terraneus, (Laurent) / Terrer Moreno, (Pierre) / Tertre, (Marguerite Du) / Terzago, (Paul-Marie)
372	0372	Terzago, (Paul-Marie) / Teschenmacher (Englebert) / Testa (Léonard)
373	0373	Testi, (Louis) / Teucer / Textor, (Benoit) / Thabet Ben Corrah, Ben Haroun, Al-Sabi Al-Harrani
374	0374	Thadee / Thales
375	0375	Thales / Thebesius, (Adam-Chrétien) / Thémison
376	0376	Thémison
377	0377	Thémison / Théodamas / Théodore. (Jacques) Voyez Taberna-Montanus / Théodoric
378	0378	Théodoric / Theodorus Priscianus
379	0379	Theodorus Priscianus / Theodosius, (Jean-Baptiste)
380	0380	Theodosius, (Jean-Baptiste) / Theombrotus. Voyez Cleombrotus / Théon / Théophile Protospatharius. Voyez Protospatarius / Théophraste
381	0381	Théophraste
382	0382	Théophraste
383	0383	Théophraste / Thésée / Thessalus / Thessalus
384	0384	Thessalus
385	0385	Thessalus
386	0386	Thessalus / Thessalus / Thevart (Jacques)
387	0387	Thevart (Jacques) / Thevenin, (François)
388	0388	Thevenin, (François) / Thibault, (Antoine) / Thibaut, (Jean)
389	0389	Thibaut, (Jean)
390	0390	Thibaut, (Jean) / Thiermayer, (François-Ignace) / Thieullier, (Louis-Jean Le)
391	0391	Thieullier, (Louis-Jean Le) / Thognet, (Nicolas) / Thograi / Thomaeus, (Nicolas Léonic De Tomais ou) / Thompson, (Alexandre)
392	0392	Thompson, (Alexandre) / Thoner, (Augustin) / Thorer (Aubin)
393	0393	Thorer (Aubin) / Thorius, (François) / Thorius, (Raphaël) / Thorman. (George) Voyez Pilander / Thot. Voyez Athotis / Thot. Voyez Hermes
394	0394	Thrasias / Thriverius. Voyez Drivere / Thruston, (Malachie) / Thuillier (Charles) / Thurinus ou Turini (André)
395	0395	Thurinus ou Turini (André) / Thurneisser, (Léonard) / Tiara, (Pierre)
396	0396	Tiara, (Pierre)
397	0397	Tiara, (Pierre) / Tidicaeus, (François) / Tigeon, (Thomas) / Tignosius (Nicolas)
398	0398	Tignosius (Nicolas) / Tiling, (Matthias)
399	0399	Tiling, (Matthias) / Tiling (Jean) / Tilli, (Michel-Ange) / Timée de Guldenklée, (Balthasar)
400	0400	Timée de Guldenklée, (Balthasar) / Timée de Locres / Timon Phliasien / Timone, (Emmanuel)
401	0401	Timone, (Emmanuel)
402	0402	Timone, (Emmanuel)
403	0403	Timone, (Emmanuel)
404	0404	Timone, (Emmanuel)
405	0405	Timone, (Emmanuel) / Tinctorius (Christophe) / Tiraqueau, (André)
406	0406	Tissot, (S. A. D.)
407	0407	Tissot, (S. A. D.) / Titius, (Simon)
408	0408	Titius, (Simon) / Tockler, (Conrad) / Toignard, (Antoine & Jean) / Tolet, (François)
409	0409	Tolet, (François) / Toletanus, (Gerard) / Toll, (Adrien) / Toll, (Jacques)
410	0410	Toll, (Jacques) / Tomitanus (Bernardin)
411	0411	Tomitanus (Bernardin) / Tonstall (George) / Torella (Gaspar)
412	0412	Torella (Gaspar) / Torinus, (Albanus) / Tornamira, (Jean De)
413	0413	Tornamira, (Jean De) / Torraeus, (George) / Torre. (Jérôme Della) Voyez Turriani / Torrini, (Barthélémi) / Torti, (François)
414	0414	Torti, (François) / Tosorthros / Tovar, (Simon De) / Touche, (Gervais De La)
415	0415	Touche, (Gervais De La) / Tournefort (Joseph Pitton De)
416	0416	Tournefort (Joseph Pitton De)
417	0417	Tournefort (Joseph Pitton De)
418	0418	Tournefort (Joseph Pitton De)
419	0419	Tournefort (Joseph Pitton De)
420	0420	Tournefort (Joseph Pitton De)
421	0421	Tournefort (Joseph Pitton De)
422	0422	Tournefort (Joseph Pitton De)
423	0423	Tournefort (Joseph Pitton De) / Toxaris / Toxites, (Michel)
424	0424	Tozzi (Luc)
425	0425	Tozzi (Luc) / Trabona, (Hyacinthe) / Trabuccus, (Mario) / Tragus ou Bock (Jérôme)
426	0426	Tragus ou Bock (Jérôme) / Tralles, (Jean-Christian)
427	0427	Tralles, (Jean-Christian)
428	0428	Tralles, (Jean-Christian) / Trallianus. Voyez Alexandre Trallien / Trapham, (Thomas) / Trapolinus, (Jean) / Trevisius (André)
429	0429	Trevisius (André) / Trew, (Abdias)
430	0430	Trew, (Abdias) / Triboulleau, (Michel) / Tribunus
431	0431	Tribunus / Triller, (Daniel-Guillaume)
432	0432	Triller, (Daniel-Guillaume) / Trimarchi, (André) / Trincavelli (Victor)
433	0433	Trincavelli (Victor)
434	0434	Trissinus, (Louis) / Trivisanus ou De Triviso (Bernardin) / Triumphetti, ou Trionfetti (Jean-Baptiste)
435	0435	Triumphetti, ou Trionfetti (Jean-Baptiste) / Tronchin, (Théodore)
436	0436	Tronchin, (Théodore)
437	0437	Tronchin, (Théodore) / Tronus, (Pierre-Martyr) / Troschenreut, (Godefroid Thomasius De)
438	0438	Troschenreut, (Godefroid Thomasius De) / Trosselier, (Jean) / Trotula
439	0439	Trotula / Trouillard, (Jacques) / Trumph, (Jean-George) / Trusianus. Voyez Cruscianus
440	0440	Trusianus. Voyez Cruscianus / Tschirnhausen, (Erfroi-Wautier De)
441	0441	Tschirnhausen, (Erfroi-Wautier De) / Tschud, (Gilles) / Tudecci, (Simon-Louis) / Tuillier, (Eusebe-Adrien)
442	0442	Tulp, (Nicolas)
443	0443	Tulp, (Nicolas) / Turini. Voyez Thurinus / Turnebe, (Adrien)
444	0444	Turner, (Guillaume) / Turner, (Robert)
445	0445	Turner, (Robert)
446	0446	Turner, (Robert) / Turodin, (Joseph) / Turquet de Mayerne. Voyez Mayerne / Turre (George De)
447	0447	Turre (George De) / Turriani, (Jérôme) / Turriani, (Marc-Antoine)
448	0448	Turriani, (Marc-Antoine) / Turrisanus. Voyez Cruscianus / Twyne, (Thomas)
449	0449	Twyne, (Thomas) / Twysden, (Jean) / Tyson (Edouard)
450	0450	V / Vacher, (N.) / Vadianus, (Joachim)
451	0451	Vadianus, (Joachim) / Vaillant (Jean-François Foy)
452	0452	Vaillant (Jean-François Foy) / Vaillant, (Sébastien)
453	0453	Vaillant, (Sébastien)
454	0454	Vaillant, (Sébastien) / Val. (Du) Voyez Duval / Valcassar, (François) / Valdagno, (Joseph) / Valdajol. (hommes du)
455	0455	Valdajol. (hommes du)
456	0456	Valens. Voyez Vectius Valens / Valentin. Voyez Basile Valentin / Valentin, (Louis-Antoine) / Valentini (Michel-Bernard)
457	0457	Valentini (Michel-Bernard)
458	0458	Valentini (Michel-Bernard) / Valescus de Taranta
459	0459	Valescus de Taranta / Valesio, (François)
460	0460	Valesio, (François) / Valla, (George)
461	0461	Valla, (George) / Valle, (Jean-François) / Vallembert, (Simon De) / Valleriola (François)
462	0462	Valleriola (François) / Valles de Covarrubias. Voyez Valesio / Vallisnieri (Antoine)
463	0463	Vallisnieri (Antoine)
464	0464	Vallisnieri (Antoine)
465	0465	Vallisnieri (Antoine) / Vallot (Antoine)
466	0466	Vallot (Antoine)
467	0467	Valmont de Bomare, (J. Ch.) / Valsalva, (Antoine-Marie)
468	0468	Valsalva, (Antoine-Marie)
469	0469	Valverda, (Jean) / Vandale. Voyez Dalen. (Antoine De) / Van Der Linden, (Antoine Hendricx ou Henrici)
470	0470	Van Der Linden, (Antoine Hendricx ou Henrici) / Van Der Linden, (Jean-Antonides)
471	0471	Van Der Linden, (Jean-Antonides)
472	0472	Van Der Linden, (Jean-Antonides)
473	0473	Van Der Linden, (Jean-Antonides)
474	0474	Van Der Linden, (Jean-Antonides) / Vandermonde, (Charles-Augustin)
475	0475	Vandermonde, (Charles-Augustin)
476	0476	Vandermonde, (Charles-Augustin)
477	0477	Vandermonde, (Charles-Augustin) / Van Helmont. Voyez Helmont / Van Hoorne. Voyez Hoorne / Varandal, Varandé ou Varandaeus (Jean)
478	0478	Varandal, Varandé ou Varandaeus (Jean) / Varenius, (Bernard) / Varent, (Jacques Vander)
479	0479	Varent, (Jacques Vander) / Varignana, (Barthélémi) / Variola. Voyez Valleriola / Varnier, (Louis)
480	0480	Varoli, (Constant)
481	0481	Varoli, (Constant) / Varus (Antoine) / Vasses ou Vassaeus (Jean)
482	0482	Vasses ou Vassaeus (Jean) / Vasseur, (Louis Le) / Vater, (Christian)
483	0483	Vater, (Christian) / Vater, (Abraham)
484	0484	Vater, (Abraham)
485	0485	Vater, (Abraham) / Vattier, (Pierre) / Vavasseur, (Guillaume) / Vaughan, (Thomas)
486	0486	Vaughan, (Thomas) / Vautier, (François)
487	0487	Vautier, (François) / Vaux, (Pierre Des)
488	0488	Vaux, (Pierre Des) / Ucay, (Gervais) / Vectius Valens
489	0489	Vectius Valens / Vega, (Christophe De) / Vegius, (Scipion) / Veiga (Thomas-Roderique De)
490	0490	Veiga (Thomas-Roderique De) / Velius (Théodore) / Velschius ou Welsch (Godefroid)
491	0491	Velschius ou Welsch (Godefroid) / Velschius, (Christian-Louis)
492	0492	Velschius, (Christian-Louis) / Velschius, (George-Jérôme)
493	0493	Velschius, (George-Jérôme) / Velsius ou Welsens, (Jean-Guillaume) / Velsius ou Welsens (Josse)
494	0494	Velsius ou Welsens (Josse) / Velthuisen, (Lambert)
495	0495	Velthuisen, (Lambert) / Venel, (Gabriel-François)
496	0496	Venel, (Gabriel-François)
497	0497	Venel, (Gabriel-François)
498	0498	Venel, (Gabriel-François)
499	0499	Venel, (Gabriel-François) / Venette, (Nicolas) / Venner (Tobie) / Venusti, (Antoine-Marie) / Vercelloni, (Jacques)
500	0500	Vercelloni, (Jacques) / Verdier (César)
501	0501	Verdier (César)
502	0502	Verdier (César)
503	0503	Verdier (César) / Verdier, (Jean) / Verduc, (Laurent)
504	0504	Verduc, (Laurent) / Verduin, (Pierre-Adrien)
505	0505	Verduin, (Pierre-Adrien) / Vereycken (Godefroid) / Vergeri (Jérôme)
506	0506	Vergeri (Jérôme) / Vergile. (Marcel) / Verheyen, (Philippe)
507	0507	Verheyen, (Philippe)
508	0508	Verheyen, (Philippe) / Verla, (Jean-Baptiste)
509	0509	Verla, (Jean-Baptiste) / Vermale, (Raimond De) / Vermeulen. (Jean) Voyez Molanus / Verna, (Jean-Baptiste)
510	0510	Verna, (Jean-Baptiste) / Vernage, (Michel-Louis)
511	0511	Vernage, (Michel-Louis)
512	0512	Vernage, (Michel-Louis)
513	0513	Vernage, (Michel-Louis)
514	0514	Vernage, (Michel-Louis)
515	0515	Vernage, (Michel-Louis) / Verney. Voyez Du Verney / Vertunien. (François De Saint) Voyez Saint Vertunien / Verzascha (Bernard)
516	0516	Verzascha (Bernard) / Vésale, (Pierre) / Vésale (André)
517	0517	Vésale (André)
518	0518	Vésale (André)
519	0519	Vésale (André)
520	0520	Vésale (André) / Veslingius (Jean)
521	0521	Veslingius (Jean) / Vesti (Juste)
522	0522	Vesti (Juste) / Vetrani, (André) / Veyras, (Jacques) / Uffenbach (Pierre)
523	0523	Uffenbach (Pierre) / Viali, (Félix) / Vianeus, (Vincent) / Viardel, (Côme)
524	0524	Vicarius, (Jean-Jacques) / Vicary, (Thomas) / Vicq d'Azyr, (Félix)
525	0525	Vicq d'Azyr, (Félix)
526	0526	Vicq d'Azyr, (Félix) / Victoriis (Léonelle De) / Victoriis, (Benoit De)
527	0527	Victoriis, (Benoit De) / Victorius, (François)
528	0528	Vidus Vidius / Vieussens (Raimond)
529	0529	Vieussens (Raimond)
530	0530	Vieussens (Raimond)
531	0531	Vieussens (Raimond)
532	0532	Vieussens (Raimond) / Vigier, (Jean) / Vigius, (Corneille) / Vigne (Michel De La)
533	0533	Vigne (Michel De La) / Vignier (Nicolas) / Vigo, (Jean De)
534	0534	Vigo, (Jean De)
535	0535	Vigo, (Jean De) / Villacorta, (François Henriquez De) / Villalobos, (François De) / Villars (Elie Col De)
536	0536	Villars (Elie Col De) / Villeers, (Gerard De) / Villers, (Servais-Augustin De)
537	0537	Villers, (Servais-Augustin De)
538	0538	Villers, (Servais-Augustin De) / Villiers, (Jacques-François De)
539	0539	Villiers, (Jacques-François De) / Vilvaine, (Robert) / Vinario. Voyez Raimond de Vinario / Vindicianus / Violet, (Jean)
540	0540	Violet, (Jean) / Viridet (Jean) / Viringus ou Van Vieringen (Jean-Wautier)
541	0541	Viringus ou Van Vieringen (Jean-Wautier) / Virsungus ou Wirsungus (Christophe)
542	0542	Virsungus ou Wirsungus (Christophe) / Virsungus ou Wirsungus (Jean-George) / Vischer (Jean)
543	0543	Vischer (Jean) / Vischer, (Jérôme) / Vitalis, (Louis) / Vitalis, (Sanctorius)
544	0544	Vitalis, (Sanctorius) / Vizani (Enée) / Vleeschouwer. (Jean) Voyez Carnarius / Vlierden, (Daniel Van) / Ulmus. (François) Voyez Olmo / Ulmus (Marc-Antoine)
545	0545	Ulmus (Marc-Antoine) / Ulsenius ou Ulstenius, (Théodoric) / Ulstad (Philippe) / Untzer (Matthias)
546	0546	Untzer (Matthias) / Vochs, (Jean) / Voet, (Daniel)
547	0547	Voet, (Daniel) / Vogels, (Evalde)
548	0548	Vogels, (Evalde) / Vogler, (Godefroid)
549	0549	Vogler, (Godefroid) / Vogli, (Jean-Hyacinthe)
550	0550	Vogli, (Jean-Hyacinthe) / Volckamer (Jean-George)
551	0551	Volckamer (Jean-George) / Volder, (Burcher De)
552	0552	Volder, (Burcher De) / Volgnadius, (Henri)
553	0553	Volgnadius, (Henri) / Volpini. Voyez Vulpinus / Vorstius, (Aelius Everardus)
554	0554	Vorstius, (Aelius Everardus) / Vorstius, (Adolphe) / Uranius
555	0555	Uranius / Ursicin
556	0556	Ursicin / Ursinus, (Jean)
557	0557	Vulpinus ou Volpini, (Jean-Baptiste)
558	0558	W / Wachendorff, (Everard-Jacques Van) / Wagner (Jean-Jacques) / Wagret, (J. P.) / Wagstaff (Thomas)
559	0559	Wagstaff (Thomas) / Walaeus ou De Wale, (Jean)
560	0560	Walaeus ou De Wale, (Jean) / Waldschmidt, (Jean-Jacques)
561	0561	Waldschmidt, (Jean-Jacques) / Waldschmidt, (Guillaume-Hulderic)
562	0562	Waldung, (Wolfgang) / Walther, (Augustin-Fréderic)
563	0563	Walther, (Augustin-Fréderic) / Wassenaer, (Nicolas De) / Wecker, (Jean-Jacques)
564	0564	Wédel, (George-Wolfgang)
565	0565	Wédel, (George-Wolfgang)
566	0566	Wédel, (George-Wolfgang) / Wédel, (Erneste-Henri) / Weickhard, (Arnould) / Weidner, (Paul)
567	0567	Weidner, (Paul) / Weinhart, (Ferdinand-Charles) / Weinlein (Josaphat) / Weinrich, (Martin)
568	0568	Weinrich, (Martin) / Weitbrecht, (Josias) / Wells, (Benjamin)
569	0569	Wells, (Benjamin) / Welschius ou Welsch. Voyez Velschius / Welsens. Voyez Velsius / Wepfer, (Jean-Jacques)
570	0570	Wepfer, (Jean-Jacques) / Wepfer, (Jean) / Wepfer, (Jean-Conrad) / Weremberg, (Jacques) / Werlhof, (Paul-Gottlieb)
571	0571	Werlhof, (Paul-Gottlieb) / Wesenfeld, (Conrad) / Westhuyse, (Matthias Van) / Westphal, (Jean-Gaspar) / Weyer. Voyez Wier / Wharton (Thomas)
572	0572	Wharton (Thomas) / Whistler, (Daniel)
573	0573	Whistler, (Daniel) / Whitaker, (Guillaume) / Whytt, (Robert)
574	0574	Whytt, (Robert) / Wiel. (Corneille Vander) Voyez Stalpart / Wier ou Weyer, (Jean)
575	0575	Wier ou Weyer, (Jean)
576	0576	Wier ou Weyer, (Jean) / Wigandus. Voyez Willius / Wilde (Simon)
577	0577	Wilde (Simon) / Willich, (Josse) / Willis, (Thomas)
578	0578	Willis, (Thomas)
579	0579	Willis, (Thomas) / Willius, (Jean-Valentin) / Willoughby, (François) / Wilson, (Edmond)
580	0580	Wilson, (Edmond) / Winckele (Jean De) / Winckler (Daniel)
581	0581	Winckler, (Daniel) / Winsemius ou Van Winsem (Pierre)
582	0582	Winsemius ou Van Winsem (Pierre) / Winsemius, (Ménélas)
583	0583	Winsemius, (Ménélas) / Winslow, (Jacques-Bénigne)
584	0584	Winslow, (Jacques-Bénigne)
585	0585	Winslow, (Jacques-Bénigne)
586	0586	Winslow, (Jacques-Bénigne)
587	0587	Winslow, (Jacques-Bénigne) / Winter, (Frédéric) / Winther. Voyez Guinther / Wintringham, (Clifton)
588	0588	Wintringham, (Clifton) / Wirdig (Sébastien) / Wirsungus. Voyez Virsungus / Wirth, (George) / Wiseman, (Richard)
589	0589	Wiseman, (Richard) / Witte ou Witten (Henning) / Wittie, (Robert) / Wolf, (Gaspar)
590	0590	Wolf, (Gaspar) / Wolf, (Henri) / Wolf, (Jacques)
591	0591	Wolf, (Jacques) / Wolf (Jean)
592	0592	Wolf (Jean) / Wolf, (Ives) / Wolf (Simon)
593	0593	Wolf (Simon) / Wolfart, (Pierre)
594	0594	Wolfart, (Pierre) / Wolkamer. Voyez Volckamer / Woodward (Jean)
595	0595	Woodward (Jean) / Woolhouse, (Jean-Thomas)
596	0596	Woolhouse, (Jean-Thomas) / Wormius, (Olaus)
597	0597	Wormius, (Olaus) / Wormius, (Guillaume)
598	0598	Wormius, (Guillaume) / Wotton, (Edouard)
599	0599	Wurffbain, (Jean-Paul) / Wurtz, (Félix)
600	0600	Wurtz, (Félix) / Wyberd (Jean)
601	0601	X / Xénocrate / Xénophon
602	0602	Ximenes de Carmona, (François) / Ximenes Savariego (Jean) / Ximenes (Jérôme) / Ximenes, (Pierre) / Xyn-Num. Voyez Ciningo
603	0603	Y / Yves (Charles Saint)
604	0604	Yves (Charles Saint) / Yves (Etienne Saint)
605	0605	Yves (Etienne Saint)
606	0606	Z / Zabarella (Jacques) / Zacchias, (Paul)
607	0607	Zacchias, (Paul) / Zacharias ou Zachalias / Zacharie / Zacuto ou Zacutus dit Lusitanus
608	0608	Zacuto ou Zacutus dit Lusitanus
609	0609	Zacuto ou Zacutus dit Lusitanus / Zambeccari, (Joseph) / Zamolxis
610	0610	Zamolxis / Zamora, (Antoine) / Zanardo (Michel) / Zangmaister (Jean-Paul) / Zannichelli, (Jean-Jérôme)
611	0611	Zannichelli, (Jean-Jérôme)
612	0612	Zannichelli, (Jean-Jérôme) / Zanoni, (Jacques)
613	0613	Zanoni, (Jacques) / Zanten (Jacob Van) / Zantvliet, (Jean De) / Zapata, (Jean-Baptiste) / Zas, (Nicolas) / Zaucarius ou De Zachariis, (Albert)
614	0614	Zecchius (Jean) / Zeffiri, (Silvio)
615	0615	Zeller, (Jean-Godefroid)
616	0616	Zeller, (Jean-Godefroid) / Zenaro, (Jacques) / Zenon / Zenon, (Antoine) / Zerbis (Gabriël De)
617	0617	Zeuxis de Tarente / Zimmermann, (Jean-George)
618	0618	Zimmermann, (Jean-George) / Zinn, (Jean-Godefroid) / Zittmann, (Fréderic) / Zobel (Fréderic)
619	0619	Zobel (Fréderic) / Zollicoffer, (Hector) / Zopyrus / Zoroastre
620	0620	Zoroastre / Zosime / Zumbach de Koesfeld, (Lothaire)
621	0621	Zumbach de Koesfeld, (Lothaire) / Zusner, (Urbain) / Zwelfer (Jean)
622	0622	Zwelfer (Jean) / Zwinger, (Théodore)
623	0623	Zwinger, (Théodore) / Zwinger, (Jacques)
624	0624	Zwinger, (Théodore) / Zwinger, (Théodore)
625	0625	Zwinger, (Théodore) / Zwinger, (Jean-Jacques) / Zype, (François Vanden)
626	0626	Zype, (François Vanden)
[sans numérotation]	0627	Permission
[sans numérotation]	0628	Errata
