page	refimg	chapitre
[sans numérotation]	0001	[Page de faux-titre]
[sans numérotation]	0002	
[sans numérotation]	0003	[Page de titre]
[page blanche]	0004	
1	0005	Herpès [Henri Feulard]
2	0006	Herpès [Henri Feulard]
3	0007	Herpès [Henri Feulard]
4	0008	Herpès [Henri Feulard]
5	0009	Herpès [Henri Feulard]
6	0010	Herpès [Henri Feulard]
7	0011	Herpès [Henri Feulard]
8	0012	Herpès [Henri Feulard]
9	0013	Herpès [Henri Feulard]
10	0014	Herpès [Henri Feulard]
11	0015	Herpès [Henri Feulard]
12	0016	Herpès [Henri Feulard]
13	0017	Herpès [Henri Feulard]
14	0018	Herpès [Henri Feulard]
15	0019	Herpès [Henri Feulard]
16	0020	Herpès [Henri Feulard]
17	0021	Herpès [Henri Feulard]
18	0022	Herpès [Henri Feulard]
19	0023	Herpès [Henri Feulard]
20	0024	Herpès [Henri Feulard]
21	0025	Herpès [Henri Feulard]
22	0026	Herpès [Henri Feulard]
23	0027	Herpès [Henri Feulard]
24	0028	Herpès [Henri Feulard]
25	0029	Herpès [Henri Feulard]
26	0030	Herpès [Henri Feulard]
27	0031	Herpès [Henri Feulard]
28	0032	Herpès [Henri Feulard]
29	0033	Herpès [Henri Feulard]
30	0034	Herpès [Henri Feulard]
31	0035	Herpès [Henri Feulard]
32	0036	Herpès [Henri Feulard]
33	0037	Herpès [Henri Feulard]
34	0038	Herpès [Henri Feulard]
35	0039	Herpès [Henri Feulard]
36	0040	Herpès [Henri Feulard]
37	0041	Herpès [Henri Feulard]
38	0042	Herpès [Henri Feulard]
39	0043	Herpès [Henri Feulard]
40	0044	Herpès [Henri Feulard]
41	0045	Herpès [Henri Feulard]
42	0046	Herpès [Henri Feulard]
43	0047	Herpès [Henri Feulard]
44	0048	Herpès [Henri Feulard]
45	0049	Herpès [Henri Feulard]
46	0050	Herpès [Henri Feulard] (bibliographie)
47	0051	Herpès [Henri Feulard] (bibliographie)
48	0052	Herpès [Henri Feulard] (bibliographie) / Herpétides [Henri Feulard]
49	0053	Herpétides [Henri Feulard]
50	0054	Herpétides [Henri Feulard]
51	0055	Herpétides [Henri Feulard]
52	0056	Herpétides [Henri Feulard]
53	0057	Herpétides [Henri Feulard]
54	0058	Herpétides [Henri Feulard]
55	0059	Herpétides [Henri Feulard]
56	0060	Herpétides [Henri Feulard]
57	0061	Herpétides [Henri Feulard]
58	0062	Herpétides [Henri Feulard]
59	0063	Herpétides [Henri Feulard] (bibliographie)
60	0064	Herpétides [Henri Feulard] (bibliographie) / Herpétisme [Pierre Merklen]
61	0065	Herpétisme [Pierre Merklen]
62	0066	Herpétisme [Pierre Merklen]
63	0067	Herpétisme [Pierre Merklen]
64	0068	Herpétisme [Pierre Merklen]
65	0069	Herpétisme [Pierre Merklen]
66	0070	Herpétisme [Pierre Merklen]
67	0071	Herpétisme [Pierre Merklen]
68	0072	Herpétisme [Pierre Merklen]
69	0073	Herpétisme [Pierre Merklen]
70	0074	Herpétisme [Pierre Merklen]
71	0075	Herpétisme [Pierre Merklen]
72	0076	Herpétisme [Pierre Merklen]
73	0077	Herpétisme [Pierre Merklen] (bibliographie)
74	0078	Herpétisme [Pierre Merklen] (bibliographie) / Herpeton [H.-E. Sauvage] / Herpin (Jean-Charles) [L. Hahn] / Herrera (Cristobal-Perez de) [L. Hahn] / Herrlisheim (Eaux minérales de) [A. Rotureau]
75	0079	Herrlisheim (Eaux minérales de) [A. Rotureau] / Herrmann (Les deux) [L. Hahn] / Herse [Ed. Lefèvre] / Herse (La). Voy. La Herse / Hersend (Femme) [A. Chéreau]
76	0080	Hersilie. Voy. Araignées / Hertwig (Karl-Heinrich) [L. Hahn] / Hervé Fierabras [L. Hahn] / Hervez de Chégoin (Nicolas-Joseph) [L. Hahn] (bibliographie) / Hervideros (Les) [A. Rotureau]
77	0081	Hervideros (Les) [A. Rotureau]
78	0082	Hervideros (Les) [A. Rotureau]
79	0083	Hervideros (Les) [A. Rotureau]
80	0084	Hervideros (Les) [A. Rotureau]
81	0085	Hervideros (Les) [A. Rotureau] / Héry (Thierry de) [L. Hahn]
82	0086	Héry (Thierry de) [L. Hahn] / Herz (Les) [L. Hahn] (bibliographie) / Heschl (Richard-L.) [L. Hahn] / Herspéridie [L. Hahn] / Hespéridine [L. Hahn]
83	0087	Hespéridine [L. Hahn] / Hesperis. Voy. Julienne / Hesse (Les deux) [L. Hahn] (bibliographie) / Hesselbach (Les deux) [L. Hahn]
84	0088	Hesselbach (Les deux) [L. Hahn] (bibliographie) / Hessert (Franz-Ferdin.-Ludwig von) [L. Hahn] / Hétéradelphes [O. Larcher] / Hétéradénomes. Voy. Adénomes et Épithéliales (Tumeurs) / Hétéraliens [O. Larcher] / Hétérocères. Voy. Lépidoptères / Hétérodon [H.-E. Sauvage]
85	0089	Hétérodon [H.-E. Sauvage] (bibliographie) / Hétérodymes [O. Larcher] / Hétérogénésie. Voy. Hybridité / Hétérogénie. Voy. Génération / Hétérologue [Ed. Retterer]
86	0090	Hétérologue [Ed. Retterer] / Hétéropages [O. Larcher] / Hétéroplasie [Ed. Retterer]
87	0091	Hétéroplasie [Ed. Retterer]
88	0092	Hétéroplasie [Ed. Retterer]
89	0093	Hétéroplasie [Ed. Retterer]
90	0094	Hétéroplasie [Ed. Retterer]
91	0095	Hétéroplasie [Ed. Retterer]
92	0096	Hétéroplasie [Ed. Retterer]
93	0097	Hétéroplasie [Ed. Retterer]
94	0098	Hétéroplasie [Ed. Retterer]
95	0099	Hétéroplasie [Ed. Retterer]
96	0100	Hétéroplasie [Ed. Retterer]
97	0101	Hétéroplasie [Ed. Retterer]
98	0102	Hétéroplasie [Ed. Retterer]
99	0103	Hétéroplasie [Ed. Retterer] / Hétéroplasme [E. Retterer] / Hétéroplastie [E. Retterer] / Hétéroplastiques [E. Retterer] / Hétéropodes [Ed. Lefèvre]
100	0104	Hétéropodes [Ed. Lefèvre] / Hétéroptères. Voy. Hémiptères / Hétérotypiens [O. Larcher] / Hêtre [Ed. Lefèvre]
101	0105	Hêtre [Ed. Lefèvre] (bibliographie) / Heucheloup (Eau minérale de) [A. Rotureau] / Heuchera [Ed. Lefèvre]
102	0106	Heuchera [Ed. Lefèvre] (bibliographie) / Heudelotia. Voy. Balsamodendron / Heudreville (Eau minérale du prieuré d') [A. Rotureau]
103	0107	Heudreville (Eau minérale du prieuré d') [A. Rotureau] (bibliographie) / Heuermann (Georg) [A. Dureau]
104	0108	Heuermann (Georg) [A. Dureau] / Heurne (Jan van) [L. Hahn] / Heurteloup (Les deux) [L. Hahn] (bibliographie)
105	0109	Heurteloup (Les deux) [L. Hahn] (bibliographie) / Heusinger von Waldegg (Joh.-Christ.-Friedr.-Karl) [L. Hahn] / Heustrichbad (Eau minérale de) [A. Rotureau]
106	0110	Heustrichbad (Eau minérale de) [A. Rotureau] / Hevea [Ed. Lefèvre] (bibliographie) / Hévéène [L. Hahn]
107	0111	Hévin (Prudent) [A. Dureau] / Hewson (William) [L. Hahn] / Hexacanthe (Embryon). Voy. Cestoïdes, Taenia / Hexacanthes. Voy. Diptères / Hexapodes [A. Laboulbène]
108	0112	Hexapodes [A. Laboulbène] / Hexathyridium [Raphaël Blanchard]
109	0113	Hexathyridium [Raphaël Blanchard] (bibliographie) / Hexoylène [L. Hahn] / Hexyle [L. Hahn] / Hexyle (Hydrure d') [L. Hahn] / Hexylène [L. Hahn] / Hexylénique (Alcool) [L. Hahn] / Hexylique (Alcool) [L. Hahn] / Hey (William) [L. Hahn]
110	0114	Hey (William) [L. Hahn] (bibliographie) / Heyerdahl (Valentin-Christ.-Wilh.-Sibbern) [L. Hahn] / Heyfelder (Johann-Ferdinand) [L. Hahn] / Heymann (Les deux) [L. Hahn]
111	0115	Hiatus de Fallope [L. Hahn] / Hiatus de Winslow [L. Hahn] / Hibiscus. Voy. Ketmie / Hibou [E. Oustalet]
112	0116	Hibou [E. Oustalet] (bibliographie) / Hidrotique (Acide) [L. Hahn] / Hièble. Voy. Sureau / Hieracium (T.) [H. Baillon] / Hiéra-picra [L. Hahn]
113	0117	Hiéron (Fontaine d'Esculape) [Stéphanos] / Hiéroscopie. Voy. Divination / Higgins (Charles) [A. Dureau] / Highmore (Antre d'). Voy. Maxillaire (Os) / Highmore (Corps d'). Voy. Testicule / Highmore (Nathaniel) [L. Hahn] (bibliographie) / Hikesius [L. Hahn] / Hilarant (Gaz). Voy. Gaz / Hildebrandt (Les deux) [L. Hahn]
114	0118	Hildebrandt (Les deux) [L. Hahn] (bibliographie) / Hildegarde (de Bingen) [L. Hahn] / Hildenbrand (Les deux) [L. Hahn]
115	0119	Hildenbrand (Les deux) [L. Hahn] (bibliographie) / Hill (John) [L. Hahn] / Hillairet (Jean-Baptiste) [A. Dureau] / Hillary (William) [L. Hahn] / Hilton (John) [A. Dureau]
116	0120	Hilton (John) [A. Dureau] / Himly (Les deux) [L. Hahn] (bibliographie) / Hindoustan. Voy. Inde / Hinton (James) [L. Hahn] / Hippanthropie. Voy. Lycanthropie / Hipparaffine [L. Hahn]
117	0121	Hipparaffine [L. Hahn] / Hipparine [L. Hahn] / Hippeastrum [Ed. Lefèvre] / Hippobosques. Voy. Pupipares / Hippocampe [H.-E. Sauvage]
118	0122	Hippocampe [H.-E. Sauvage] (bibliographie) / Hippocampe (Pied d'). Voy. Cerveau / Hippocastanées [Ed. Lefèvre] / Hippocastanum [Ed. Lefèvre] / Hippocras [L. Hahn] / Hippocrate [L. Hahn] / Hippocratea [Ed. Lefèvre]
119	0123	Hippocratea [Ed. Lefèvre] (bibliographie) / Hippocrepis [Ed. Lefèvre] / Hippolyte (Saint-) d'Enval ou Saint-Jean-d'en-haut (Eaux minérales de) [A. Rotureau]
120	0124	Hippolyte (Saint-) d'Enval ou Saint-Jean-d'en-haut (Eaux minérales de) [A. Rotureau] / Hippomane. Voy. Mancenillier / Hippophae (L.) [H. Baillon] (bibliographie) / Hippopotame [E. Oustalet]
121	0125	Hippopotame [E. Oustalet]
122	0126	Hippopotame [E. Oustalet]
123	0127	Hippopotame [E. Oustalet] (bibliographie) / Hippuramide [L. Hahn] / Hippurates. Voy. Hippurique (Acide) / Hippuridées. Voy. Onagrariées / Hippurique (Acide) [L. Hahn]
124	0128	Hippurique (Acide) [L. Hahn]
125	0129	Hippuris [Ed. Lefèvre] / Hiptage [Ed. Lefèvre] (bibliographie) / Hircine [L. Hahn] / Hircique (Acide) [L. Hahn] / Hirondelle [E. Oustalet]
126	0130	Hirondelle [E. Oustalet]
127	0131	Hirondelle [E. Oustalet]
128	0132	Hirondelle [E. Oustalet] (bibliographie) / Hirondelle de mer [E. Oustalet] / Hirsch (Georg) [L. Hahn]
129	0133	Hirschfeld (Rameau d'). Voy. Facial (Nerf) / Hirschfeld (Ludwig-Moritz) [A. Dureau] / Hirtz (Mathieu-Marc) [A. Chéreau] (bibliographie) / Hirudinées [Raphaël Blanchard]
130	0134	Hirudinées [Raphaël Blanchard]
131	0135	Hirudinées [Raphaël Blanchard]
132	0136	Hirudinées [Raphaël Blanchard]
133	0137	Hirudinées [Raphaël Blanchard]
134	0138	Hirudinées [Raphaël Blanchard]
135	0139	Hirudinées [Raphaël Blanchard]
136	0140	Hirudinées [Raphaël Blanchard]
137	0141	Hirudinées [Raphaël Blanchard]
138	0142	Hirudinées [Raphaël Blanchard]
139	0143	Hirudinées [Raphaël Blanchard]
140	0144	Hirudinées [Raphaël Blanchard]
141	0145	Hirudinées [Raphaël Blanchard]
142	0146	Hirudinées [Raphaël Blanchard]
143	0147	Hirudinées [Raphaël Blanchard]
144	0148	Hirudinées [Raphaël Blanchard]
145	0149	Hirudinées [Raphaël Blanchard]
146	0150	Hirudinées [Raphaël Blanchard]
147	0151	Hirudinées [Raphaël Blanchard]
148	0152	Hirudinées [Raphaël Blanchard]
149	0153	Hirudinées [Raphaël Blanchard]
150	0154	Hirudinées [Raphaël Blanchard]
151	0155	Hirudinées [Raphaël Blanchard]
152	0156	Hirudinées [Raphaël Blanchard]
153	0157	Hirudinées [Raphaël Blanchard]
154	0158	Hirudinées [Raphaël Blanchard]
155	0159	Hirudinées [Raphaël Blanchard]
156	0160	Hirudinées [Raphaël Blanchard]
157	0161	Hirudinées [Raphaël Blanchard]
158	0162	Hirudinées [Raphaël Blanchard]
159	0163	Hirudinées [Raphaël Blanchard]
160	0164	Hirudinées [Raphaël Blanchard] (bibliographie)
161	0165	Hirudinées [Raphaël Blanchard] (bibliographie)
162	0166	Hirudinées [Raphaël Blanchard] (bibliographie) / Hirudiniculture. Voy. Sangsue / Histochimie. Voy. Histologie / Histologie [Debierre]
163	0167	Histologie [Debierre]
164	0168	Histologie [Debierre]
165	0169	Histologie [Debierre]
166	0170	Histologie [Debierre]
167	0171	Histologie [Debierre]
168	0172	Histologie [Debierre]
169	0173	Histologie [Debierre]
170	0174	Histologie [Debierre]
171	0175	Histologie [Debierre]
172	0176	Histologie [Debierre]
173	0177	Histologie [Debierre]
174	0178	Histologie [Debierre]
175	0179	Histologie [Debierre]
176	0180	Histologie [Debierre]
177	0181	Histologie [Debierre]
178	0182	Histologie [Debierre]
179	0183	Histologie [Debierre]
180	0184	Histologie [Debierre] (bibliographie)
181	0185	Histologie [Debierre] (bibliographie) / Hitchitees. Voy. Centre-Amérique / Hjaerne (Urban) [L. Hahn] / Hjort (Jens-Johan) [A. Dureau]
182	0186	Hjort (Jens-Johan) [A. Dureau] / Hoang-nan [Charles Éloy]
183	0187	Hoang-nan [Charles Éloy] / Hoazin [E. Oustalet]
184	0188	Hoazin [E. Oustalet] (bibliographie) / Hoboken (Nicolas) [L. Hahn] / Hodges (Nathanael) [L. Hahn] / Hodgkin (Thomas) [L. Hahn]
185	0189	Hodgson (Joseph) [A. Dureau] / Hoefer (Jean-Chrétien-Ferdinand) [L. Hahn] / Hoeven (Les deux van der) [L. Hahn]
186	0190	Hof-Gastein. Voy. Gastein / Hof Ragaz (Eaux minérales de) [A. Rotureau] / Hoffmann (Les) [L. Hahn]
187	0191	Hoffmann (Les) [L. Hahn]
188	0192	Hoffmann (Les) [L. Hahn] / Hoffvenius (Per) [L. Hahn]
189	0193	Hofmann (Les) [L. Hahn] (bibliographie) / Hohl (Anton-Friedrich) [L. Hahn]
190	0194	Hohl (Anton-Friedrich) [L. Hahn] (bibliographie) / Hoin (Jean-Jacques-Louis) [L. Hahn] / Holcus. Voy. Houlque / Holigarna (Ham.) [H. Baillon] / Holland (Henry) [A. Dureau]
191	0195	Holland (Henry) [A. Dureau] / Hollande ou Pays-Bas [Basile Féris]
192	0196	Hollande ou Pays-Bas [Basile Féris]
193	0197	Hollande ou Pays-Bas [Basile Féris]
194	0198	Hollande ou Pays-Bas [Basile Féris]
195	0199	Hollande ou Pays-Bas [Basile Féris]
196	0200	Hollande ou Pays-Bas [Basile Féris]
197	0201	Hollande ou Pays-Bas [Basile Féris]
198	0202	Hollande ou Pays-Bas [Basile Féris]
199	0203	Hollande ou Pays-Bas [Basile Féris]
200	0204	Hollande ou Pays-Bas [Basile Féris]
201	0205	Hollande ou Pays-Bas [Basile Féris]
202	0206	Hollande ou Pays-Bas [Basile Féris]
203	0207	Hollande ou Pays-Bas [Basile Féris] / Hollard (Henri-Louis-Gabr.-Marc) [L. Hahn] / Holostome, Holostomides [Raphaël Blanchard]
204	0208	Holostome, Holostomides [Raphaël Blanchard] / Holotarses [A. Laboulbène]
205	0209	Holotarses [A. Laboulbène] / Holothurie [Ed. Lefèvre] / Holothuroïdes [Ed. Lefèvre]
206	0210	Holothuroïdes [Ed. Lefèvre] / Holsbeek (Henri van) [L. Hahn]
207	0211	Holsbeek (Henri van) [L. Hahn] (bibliographie) / Holscher (Georg-Philipp) [L. Hahn] / Holst (Les deux) [L. Hahn] / Holtrop (Leonard-Stev.-Aug.) [L. Hahn]
208	0212	Homalium [H. Baillon] (bibliographie) / Homard [Ed. Lefèvre] / Homatropine [L. Hahn]
209	0213	Homatropine [L. Hahn] / Homberg (Wilhelm) [L. Hahn] / Homburg (Eaux minérales de) [A. Rotureau]
210	0214	Homburg (Eaux minérales de) [A. Rotureau]
211	0215	Homburg (Eaux minérales de) [A. Rotureau]
212	0216	Homburg (Eaux minérales de) [A. Rotureau]
213	0217	Homburg (Eaux minérales de) [A. Rotureau]
214	0218	Homburg (Eaux minérales de) [A. Rotureau] / Home (Les deux) [L. Hahn]
215	0219	Home (Les deux) [L. Hahn] / Homicide (Folie) [Ant. Ritti]
216	0220	Homicide (Folie) [Ant. Ritti]
217	0221	Homicide (Folie) [Ant. Ritti]
218	0222	Homicide (Folie) [Ant. Ritti]
219	0223	Homicide (Folie) [Ant. Ritti]
220	0224	Homicide (Folie) [Ant. Ritti]
221	0225	Homicide (Folie) [Ant. Ritti]
222	0226	Homicide (Folie) [Ant. Ritti]
223	0227	Homicide (Folie) [Ant. Ritti]
224	0228	Homicide (Folie) [Ant. Ritti] / Homicide / Médecine Légale [G. Tourdes]
225	0229	Homicide. Médecine légale [G. Tourdes]
226	0230	Homicide. Médecine légale [G. Tourdes]
227	0231	Homicide. Médecine légale [G. Tourdes]
228	0232	Homicide. Médecine légale [G. Tourdes]
229	0233	Homicide. Médecine légale [G. Tourdes]
230	0234	Homicide. Médecine légale [G. Tourdes]
231	0235	Homicide. Médecine légale [G. Tourdes]
232	0236	Homicide. Médecine légale [G. Tourdes]
233	0237	Homicide. Médecine légale [G. Tourdes]
234	0238	Homicide. Médecine légale [G. Tourdes]
235	0239	Homicide. Médecine légale [G. Tourdes]
236	0240	Homicide. Médecine légale [G. Tourdes]
237	0241	Homicide. Médecine légale [G. Tourdes]
238	0242	Homme. Voy. Femme / Homoanisique (Acide) [C. Lutz] / Homocoumarine [L. Hahn] / Homocréatine [L. Hahn] / Homocuminique (Acide) [C. Lutz]
239	0243	Homocuminique (Acide) [C. Lutz] / Homoeopathie [E. Rochard]
240	0244	Homoeopathie [E. Rochard]
241	0245	Homoeopathie [E. Rochard]
242	0246	Homoeopathie [E. Rochard]
243	0247	Homoeopathie [E. Rochard]
244	0248	Homoeopathie [E. Rochard]
245	0249	Homoeopathie [E. Rochard]
246	0250	Homoeopathie [E. Rochard]
247	0251	Homoeopathie [E. Rochard]
248	0252	Homoeopathie [E. Rochard]
249	0253	Homoeopathie [E. Rochard]
250	0254	Homoeopathie [E. Rochard]
251	0255	Homoeopathie [E. Rochard]
252	0256	Homoeopathie [E. Rochard]
253	0257	Homoeopathie [E. Rochard]
254	0258	Homoeopathie [E. Rochard] (bibliographie) / Homoéosine. Voy. Homofluorescéine / Homofluorescéine [L. Hahn]
255	0259	Homofluorescéine [L. Hahn] / Homogaïacol [L. Hahn] / Homogénésie. Voy. Hybridité / Homolactique (Acide) [C. Lutz] / Homolle (Les deux) [L. Hahn]
256	0260	Homolle (Les deux) [L. Hahn] / Homologues (Composés) [C. Lutz]
257	0261	Homologues (Composés) [C. Lutz] / Homologues (Théorie des). Voy. Anatomie philosophique / Homoptères. Voy. Hémiptères
258	0262	Homopyrocatéchine [C. Lutz] / Homopyrrol [L. Hahn] / Homoquinine [L. Hahn] / Homotartrique (Acide). Voy. Itatartrique / Homotéréphtalique (Acide) [L. Hahn]
259	0263	Homotéréphtalique (Acide) [L. Hahn] / Homotoluique ou Hydrocinnamique (Acide) [C. Lutz] / Homovanillique (Acide). Voy. Vanillique (Acide) / Homovératrique (Acide) [L. Hahn] / Honduras. Voy. Centre-Amérique / Honein (ben Ishoq) [L. Leclerc]
260	0264	Honein (ben Ishoq) [L. Leclerc] / Honfleur (Station marine) [A. Rotureau] / Hongroyeurs. Voy. Peaux / Honkenya [Ed. Lefèvre]
261	0265	Honoraires [L. Lereboullet]
262	0266	Honoraires [L. Lereboullet]
263	0267	Honoraires [L. Lereboullet] / Honoré-les-Bains (Saint-) (Eaux minérales de) [A. Rotureau]
264	0268	Honoré-les-Bains (Saint-) (Eaux minérales de) [A. Rotureau]
265	0269	Honoré-les-Bains (Saint-) (Eaux minérales de) [A. Rotureau]
266	0270	Honoré-les-Bains (Saint-) (Eaux minérales de) [A. Rotureau]
267	0271	Honoré-les-Bains (Saint-) (Eaux minérales de) [A. Rotureau]
268	0272	Hontalade (Eau minérale de). Voy. Saint-Sauveur / Honteux internes (Vaisseaux) [L. Testut]
269	0273	Honteux internes (Vaisseaux) [L. Testut]
270	0274	Honteux internes (Vaisseaux) [L. Testut] / Honteux (Nerf). Voy. Sacré (Plexus) / Hooker (Sir William-Jackson) [L. Hahn] / Hooper (Robert) [L. Hahn] / Hoorn ou Hoorne (Johann van) [L. Hahn] / Hoorne (Johann van) [L. Hahn]
270	0275	Hoorne (Johann van) [L. Hahn] / Hope (James) [A. Dureau] (bibliographie) / Hopéine [Dujardin-Beaumetz]
272	0276	Hopéine [Dujardin-Beaumetz] / Hopf (Christian-Gottlob) [A. Dureau]
273	0277	Hopf (Christian-Gottlob) [A. Dureau] / Hôpitaux, Hospices [Boisseau]
274	0278	Hôpitaux, Hospices [Boisseau]
275	0279	Hôpitaux, Hospices [Boisseau]
276	0280	Hôpitaux, Hospices [Boisseau]
277	0281	Hôpitaux, Hospices [Boisseau]
278	0282	Hôpitaux, Hospices [Boisseau]
279	0283	Hôpitaux, Hospices [Boisseau]
280	0284	Hôpitaux, Hospices [Boisseau]
281	0285	Hôpitaux, Hospices [Boisseau]
282	0286	Hôpitaux, Hospices [Boisseau]
283	0287	Hôpitaux, Hospices [Boisseau]
284	0288	Hôpitaux, Hospices [Boisseau]
285	0289	Hôpitaux, Hospices [Boisseau]
286	0290	Hôpitaux, Hospices [Boisseau]
287	0291	Hôpitaux, Hospices [Boisseau]
288	0292	Hôpitaux, Hospices [Boisseau]
289	0293	Hôpitaux, Hospices [Boisseau]
290	0294	Hôpitaux, Hospices [Boisseau]
291	0295	Hôpitaux, Hospices [Boisseau]
292	0296	Hôpitaux, Hospices [Boisseau]
293	0297	Hôpitaux, Hospices [Boisseau]
294	0298	Hôpitaux, Hospices [Boisseau]
295	0299	Hôpitaux, Hospices [Boisseau]
296	0300	Hôpitaux, Hospices [Boisseau]
297	0301	Hôpitaux, Hospices [Boisseau]
298	0302	Hôpitaux, Hospices [Boisseau]
299	0303	Hôpitaux, Hospices [Boisseau]
300	0304	Hôpitaux, Hospices [Boisseau]
301	0305	Hôpitaux, Hospices [Boisseau]
302	0306	Hôpitaux, Hospices [Boisseau]
303	0307	Hôpitaux, Hospices [Boisseau]
304	0308	Hôpitaux, Hospices [Boisseau]
305	0309	Hôpitaux, Hospices [Boisseau]
306	0310	Hôpitaux, Hospices [Boisseau]
307	0311	Hôpitaux, Hospices [Boisseau]
308	0312	Hôpitaux, Hospices [Boisseau]
309	0313	Hôpitaux, Hospices [Boisseau]
310	0314	Hôpitaux, Hospices [Boisseau]
311	0315	Hôpitaux, Hospices [Boisseau]
312	0316	Hôpitaux, Hospices [Boisseau]
313	0317	Hôpitaux, Hospices [Boisseau]
314	0318	Hôpitaux, Hospices [Boisseau]
315	0319	Hôpitaux, Hospices [Boisseau]
316	0320	Hôpitaux, Hospices [Boisseau]
317	0321	Hôpitaux, Hospices [Boisseau]
318	0322	Hôpitaux, Hospices [Boisseau]
319	0323	Hôpitaux, Hospices [Boisseau]
320	0324	Hôpitaux, Hospices [Boisseau]
321	0325	Hôpitaux, Hospices [Boisseau]
322	0326	Hôpitaux, Hospices [Boisseau]
323	0327	Hôpitaux, Hospices [Boisseau]
324	0328	Hôpitaux, Hospices [Boisseau]
325	0329	Hôpitaux, Hospices [Boisseau]
326	0330	Hôpitaux, Hospices [Boisseau]
327	0331	Hôpitaux, Hospices [Boisseau]
328	0332	Hôpitaux, Hospices [Boisseau]
329	0333	Hôpitaux, Hospices [Boisseau]
330	0334	Hôpitaux, Hospices [Boisseau]
331	0335	Hôpitaux, Hospices [Boisseau]
332	0336	Hôpitaux, Hospices [Boisseau]
333	0337	Hôpitaux, Hospices [Boisseau]
334	0338	Hôpitaux, Hospices [Boisseau]
335	0339	Hôpitaux, Hospices [Boisseau]
336	0340	Hôpitaux, Hospices [Boisseau]
337	0341	Hôpitaux, Hospices [Boisseau]
338	0342	Hôpitaux, Hospices [Boisseau]
339	0343	Hôpitaux, Hospices [Boisseau]
340	0344	Hôpitaux, Hospices [Boisseau]
341	0345	Hôpitaux, Hospices [Boisseau]
342	0346	Hôpitaux, Hospices [Boisseau]
343	0347	Hôpitaux, Hospices [Boisseau]
344	0348	Hôpitaux, Hospices [Boisseau]
345	0349	Hôpitaux, Hospices [Boisseau]
346	0350	Hôpitaux, Hospices [Boisseau]
347	0351	Hôpitaux, Hospices [Boisseau]
348	0352	Hôpitaux, Hospices [Boisseau]
349	0353	Hôpitaux, Hospices [Boisseau]
350	0354	Hôpitaux, Hospices [Boisseau]
351	0355	Hôpitaux, Hospices [Boisseau]
352	0356	Hôpitaux, Hospices [Boisseau]
353	0357	Hôpitaux, Hospices [Boisseau]
354	0358	Hôpitaux, Hospices [Boisseau]
355	0359	Hôpitaux, Hospices [Boisseau]
356	0360	Hôpitaux, Hospices [Boisseau]
357	0361	Hôpitaux, Hospices [Boisseau]
358	0362	Hôpitaux, Hospices [Boisseau]
359	0363	Hôpitaux, Hospices [Boisseau]
360	0364	Hôpitaux, Hospices [Boisseau]
361	0365	Hôpitaux, Hospices [Boisseau]
362	0366	Hôpitaux, Hospices [Boisseau]
363	0367	Hôpitaux, Hospices [Boisseau]
364	0368	Hôpitaux, Hospices [Boisseau]
365	0369	Hôpitaux, Hospices [Boisseau]
366	0370	Hôpitaux, Hospices [Boisseau]
367	0371	Hôpitaux, Hospices [Boisseau]
368	0372	Hôpitaux, Hospices [Boisseau]
369	0373	Hôpitaux, Hospices [Boisseau]
370	0374	Hôpitaux, Hospices [Boisseau]
371	0375	Hôpitaux, Hospices [Boisseau]
372	0376	Hôpitaux, Hospices [Boisseau]
373	0377	Hôpitaux, Hospices [Boisseau]
374	0378	Hôpitaux, Hospices [Boisseau]
375	0379	Hôpitaux, Hospices [Boisseau]
376	0380	Hôpitaux, Hospices [Boisseau]
377	0381	Hôpitaux, Hospices [Boisseau]
378	0382	Hôpitaux, Hospices [Boisseau]
379	0383	Hôpitaux, Hospices [Boisseau]
380	0384	Hôpitaux, Hospices [Boisseau]
381	0385	Hôpitaux, Hospices [Boisseau]
382	0386	Hôpitaux, Hospices [Boisseau]
383	0387	Hôpitaux, Hospices [Boisseau]
384	0388	Hôpitaux, Hospices [Boisseau]
385	0389	Hôpitaux, Hospices [Boisseau]
386	0390	Hôpitaux, Hospices [Boisseau]
387	0391	Hôpitaux, Hospices [Boisseau]
388	0392	Hôpitaux, Hospices [Boisseau]
389	0393	Hôpitaux, Hospices [Boisseau]
390	0394	Hôpitaux, Hospices [Boisseau]
391	0395	Hôpitaux, Hospices [Boisseau]
392	0396	Hôpitaux, Hospices [Boisseau]
393	0397	Hôpitaux, Hospices [Boisseau]
394	0398	Hôpitaux, Hospices [Boisseau]
395	0399	Hôpitaux, Hospices [Boisseau]
396	0400	Hôpitaux, Hospices [Boisseau]
397	0401	Hôpitaux, Hospices [Boisseau]
398	0402	Hôpitaux, Hospices [Boisseau]
399	0403	Hôpitaux, Hospices [Boisseau]
400	0404	Hôpitaux, Hospices [Boisseau]
401	0405	Hôpitaux, Hospices [Boisseau]
402	0406	Hôpitaux, Hospices [Boisseau]
403	0407	Hôpitaux, Hospices [Boisseau]
404	0408	Hôpitaux, Hospices [Boisseau]
405	0409	Hôpitaux, Hospices [Boisseau]
406	0410	Hôpitaux, Hospices [Boisseau]
407	0411	Hôpitaux, Hospices [Boisseau]
408	0412	Hôpitaux, Hospices [Boisseau]
409	0413	Hôpitaux, Hospices [Boisseau]
410	0414	Hôpitaux, Hospices [Boisseau]
411	0415	Hôpitaux, Hospices [Boisseau]
412	0416	Hôpitaux, Hospices [Boisseau]
413	0417	Hôpitaux, Hospices [Boisseau]
414	0418	Hôpitaux, Hospices [Boisseau]
415	0419	Hôpitaux, Hospices [Boisseau]
416	0420	Hôpitaux, Hospices [Boisseau]
417	0421	Hôpitaux, Hospices [Boisseau]
418	0422	Hôpitaux, Hospices [Boisseau]
419	0423	Hôpitaux, Hospices [Boisseau]
420	0424	Hôpitaux, Hospices [Boisseau]
421	0425	Hôpitaux, Hospices [Boisseau]
422	0426	Hôpitaux, Hospices [Boisseau]
423	0427	Hôpitaux, Hospices [Boisseau]
424	0428	Hôpitaux, Hospices [Boisseau]
425	0429	Hôpitaux, Hospices [Boisseau] / Hoquet [Charles Éloy]
426	0430	Hoquet [Charles Éloy]
427	0431	Hoquet [Charles Éloy]
428	0432	Hoquet [Charles Éloy]
429	0433	Hoquet [Charles Éloy]
430	0434	Hoquet [Charles Éloy]
431	0435	Hoquet [Charles Éloy]
432	0436	Hoquet [Charles Éloy] / Hordéine [L. Hahn]
433	0437	Hordéique (Acide) [L. Hahn] / Hordeum. Voy. Orge / Horloger (Hygiène). Voy. Cuivre / Horn (Les) [L. Hahn] (bibliographie)
434	0438	Horn (Cure de petit-lait) [A. Rotureau] / Horne (Van). Voy. Hoorne (van) / Horner (Les deux) [L. Hahn] / Hörnigk (Ludwig) [L. Hahn]
435	0439	Hörnigk (Ludwig) [L. Hahn] / Horoscope. Voy. Divination / Horsh (Philippe-Joseph) [L. Hahn] / Horse-pox. Voy. Vaccine / Horst (Les trois) [L. Hahn]
436	0440	Horst (Les trois) [L. Hahn] / Horteloup (Benj.-Jean-Fulgence) [L. Hahn] / Hortensia. Voy. Hydrangea / Hosack (David) [L. Hahn] (bibliographie) / Hospices. Voy. Hôpitaux / Hottentots. Voy. Caffres / Houblon / Botanique [H. Baillon]
437	0441	Houblon. Botanique [H. Baillon] (bibliographie) / Emploi médical [Charles Éloy]
438	0442	Houblon. Emploi médical [Charles Éloy]
439	0443	Houblon. Emploi médical [Charles Éloy]
440	0444	Houblon. Emploi médical [Charles Éloy] / Houel (Charles-Nicolas) [L. Hahn]
441	0445	Houel (Charles-Nicolas) [L. Hahn] / Houille [L. Hahn] / Houilleurs. Voy. Anthracose, Mines / Houlgate (Station marine) [A. Rotureau] / Houllier (Jacques) [L. Hahn] (bibliographie)
442	0446	Houllier (Jacques) [L. Hahn] (bibliographie) / Houlque [Ed. Lefèvre] / Hourdel (Station marine) [A. Rotureau] / Houston (Les deux) [L. Hahn] / Houx / Botanique [H. Baillon]
443	0447	Houx. Botanique [H. Baillon] (bibliographie) / Emploi médical [Charles Éloy]
444	0448	Houx. Emploi médical [Charles Éloy]
445	0449	Houx. Emploi médical [Charles Éloy] / Houx (Petit-). Voy. Fragon / Houzé de l'Aulnoit (Alfred-Parfait-Désiré) [A. Dureau] (bibliographie) / Hovas. Voy. Madagascar / Hoven (Frieddrich-Wilhelm von) [L. Hahn] / Hovius (Les deux) [L. Hahn]
446	0450	Hovius (Les deux) [L. Hahn] / Howard (Les deux) [L. Hahn] / Howitz (Frantz-Gotthardt) [L. Hahn] / Howship (John) [L. Hahn] (bibliographie) / Hoyer (Johann-Georg) [L. Hahn]
447	0451	Hrabanus (Rhabanus, Raban) [L. Hahn] / Hub (Eau minérale, cures de raisin et de petit-lait de la) [A. Rotureau] / Hübbenet (Ant.-Christ.-Aug. von) [L. Hahn]
448	0452	Hübbenet (Ant.-Christ.-Aug. von) [L. Hahn] (bibliographie) / Huber (Johann-Jacob) [L. Hahn] / Hubert-Valleroux (Marcellin-Émile) [L. Hahn] / Hucher (Jean) [L. Hahn] / Huck (Alexander-Friedrich) [A. Dureau] / Hudson (Alfred) [A. Dureau]
449	0453	Hudson (Alfred) [A. Dureau] / Huerta. Voy. Orta / Hufeland (Christoph-Wilhelm) [L. Hahn] (bibliographie) / Hughes (Henry-Marshall) [L. Hahn]
450	0454	Hughes (Henry-Marshall) [L. Hahn] / Huguier (Pierre-Charles) [L. Hahn] (bibliographie) / Huiles [L. Hahn]
451	0455	Huiles [L. Hahn]
452	0456	Huiles [L. Hahn]
453	0457	Huiles [L. Hahn]
454	0458	Huiles [L. Hahn]
455	0459	Huiles [L. Hahn] / Huilliches. Voy. Chili
456	0460	Huître [Ed. Lefèvre, J. Mabille]
457	0461	Huître [Ed. Lefèvre, J. Mabille]
458	0462	Huître [Ed. Lefèvre, J. Mabille]
459	0463	Huître [Ed. Lefèvre, J. Mabille]
460	0464	Huître [Ed. Lefèvre, J. Mabille]
461	0465	Huître [Ed. Lefèvre, J. Mabille]
462	0466	Huître [Ed. Lefèvre, J. Mabille]
463	0467	Huître [Ed. Lefèvre, J. Mabille]
464	0468	Huître [Ed. Lefèvre, J. Mabille]
465	0469	Huître [Ed. Lefèvre, J. Mabille]
466	0470	Huître [Ed. Lefèvre, J. Mabille]
467	0471	Huître [Ed. Lefèvre, J. Mabille]
468	0472	Huître [Ed. Lefèvre, J. Mabille]
469	0473	Huître [Ed. Lefèvre, J. Mabille]
470	0474	Huître [Ed. Lefèvre, J. Mabille]
471	0475	Huître [Ed. Lefèvre, J. Mabille]
472	0476	Huître [Ed. Lefèvre, J. Mabille]
473	0477	Huître [Ed. Lefèvre, J. Mabille]
474	0478	Huître [Ed. Lefèvre, J. Mabille] (bibliographie) / Huîtrier [E. Oustalet]
475	0479	Huîtrier [E. Oustalet] (bibliographie) / Hull (Robert) [L. Hahn] / Hulme (Nathaniel) [A. Dureau]
476	0480	Hulme (Nathaniel) [A. Dureau] / Humantin [H.-E. Sauvage] (bibliographie) / Humbert (François) [L. Hahn] / Humboldt (Friedrich-Heinrich-Alexander von) [L. Hahn]
477	0481	Humboldt (Friedrich-Heinrich-Alexander von) [L. Hahn] / Humelsberg (Gabriel) [A. Dureau] / Humérales (Artère et veines). Voy. Brachiale / Huméro-cubitale (Articulation). Voy. Coude / Humérus / Anatomie chirurgicale [René Duzéa]
478	0482	Humérus. Anatomie chirurgicale [René Duzéa]
479	0483	Humérus. Anatomie chirurgicale [René Duzéa]
480	0484	Humérus. Anatomie chirurgicale [René Duzéa]
481	0485	Humérus. Anatomie chirurgicale [René Duzéa]
482	0486	Humérus. Anatomie chirurgicale [René Duzéa]
483	0487	Humérus. Anatomie chirurgicale [René Duzéa] / Pathologie chirurgicale [René Duzéa]
484	0488	Humérus. Pathologie chirurgicale [René Duzéa]
485	0489	Humérus. Pathologie chirurgicale [René Duzéa]
486	0490	Humérus. Pathologie chirurgicale [René Duzéa]
487	0491	Humérus. Pathologie chirurgicale [René Duzéa]
488	0492	Humérus. Pathologie chirurgicale [René Duzéa]
489	0493	Humérus. Pathologie chirurgicale [René Duzéa] / De l'intervention opératoire dans les affections chirurgicales de la diaphyse humérale [René Duzéa]
490	0494	Humérus. De l'intervention opératoire dans les affections chirurgicales de la diaphyse humérale [René Duzéa]
491	0495	Humérus. De l'intervention opératoire dans les affections chirurgicales de la diaphyse humérale [René Duzéa]
492	0496	Humérus. De l'intervention opératoire dans les affections chirurgicales de la diaphyse humérale [René Duzéa]
493	0497	Humérus. De l'intervention opératoire dans les affections chirurgicales de la diaphyse humérale [René Duzéa]
494	0498	Humérus. De l'intervention opératoire dans les affections chirurgicales de la diaphyse humérale [René Duzéa]
495	0499	Humérus. De l'intervention opératoire dans les affections chirurgicales de la diaphyse humérale [René Duzéa]
496	0500	Humérus. De l'intervention opératoire dans les affections chirurgicales de la diaphyse humérale [René Duzéa] (bibliographie) / Humeurs. Voy. Humorisme / Humine [L. Hahn] / Humique (Acide). Voy. Ulmine / Humopique (Acide) [L. Hahn] / Humorisme, Humeurs [B. Brochin]
497	0501	Humorisme, Humeurs [B. Brochin]
498	0502	Humorisme, Humeurs [B. Brochin]
499	0503	Humorisme, Humeurs [B. Brochin]
500	0504	Humorisme, Humeurs [B. Brochin]
501	0505	Humorisme, Humeurs [B. Brochin]
502	0506	Humorisme, Humeurs [B. Brochin]
503	0507	Humorisme, Humeurs [B. Brochin]
504	0508	Humorisme, Humeurs [B. Brochin]
505	0509	Humorisme, Humeurs [B. Brochin]
506	0510	Humorisme, Humeurs [B. Brochin]
507	0511	Humorisme, Humeurs [B. Brochin]
508	0512	Humorisme, Humeurs [B. Brochin]
509	0513	Humorisme, Humeurs [B. Brochin] / Humulus. Voy. Houblon / Humus. Voy. Sol et Ulmine / Hunauld (François-Joseph) [L. Hahn] (bibliographie) / Hunczovski (Johann-Nepomuk) [L. Hahn]
510	0514	Hunczovski (Johann-Nepomuk) [L. Hahn] (bibliographie) / Hundertmark (Karl-Friedrich) [L. Hahn] / Hunefeld (Friedrich-Ludwig) [A. Dureau] / Huns. Voy. France, Tartarie, etc. / Hunter (Les) [L. Hahn]
511	0515	Hunter (Les) [L. Hahn] (bibliographie)
512	0516	Hunter (Les) [L. Hahn] / Hunyadi János (Eau minérale d'). Voy. Ofen / Huppe [E. Oustalet] (bibliographie)
513	0517	Huppe [E. Oustalet] (bibliographie) / Hura (L.) [H. Baillon] / Hurleur [E. Oustalet]
514	0518	Hurleur [E. Oustalet] (bibliographie) / Hurons. Voy. Britanniques et Canada / Hurtrel d'Arboval (Louis-Henri-Joseph) [L. Hahn]
515	0519	Hurtrel d'Arboval (Louis-Henri-Joseph) [L. Hahn] / Huschke (Emil) [L. Hahn] (bibliographie) / Hussian (Raphael-Ferdinand) [L. Hahn] / Husson (Henri-Marie) [L. Hahn] / Hutchinson (John) [L. Hahn]
516	0520	Hutchinson (John) [L. Hahn] (bibliographie) / Hüter (Les deux) [L. Hahn] / Hutin (Les deux) [L. Hahn]
517	0521	Hüvel (Jean-Baptiste van) [L. Hahn] / Huxham (John) [L. Hahn] / Huzard (Les deux) [L. Hahn] / Hwasser (Les) [A. Dureau] (bibliographie)
518	0522	Hwasser (Les) [A. Dureau] / Hyacinthus [Ed. Lefèvre] / Hyalite. Voy. Corps vitré / Hyaloïde (Membrane). Voy. Corps vitré et Oeil / Hydantoïne [C. Lutz] / Hydantoïque (Acide) [C. Lutz]
519	0523	Hydarthrose [E. Rochard]
520	0524	Hydarthrose [E. Rochard]
521	0525	Hydarthrose [E. Rochard]
522	0526	Hydarthrose [E. Rochard]
523	0527	Hydarthrose [E. Rochard]
524	0528	Hydarthrose [E. Rochard]
525	0529	Hydarthrose [E. Rochard]
526	0530	Hydarthrose [E. Rochard]
527	0531	Hydarthrose [E. Rochard]
528	0532	Hydarthrose [E. Rochard]
529	0533	Hydarthrose [E. Rochard]
530	0534	Hydarthrose [E. Rochard]
531	0535	Hydarthrose [E. Rochard] (bibliographie) / Hydatide de Morgagni. Voy. Testicule / Hydatide [Raphaël Blanchard]
532	0536	Hydatide [Raphaël Blanchard] (bibliographie) / Hydatique (Bruit). Voy. Frémissement / Hydne [Ed. Lefèvre] / Hydnocarpe [Ed. Lefèvre]
533	0537	Hydnocarpe [Ed. Lefèvre] / Hydrabiétique (Acide) [L. Hahn] / Hydracétamide [L. Hahn] / Hudracne. Voy. Arachnides / Hydracrylique (Acide) [L. Hahn] / Hydractinie. Voy. Gymnoblastes / Hydragogues [Charles Éloy]
534	0538	Hydragogues [Charles Éloy]
535	0539	Hydragogues [Charles Éloy] / Hydralcoolature [L. Hahn]
536	0540	Hydramides [L. Hahn] / Hydramnios. Voy. Oeuf / Hydrangelle / Botanique [Ed. Lefèvre] / Emploi médical [Charles Éloy]
537	0541	Hydrangelle. Emploi médical [Charles Éloy] / Hydranisoïne [L. Hahn] / Hydrargyre. Voy. Mercure / Hydrargyrie [A. Pignot]
538	0542	Hydrargyrie [A. Pignot]
539	0543	Hydrargyrie [A. Pignot]
540	0544	Hydrargyrie [A. Pignot]
541	0545	Hydrargyrie [A. Pignot]
542	0546	Hydrargyrie [A. Pignot] / Hydrargyrisme. Voy. Mercure / Hydrastie ou Hydrastine [Édouard Heckel]
543	0547	Hydrastie ou Hydrastine [Édouard Heckel] / Hydrastis (L.) / Botanique [H. Baillon] (bibliographie) / Emploi [Édouard Heckel]
544	0548	Hydrastis (L.). Emploi [Édouard Heckel]
545	0549	Hydrastis (L.). Emploi [Édouard Heckel]
546	0550	Hydrastis (L.). Emploi [Édouard Heckel] / Hydratropique (Acide) [L. Hahn] / Hydrazines [L. Hahn] / Hydrazobenzoïque (Acide) [L. Hahn] / Hydrazobenzol [L. Hahn] / Hydrazulmine [L. Hahn] / Hydre [Ed. Lefèvre]
547	0551	Hydre [Ed. Lefèvre]
548	0552	Hydre [Ed. Lefèvre] / Hydrémie [Maurice Nielly]
549	0553	Hydrémie [Maurice Nielly]
550	0554	Hydrémie [Maurice Nielly]
551	0555	Hydrémie [Maurice Nielly]
552	0556	Hydrémie [Maurice Nielly]
553	0557	Hydrémie [Maurice Nielly]
554	0558	Hydrémie [Maurice Nielly] (bibliographie) / Hydresculine [L. Hahn] / Hydrindine ou Indyde [L. Hahn] / Hydrindique (Acide) [L. Hahn]
555	0559	Hydrindique (Acide) [L. Hahn] / Hydrisalizarine [L. Hahn] / Hydroa [Henri Feulard]
556	0560	Hydroa [Henri Feulard]
557	0561	Hydroa [Henri Feulard]
558	0562	Hydroa [Henri Feulard]
559	0563	Hydroa [Henri Feulard]
560	0564	Hydroa [Henri Feulard] (bibliographie) / Hydroacridine [L. Hahn] / Hydroaloétique (Acide) [L. Hahn] / Hydrobenzamide [L. Hahn]
561	0565	Hydrobenzamide [L. Hahn] / Hydrobenzoïne [L. Hahn] / Hydroberbérine [L. Hahn] / Hydrobilirubine. Voy. Urochrome / Hydrocaféique (Acide) [L. Hahn] / Hydrocamphorique (Acide) [L. Hahn] / Hydrocarbures [L. Hahn]
562	0566	Hydrocarbures [L. Hahn]
563	0567	Hydrocarbures [L. Hahn]
564	0568	Hydrocarbures [L. Hahn]
565	0569	Hydrocarbures [L. Hahn] / Hydrocarottine [L. Hahn] / Hydrocèle [Paul Reclus]
566	0570	Hydrocèle [Paul Reclus]
567	0571	Hydrocèle [Paul Reclus]
568	0572	Hydrocèle [Paul Reclus]
569	0573	Hydrocèle [Paul Reclus]
570	0574	Hydrocèle [Paul Reclus]
571	0575	Hydrocèle [Paul Reclus]
572	0576	Hydrocèle [Paul Reclus]
573	0577	Hydrocèle [Paul Reclus]
574	0578	Hydrocèle [Paul Reclus]
575	0579	Hydrocèle [Paul Reclus]
576	0580	Hydrocèle [Paul Reclus]
577	0581	Hydrocèle [Paul Reclus]
578	0582	Hydrocèle [Paul Reclus]
579	0583	Hydrocèle [Paul Reclus]
580	0584	Hydrocèle [Paul Reclus]
581	0585	Hydrocèle [Paul Reclus]
582	0586	Hydrocèle [Paul Reclus]
583	0587	Hydrocèle [Paul Reclus]
584	0588	Hydrocèle [Paul Reclus]
585	0589	Hydrocèle [Paul Reclus]
586	0590	Hydrocèle [Paul Reclus]
587	0591	Hydrocèle [Paul Reclus]
588	0592	Hydrocèle [Paul Reclus]
589	0593	Hydrocèle [Paul Reclus] / Hydrocellulose [L. Hahn] / Hydrocéphalie [A. Sanné]
590	0594	Hydrocéphalie [A. Sanné]
591	0595	Hydrocéphalie [A. Sanné]
592	0596	Hydrocéphalie [A. Sanné]
593	0597	Hydrocéphalie [A. Sanné]
594	0598	Hydrocéphalie [A. Sanné]
595	0599	Hydrocéphalie [A. Sanné]
596	0600	Hydrocéphalie [A. Sanné]
597	0601	Hydrocéphalie [A. Sanné]
598	0602	Hydrocéphalie [A. Sanné]
599	0603	Hydrocéphalie [A. Sanné]
600	0604	Hydrocéphalie [A. Sanné]
601	0605	Hydrocéphalie [A. Sanné]
602	0606	Hydrocéphalie [A. Sanné]
603	0607	Hydrocéphalie [A. Sanné]
604	0608	Hydrocéphalie [A. Sanné]
605	0609	Hydrocéphalie [A. Sanné]
606	0610	Hydrocéphalie [A. Sanné]
607	0611	Hydrocéphalie [A. Sanné]
608	0612	Hydrocéphalie [A. Sanné]
609	0613	Hydrocéphalie [A. Sanné]
610	0614	Hydrocéphalie [A. Sanné]
611	0615	Hydrocéphalie [A. Sanné]
612	0616	Hydrocéphalie [A. Sanné]
613	0617	Hydrocéphalie [A. Sanné]
614	0618	Hydrocéphalie [A. Sanné]
615	0619	Hydrocéphalie [A. Sanné] (bibliographie)
616	0620	Hydrocéphalie [A. Sanné] (bibliographie)
617	0621	Hydrocéphalie [A. Sanné] (bibliographie) / Hydrochloranilique (Acide) [L. Hahn] / Hydrochloronitrique (Acide) [L. Hahn] / Hydrochrysamide [L. Hahn] / Hydrocinchonine [L. Hahn] / Hydrocinnamique (Acide) [L. Hahn]
618	0622	Hydrocinnamyle [L. Hahn] / Hydrocoménique (Acide) [L. Hahn] / Hydrocotarnine [L. Hahn] / Hydrocotyle / Botanique [Ed. Lefèvre]
619	0623	Hydrocotyle / Emploi médical [Charles Éloy]
620	0624	Hydrocotyle. Emploi médical [Charles Éloy] / Hydrocoumarine [L. Hahn] / Hydrocoumariques (Acides) [L. Hahn]
621	0625	Hydrocoumariques (Acides) [L. Hahn] / Hydrocuminoïne [L. Hahn] / Hydrocyanaldine [L. Hahn] / Hydrocyanharmaline [L. Hahn] / Hydrocyanobenzide [L. Hahn] / Hydrocyanoferrique (Acide) [L. Hahn] / Hydrocyanorosaniline [L. Hahn] / Hydrodynamique [C.-M. Gariel]
622	0626	Hydrodynamique [C.-M. Gariel]
623	0627	Hydrodynamique [C.-M. Gariel]
624	0628	Hydrodynamique [C.-M. Gariel]
625	0629	Hydrodynamique [C.-M. Gariel]
626	0630	Hydrodynamique [C.-M. Gariel]
627	0631	Hydrodynamique [C.-M. Gariel]
628	0632	Hydrodynamique [C.-M. Gariel] / Hydroenanthamide [L. Hahn] / Hydroéthylcrotonique (Acide) [L. Hahn] / Hydroferrocyanique (Acide) [L. Hahn] / Hydroférulique (Acide) [L. Hahn]
629	0633	Hydroférulique (Acide) [L. Hahn] / Hydrofluosilicique (Acide) [L. Hahn] / Hydrofuronique (Acide) [L. Hahn] / Hydrogardénique (Acide) [L. Hahn] / Hydrogène [L. Hahn]
630	0634	Hydrogène [L. Hahn]
631	0635	Hydrogène [L. Hahn]
632	0636	Hydrogène [L. Hahn]
633	0637	Hydrogène [L. Hahn]
634	0638	Hydrogène [L. Hahn]
635	0639	Hydrogène [L. Hahn] / Hydrogène [L. Hahn] / Hydrogène protocarboné [L. Hahn]
636	0640	Hydrogène protocarboné [L. Hahn]
637	0641	Hydrogène protocarboné [L. Hahn] / Hydrographie. Voy. Climat et Géographie / Hydroisoférulique [L. Hahn] / Hydrolats [Edme Bourgoin]
638	0642	Hydrolats [Edme Bourgoin]
639	0643	Hydrolats [Edme Bourgoin]
640	0644	Hydrolats [Edme Bourgoin]
641	0645	Hydrolats [Edme Bourgoin]
642	0646	Hydrolats [Edme Bourgoin] / Hydroléique (Acide) [L. Hahn] / Hydrolés [Edme Bougoin]
643	0647	Hydrolés [Edme Bougoin] / Hydromalique (Acide) [L. Hahn] / Hydromancie. Voy. Divination / Hydromargarique [L. Hahn] / Hydromargaritique (Acide) [L. Hahn] / Hydroméconique (Acide) [L. Hahn] / Hydromellique (Acide) [L. Hahn] / Hydromellon [L. Hahn] / Hydromellonique (Acide) [L. Hahn] / Hydrométrie. Voy. Utérus / Hydromuconique (Acide) [L. Hahn]
644	0648	Hydronéphrose. Voy. Reins / Hydroparacoumarique (Acide). Voy. Hydrocoumariques (Acides) / Hydroparésie. Voy. Myxoedème / Hydropéricarde. Voy. Péricarde / Hydrophis [H.-E. Sauvage] (bibliographie) / Hydrophlorone [L. Hahn] / Hydrophobie non virulente [Louis Menard]
645	0649	Hydrophobie non virulente [Louis Menard]
646	0650	Hydrophobie non virulente [Louis Menard]
647	0651	Hydrophobie non virulente [Louis Menard]
648	0652	Hydrophobie non virulente [Louis Menard]
649	0653	Hydrophobie non virulente [Louis Menard]
650	0654	Hydrophobie non virulente [Louis Menard]
651	0655	Hydrophobie non virulente [Louis Menard] / Hydrophtalique (Acide) [L. Hahn] / Hydrophthalmie [Gayet]
652	0656	Hydrophthalmie [Gayet]
653	0657	Hydrophthalmie [Gayet]
654	0658	Hydrophthalmie [Gayet]
655	0659	Hydrophthalmie [Gayet]
656	0660	Hydrophthalmie [Gayet]
657	0661	Hydrophthalmie [Gayet]
658	0662	Hydrophthalmie [Gayet] (bibliographie) / Hydropipérique (Acide) [L. Hahn] / Hydropisie. Voy. Anasarque, Ascite, Oedème, etc / Hydropisine [L. Hahn] / Hydropneumothorax. Voy. Pneumothorax / Hydroprehnitique (Acide) [L. Hahn] / Hydropyromellique [L. Hahn]
659	0663	Hydropyromellique [L. Hahn] / Hydroquinone [L. Hahn] / Hydrorachis [Rohmer]
660	0664	Hydrorachis [Rohmer]
661	0665	Hydrorachis [Rohmer]
662	0666	Hydrorachis [Rohmer]
663	0667	Hydrorachis [Rohmer]
664	0668	Hydrorachis [Rohmer]
665	0669	Hydrorachis [Rohmer]
666	0670	Hydrorachis [Rohmer]
667	0671	Hydrorachis [Rohmer]
668	0672	Hydrorachis [Rohmer]
669	0673	Hydrorachis [Rohmer]
670	0674	Hydrorachis [Rohmer]
671	0675	Hydrorachis [Rohmer]
672	0676	Hydrorachis [Rohmer]
673	0677	Hydrorachis [Rohmer]
674	0678	Hydrorachis [Rohmer]
675	0679	Hydrorachis [Rohmer]
676	0680	Hydrorachis [Rohmer]
677	0681	Hydrorachis [Rohmer]
678	0682	Hydrorachis [Rohmer]
679	0683	Hydrorachis [Rohmer]
680	0684	Hydrorachis [Rohmer]
681	0685	Hydrorachis [Rohmer]
682	0686	Hydrorachis [Rohmer]
683	0687	Hydrorachis [Rohmer]
684	0688	Hydrorachis [Rohmer]
685	0689	Hydrorachis [Rohmer]
686	0690	Hydrorachis [Rohmer]
687	0691	Hydrorachis [Rohmer]
688	0692	Hydrorachis [Rohmer]
689	0693	Hydrorachis [Rohmer]
690	0694	Hydrorachis [Rohmer]
691	0695	Hydrorachis [Rohmer]
692	0696	Hydrorachis [Rohmer]
693	0697	Hydrorachis [Rohmer]
694	0698	Hydrorachis [Rohmer]
695	0699	Hydrorachis [Rohmer]
696	0700	Hydrorachis [Rohmer]
697	0701	Hydrorachis [Rohmer]
698	0702	Hydrorachis [Rohmer]
699	0703	Hydrorachis [Rohmer] (bibliographie)
700	0704	Hydrorachis [Rohmer] (bibliographie)
701	0705	Hydrorachis [Rohmer] (bibliographie) / Hydrosalicylamide [L. Hahn] / Hydroscopie. Voy. Rhabdomancie / Hydrosorbique (Acide) [L. Hahn]
702	0706	Hydrostatique [C.-M. Gariel]
703	0707	Hydrostatique [C.-M. Gariel]
704	0708	Hydrostatique [C.-M. Gariel]
705	0709	Hydrostatique [C.-M. Gariel]
706	0710	Hydrostatique [C.-M. Gariel]
707	0711	Hydrostatique [C.-M. Gariel]
708	0712	Hydrostatique [C.-M. Gariel] / Hydrosulfureux (Acide) [L. Hahn] / Hydrotéréphtalique (Acide) [L. Hahn] / Hydrothérapie [A. Tartivel]
709	0713	Hydrothérapie [A. Tartivel]
710	0714	Hydrothérapie [A. Tartivel]
711	0715	Hydrothérapie [A. Tartivel]
712	0716	Hydrothérapie [A. Tartivel]
713	0717	Hydrothérapie [A. Tartivel]
714	0718	Hydrothérapie [A. Tartivel]
715	0719	Hydrothérapie [A. Tartivel]
716	0720	Hydrothérapie [A. Tartivel]
717	0721	Hydrothérapie [A. Tartivel]
718	0722	Hydrothérapie [A. Tartivel]
719	0723	Hydrothérapie [A. Tartivel]
720	0724	Hydrothérapie [A. Tartivel]
721	0725	Hydrothérapie [A. Tartivel]
722	0726	Hydrothérapie [A. Tartivel]
723	0727	Hydrothérapie [A. Tartivel]
724	0728	Hydrothérapie [A. Tartivel]
725	0729	Hydrothérapie [A. Tartivel]
726	0730	Hydrothérapie [A. Tartivel]
727	0731	Hydrothérapie [A. Tartivel]
728	0732	Hydrothérapie [A. Tartivel]
729	0733	Hydrothérapie [A. Tartivel]
730	0734	Hydrothérapie [A. Tartivel]
731	0735	Hydrothérapie [A. Tartivel]
732	0736	Hydrothérapie [A. Tartivel]
733	0737	Hydrothérapie [A. Tartivel]
734	0738	Hydrothérapie [A. Tartivel]
735	0739	Hydrothérapie [A. Tartivel]
736	0740	Hydrothérapie [A. Tartivel]
737	0741	Hydrothérapie [A. Tartivel]
738	0742	Hydrothérapie [A. Tartivel]
739	0743	Hydrothérapie [A. Tartivel]
740	0744	Hydrothérapie [A. Tartivel]
741	0745	Hydrothérapie [A. Tartivel]
742	0746	Hydrothérapie [A. Tartivel]
743	0747	Hydrothérapie [A. Tartivel]
744	0748	Hydrothérapie [A. Tartivel]
745	0749	Hydrothérapie [A. Tartivel]
746	0750	Hydrothérapie [A. Tartivel]
747	0751	Hydrothérapie [A. Tartivel]
748	0752	Hydrothérapie [A. Tartivel]
749	0753	Hydrothérapie [A. Tartivel]
750	0754	Hydrothérapie [A. Tartivel] / Hydrothorax. Voy. Pneumothorax / Hydrotimétrie. Voy. Eau / Hydrouvitique (Acide) [L. Hahn] / Hydroxanique (Acide) [L. Hahn] / Hydroxycamphoronique (Acide) [L. Hahn]
751	0755	Hydroxylamine [L. Hahn] / Hydroxylbiuret [L. Hahn] / Hydroxylurée [L. Hahn] / Hydrurie. Voy. Diabète / Hydruvique (Acide) [L. Hahn] / Hydurilique (Acide) [L. Hahn] / Hyèble. Voy. Sureau / Hyène [E. Oustalet]
752	0756	Hyène [E. Oustalet] / Hyénique (Acide) [L. Hahn] / Hyères (Station d'hiver) [A. Rotureau]
753	0757	Hyères (Station d'hiver) [A. Rotureau]
754	0758	Hyères (Station d'hiver) [A. Rotureau] / Hygiène [Émile Bertin-Sans]
755	0759	Hygiène [Émile Bertin-Sans]
756	0760	Hygiène [Émile Bertin-Sans]
757	0761	Hygiène [Émile Bertin-Sans]
758	0762	Hygiène [Émile Bertin-Sans]
759	0763	Hygiène [Émile Bertin-Sans]
760	0764	Hygiène [Émile Bertin-Sans]
761	0765	Hygiène [Émile Bertin-Sans]
762	0766	Hygiène [Émile Bertin-Sans]
763	0767	Hygiène [Émile Bertin-Sans]
764	0768	Hygiène [Émile Bertin-Sans]
765	0769	Hygiène [Émile Bertin-Sans]
766	0770	Hygiène [Émile Bertin-Sans]
767	0771	Hygiène [Émile Bertin-Sans]
768	0772	Hygiène [Émile Bertin-Sans]
769	0773	Hygiène [Émile Bertin-Sans]
770	0774	Hygiène [Émile Bertin-Sans]
771	0775	Hygiène [Émile Bertin-Sans]
772	0776	Hygiène [Émile Bertin-Sans]
773	0777	Hygiène [Émile Bertin-Sans]
774	0778	Hygiène [Émile Bertin-Sans]
775	0779	Hygiène [Émile Bertin-Sans]
776	0780	Hygiène [Émile Bertin-Sans]
777	0781	Hygiène [Émile Bertin-Sans]
778	0782	Hygiène [Émile Bertin-Sans]
779	0783	Hygiène [Émile Bertin-Sans]
780	0784	Hygiène [Émile Bertin-Sans]
781	0785	Hygiène [Émile Bertin-Sans]
782	0786	Hygiène [Émile Bertin-Sans]
783	0787	Hygiène [Émile Bertin-Sans]
784	0788	Hygiène [Émile Bertin-Sans]
785	0789	Hygiène [Émile Bertin-Sans]
786	0790	Hygiène [Émile Bertin-Sans]
787	0791	Hygiène [Émile Bertin-Sans]
788	0792	Hygiène [Émile Bertin-Sans]
789	0793	Hygiène [Émile Bertin-Sans]
790	0794	Hygiène [Émile Bertin-Sans]
791	0795	Hygiène [Émile Bertin-Sans]
792	0796	Hygiène [Émile Bertin-Sans]
793	0797	Hygiène [Émile Bertin-Sans]
794	0798	Hygiène [Émile Bertin-Sans]
795	0799	Hygiène [Émile Bertin-Sans]
796	0800	Hygiène [Émile Bertin-Sans]
797	0801	Hygiène [Émile Bertin-Sans]
798	0802	Hygiène [Émile Bertin-Sans]
799	0803	Hygiène [Émile Bertin-Sans]
800	0804	Hygiène [Émile Bertin-Sans]
801	0805	Hygiène [Émile Bertin-Sans]
802	0806	Hygiène [Émile Bertin-Sans]
803	0807	Hygiène [Émile Bertin-Sans]
804	0808	Hygiène [Émile Bertin-Sans]
805	0809	Hygiène [Émile Bertin-Sans]
806	0810	Hygiène [Émile Bertin-Sans]
807	0811	Hygiène [Émile Bertin-Sans]
808	0812	Hygiène [Émile Bertin-Sans]
809	0813	Hygiène [Émile Bertin-Sans]
810	0814	Hygiène [Émile Bertin-Sans]
811	0815	Hygiène [Émile Bertin-Sans]
812	0816	Hygiène [Émile Bertin-Sans]
813	0817	Hygiène [Émile Bertin-Sans]
814	0818	Hygiène [Émile Bertin-Sans]
815	0819	Hygiène [Émile Bertin-Sans]
816	0820	Hygiène [Émile Bertin-Sans]
817	0821	Hygiène [Émile Bertin-Sans]
818	0822	Hygiène [Émile Bertin-Sans]
819	0823	Hygiène [Émile Bertin-Sans]
820	0824	Hygiène [Émile Bertin-Sans]
821	0825	Hygiène [Émile Bertin-Sans]
822	0826	Hygiène [Émile Bertin-Sans] (bibliographie)
823	0827	Hygiène [Émile Bertin-Sans] (bibliographie)
824	0828	Hygiène [Émile Bertin-Sans] (bibliographie)
825	0829	Hygiène [Émile Bertin-Sans] (bibliographie)
826	0830	Hygiène [Émile Bertin-Sans] (bibliographie) / Hygrine [L. Hahn] / Hygroma. Voy. Bourses / Hygromètre, Hygrométrie [C.-M. Gariel]
827	0831	Hygromètre, Hygrométrie [C.-M. Gariel]
828	0832	Hygromètre, Hygrométrie [C.-M. Gariel]
829	0833	Hygromètre, Hygrométrie [C.-M. Gariel]
830	0834	Hygromètre, Hygrométrie [C.-M. Gariel] / Hygrophore [Ed. Lefèvre]
831	0835	Articles contenus dans le quatorzième volume (4e série)
832	0836	Articles contenus dans le quatorzième volume (4e série)
833	0837	Articles contenus dans le quatorzième volume (4e série)
834	0838	Articles contenus dans le quatorzième volume (4e série)
835	0839	Articles contenus dans le quatorzième volume (4e série)
[page blanche]	0840	
