page	refimg	chapitre
[sans numérotation]	0001	[Page de faux-titre]
[sans numérotation]	0002	
[sans numérotation]	0003	[Page de titre]
[page blanche]	0004	
1	0005	Sarcome (Pathologie) [Albert Hénocque]
2	0006	Sarcome (Pathologie) [Albert Hénocque]
3	0007	Sarcome (Pathologie) [Albert Hénocque]
4	0008	Sarcome (Pathologie) [Albert Hénocque]
5	0009	Sarcome (Pathologie) [Albert Hénocque]
6	0010	Sarcome (Pathologie) [Albert Hénocque]
7	0011	Sarcome (Pathologie) [Albert Hénocque]
8	0012	Sarcome (Pathologie) [Albert Hénocque]
9	0013	Sarcome (Pathologie) [Albert Hénocque]
10	0014	Sarcome (Pathologie) [Albert Hénocque]
11	0015	Sarcome (Pathologie) [Albert Hénocque]
12	0016	Sarcome (Pathologie) [Albert Hénocque]
13	0017	Sarcome (Pathologie) [Albert Hénocque]
14	0018	Sarcome (Pathologie) [Albert Hénocque]
15	0019	Sarcome (Pathologie) [Albert Hénocque]
16	0020	Sarcome (Pathologie) [Albert Hénocque]
17	0021	Sarcome (Pathologie) [Albert Hénocque]
18	0022	Sarcome (Pathologie) [Albert Hénocque] (bibliographie) / Sarcone (Michel) [A. Chéreau] / Sarcophages [A. Laboulbène]
19	0023	Sarcophages [A. Laboulbène] / Sarcoptes. Voy. Sarcoptides / Sarcoptides [G. C.]
20	0024	Sarcoptides [G. C.] / Sarcosine [C. Lutz]
21	0025	Sarcosine [C. Lutz] / Sarcostemme [G. Planchon] (bibliographie) / Sardaigne (Géographie médicale) [G. Liétard]
22	0026	Sardaigne (Géographie médicale) [G. Liétard]
23	0027	Sardaigne (Géographie médicale) [G. Liétard]
24	0028	Sardaigne (Géographie médicale) [G. Liétard]
25	0029	Sardaigne (Géographie médicale) [G. Liétard]
26	0030	Sardaigne (Géographie médicale) [G. Liétard]
27	0031	Sardaigne (Géographie médicale) [G. Liétard]
28	0032	Sardaigne (Géographie médicale) [G. Liétard]
29	0033	Sardaigne (Géographie médicale) [G. Liétard]
30	0034	Sardaigne (Géographie médicale) [G. Liétard]
31	0035	Sardaigne (Géographie médicale) [G. Liétard]
32	0036	Sardaigne (Géographie médicale) [G. Liétard]
33	0037	Sardaigne (Géographie médicale) [G. Liétard]
34	0038	Sardaigne (Géographie médicale) [G. Liétard]
35	0039	Sardaigne (Géographie médicale) [G. Liétard]
36	0040	Sardaigne (Géographie médicale) [G. Liétard]
37	0041	Sardaigne (Géographie médicale) [G. Liétard]
38	0042	Sardaigne (Géographie médicale) [G. Liétard] (bibliographie) / Sardine [H. Gervais]
39	0043	Sardine [H. Gervais]
40	0044	Sardine [H. Gervais] (bibliographie)
41	0045	Sardoa [G. Planchon] (bibliographie) / Sardonique (Rire). Voy. Rire / Sarenbach (Ernst-Rinna von) [L. Hahn] / Sargasse (Sargassum Ag.) [J. De Seynes]
42	0046	Sargent (Richard-Strong) [L. Hahn] (bibliographie) / Sarigue [H. Gervais]
43	0047	Sarigue [H. Gervais]
44	0048	Sarigue [H. Gervais]
45	0049	Sarigue [H. Gervais]
46	0050	Sarigue [H. Gervais] / Sarlandière (Jean-Baptiste) [L. Hahn]
47	0051	Sarlandière (Jean-Baptiste) [L. Hahn] (bibliographie) / Sarmianta ou Sarmiente [G. Planchon]
48	0052	Sarmianta ou Sarmiente [G. Planchon] (bibliographie) / Sarmates. Voy. Slaves / Sarothre [G. Planchon] / Sarpi (Pietro) [A. Dureau] / Sarracenia / Botanique [G. Planchon]
49	0053	Sarracenia. Botanique [G. Planchon] (bibliographie) / Emploi médical [Ernest Labbée]
50	0054	Sarracenia. Emploi médical [Ernest Labbée]
51	0055	Sarracenia. Emploi médical [Ernest Labbée]
52	0056	Sarracenia. Emploi médical [Ernest Labbée]
53	0057	Sarracenia. Emploi médical [Ernest Labbée]
54	0058	Sarracenia. Emploi médical [Ernest Labbée]
55	0059	Sarracenia. Emploi médical [Ernest Labbée] (bibliographie) / Sarracénine. Voy. Sarracenia / Sarrasin [Gustave Lagneau]
56	0060	Sarrasin [Gustave Lagneau] / Sarrasin. Voy. Polygonum [G. Planchon] / Sarrasin (Les) [Amédée Dechambre] / Sarrasine [G. Planchon] / Sarreguemines (Eaux minérales de) [A. Rotureau]
57	0061	Sarreguemines (Eaux minérales de) [A. Rotureau] / Sarrète [G. Planchon] / Sarrette. Voy. Sarrète / Sarriette [G. Planchon]
58	0062	Sarriette [G. Planchon] (bibliographie) / Sars (Michel) [L. Hahn]
59	0063	Sars (Michel) [L. Hahn] / Sarsa ou Sarza [G. Planchon] / Sarsaparilline. Voy. Salseparine / Sartori (Franz) [L. Hahn]
60	0064	Sartori (Franz) [L. Hahn] (bibliographie) / Sartorius (Jean-Georges) [A. Dureau] / Sartorius (Georg von) [L. Hahn] / Sarul [Amédée Dechambre] / Sassa [G. Planchon] / Sassafras / Botanique [G. Planchon]
61	0065	Sassafras. Botanique [G. Planchon] (bibliographie) / Emploi médical [Fonssagrives]
62	0066	Sassafras. Emploi médical [Fonssagrives]
63	0067	Sassafras. Emploi médical [Fonssagrives]
64	0068	Sassafride [Malaguti] / Sassia [G. Planchon] (bibliographie) / Sassonia ou Saxonia (Hercule) [L. Hahn]
65	0069	Sassonia ou Saxonia (Hercule) [L. Hahn] (bibliographie) / Satin blanc ou Satinée. Voy. Lunaire / Satin-Wood [G. Planchon] / Saturation [Amédée Dechambre] / Satureia. Voy. Sarriette / Saturne [Amédée Dechambre] / Saturnines (Maladies). Voy. Plomb et Paralysie / Satyriasis [Bouchereau]
66	0070	Satyriasis [Bouchereau]
67	0071	Satyriasis [Bouchereau]
68	0072	Satyriasis [Bouchereau]
69	0073	Satyriasis [Bouchereau] (bibliographie)
70	0074	Satyriasis [Bouchereau] (bibliographie) / Satyrion ou Satyrium [G. Planchon] / Saubuse (Eau minérale de) [A. Rotureau] / Saucats (Eau minérale de) [A. Rotureau]
71	0075	Saucats (Eau minérale de) [A. Rotureau] / Saucerotte (Nicolas) [A. Chéreau] (bibliographie) / Saucisse [Amédée Dechambre]
72	0076	Saucisse [Amédée Dechambre] / Sauge / Botanique [G. Planchon]
73	0077	Sauge. Botanique [G. Planchon]
74	0078	Sauge. Botanique [G. Planchon] (bibliographie) / Emploi médical [E. Hamelin]
75	0079	Sauge. Emploi médical [E. Hamelin]
76	0080	Sauge. Emploi médical [E. Hamelin]
77	0081	Sauge. Emploi médical [E. Hamelin]
78	0082	Sauge. Emploi médical [E. Hamelin]
79	0083	Sauge. Emploi médical [E. Hamelin]
80	0084	Sauge. Emploi médical [E. Hamelin] / Saulce (La) (Eau minérale de). Voy. La saulce / Saule / Botanique [G. Planchon]
81	0085	Saule. Botanique [G. Planchon]
82	0086	Saule. Botanique [G. Planchon]
83	0087	Saule. Botanique [G. Planchon] (bibliographie) / Emploi médical [Fonssagrives]
84	0088	Saule. Emploi médical [Fonssagrives] / Sault (Eau minérale de) [A. Rotureau] / Saulx (Eau minérale de) [A. Rotureau]
85	0089	Saulx (Eau minérale de) [A. Rotureau] / Saulx. Voy. Saule / Saumaise (Claude de) [A. Chéreau]
86	0090	Saumaise (Claude de) [A. Chéreau] (bibliographie) / Saumarez (Richard) [L. Hahn] / Saumon [H. Gervais]
87	0091	Saumon [H. Gervais]
88	0092	Saumon [H. Gervais]
89	0093	Saumon [H. Gervais] / Saumure [Amédée Dechambre] / Saunders (William) [A. Dureau] (bibliographie)
90	0094	Saunders (William) [A. Dureau] (bibliographie) / Sauniers [E. Vallin]
91	0095	Sauniers [E. Vallin]
92	0096	Sauniers [E. Vallin]
93	0097	Sauniers [E. Vallin]
94	0098	Sauniers [E. Vallin]
95	0099	Sauniers [E. Vallin]
96	0100	Sauniers [E. Vallin] (bibliographie) / Saur ou Sauer (Ludwig) [L. Hahn] / Saurel (Louis-Jules) [L. Hahn]
97	0101	Saurel (Louis-Jules) [L. Hahn] (bibliographie) / Sauriens [Paul Gervais]
98	0102	Sauriens [Paul Gervais]
99	0103	Sauriens [Paul Gervais] / Saurion [G. Planchon] / Saurophidiens [Paul Gervais]
100	0104	Saurophidiens [Paul Gervais] / Saury (l'abbé) [L. Hahn] (bibliographie) / Saussure (Horace-Bénédict de) [A. Chéreau]
101	0105	Saussure (Horace-Bénédict de) [A. Chéreau] / Saussurea [G. Planchon] (bibliographie)
102	0106	Saut. Voy. Locomotion / Sauter (Johann-Nepomuk) [L. Hahn] (bibliographie)
103	0107	Sauterelles [A. Laboulbène]
104	0108	Sauterelles [A. Laboulbène] / Saute-Veau (Eaux minérales de) [A. Rotureau]
105	0109	Saute-Veau (Eaux minérales de) [A. Rotureau] (bibliographie) / Sauvages de Lacroix (François Boissier de) [A. Chéreau]
106	0110	Sauvages de Lacroix (François Boissier de) [A. Chéreau] (bibliographie) / Sauvée (Amand) [A. Chéreau] / Sauveur (Dieudonné-Jean-Joseph) [E. Warlomont]
107	0111	Sauveur (Dieudonné-Jean-Joseph) [E. Warlomont] (bibliographie) / Sauveur (Joseph) [L. Hahn] / Sauveur (Saint-) (Eaux minérales de) [A. Rotureau]
108	0112	Sauveur (Saint-) (Eaux minérales de) [A. Rotureau]
109	0113	Sauveur (Saint-) (Eaux minérales de) [A. Rotureau]
110	0114	Sauveur (Saint-) (Eaux minérales de) [A. Rotureau]
111	0115	Sauveur (Saint-) (Eaux minérales de) [A. Rotureau]
112	0116	Sauveur (Saint-) (Eaux minérales de) [A. Rotureau]
113	0117	Sauveur (Saint-) (Eaux minérales de) [A. Rotureau] (bibliographie) / Sauve-vie. Voy. Asplenium et Doradille / Sauxillanges (Eau minérale de) [A. Rotureau]
114	0118	Sauxillanges (Eau minérale de) [A. Rotureau] (bibliographie) / Savants (Hygiène professionnelle des). Voy. Lettres (Gens de) / Savaresi (Les deux) [L. Hahn] / Savariego (Juan-Jimenez) [L. Hahn]
115	0119	Savariego (Juan-Jimenez) [L. Hahn] (bibliographie) / Savart (Félix) [A. Chéreau]
116	0120	Savart (Félix) [A. Chéreau] (bibliographie) / Savary (Les) [L. Hahn]
117	0121	Savary (Les) [L. Hahn] (bibliographie) / Savenko (Pierre) [L. Hahn]
118	0122	Savergnolles (Eau minérale de) [A. Rotureau] (bibliographie) / Saveur. Voy. Goût / Savi (Les) [L. Hahn] / Saviard (Barthélemy) [A. Chéreau]
119	0123	Saviard (Barthélemy) [A. Chéreau] / Savigny (Les) [L. Hahn] (bibliographie)
120	0124	Savigny (Les) [L. Hahn] (bibliographie) / Savons / Chimie et pharmacie [C. Lutz]
121	0125	Savons. Chimie et pharmacie [C. Lutz]
122	0126	Savons. Chimie et pharmacie [C. Lutz]
123	0127	Savons. Chimie et pharmacie [C. Lutz] / Emploi médical [Amédée Dechambre]
124	0128	Savons. Emploi médical [Amédée Dechambre]
125	0129	Savons. Emploi médical [Amédée Dechambre]
126	0130	Savons. Emploi médical [Amédée Dechambre]
127	0131	Savons. Emploi médical [Amédée Dechambre] / Toxicologie [Amédée Dechambre] / Savona (Philippe) [L. Hahn]
128	0132	Savona (Philippe) [L. Hahn] (bibliographie) / Savonarola (Jean-Michel) [A. Chéreau] / Savonnier ou Savonier [G. Planchon]
129	0133	Savonnier ou Savonier [G. Planchon]
130	0134	Savonnier ou Savonier [G. Planchon] (bibliographie) / Savonniers (Hygiène professionnelle et industrielle) [Alexandre Layet]
131	0135	Savonniers (Hygiène professionnelle et industruelle) [Alexandre Layet]
132	0136	Savonniers (Hygiène professionnelle et industruelle) [Alexandre Layet]
133	0137	Savonniers (Hygiène professionnelle et industruelle) [Alexandre Layet]
134	0138	Savonniers (Hygiène professionnelle et industruelle) [Alexandre Layet] / Savonules, Saponules [Labbée] / Savory (John) [L. Hahn] (bibliographie) / Savot (Louis) [A. Chéreau]
135	0139	Savot (Louis) [A. Chéreau] (bibliographie) / Sawrey (Ph.) [L. Hahn]
136	0140	Sawrey (Ph.) [L. Hahn] (bibliographie) / Saxe [Jacques Bertillon]
137	0141	Saxe [Jacques Bertillon]
138	0142	Saxe [Jacques Bertillon]
139	0143	Saxe [Jacques Bertillon]
140	0144	Saxe [Jacques Bertillon]
141	0145	Saxe [Jacques Bertillon]
142	0146	Saxe [Jacques Bertillon]
143	0147	Saxe [Jacques Bertillon]
144	0148	Saxe [Jacques Bertillon]
145	0149	Saxe [Jacques Bertillon]
146	0150	Saxe [Jacques Bertillon]
147	0151	Saxe [Jacques Bertillon]
148	0152	Saxe [Jacques Bertillon]
149	0153	Saxe [Jacques Bertillon]
150	0154	Saxe [Jacques Bertillon]
151	0155	Saxe [Jacques Bertillon]
152	0156	Saxe [Jacques Bertillon]
153	0157	Saxe [Jacques Bertillon]
154	0158	Saxe [Jacques Bertillon]
155	0159	Saxe [Jacques Bertillon]
156	0160	Saxe [Jacques Bertillon]
157	0161	Saxe [Jacques Bertillon]
158	0162	Saxe [Jacques Bertillon]
159	0163	Saxe [Jacques Bertillon]
160	0164	Saxe [Jacques Bertillon]
161	0165	Saxe [Jacques Bertillon]
162	0166	Saxe [Jacques Bertillon]
163	0167	Saxe [Jacques Bertillon]
164	0168	Saxe [Jacques Bertillon]
165	0169	Saxe [Jacques Bertillon]
166	0170	Saxe [Jacques Bertillon]
167	0171	Saxe [Jacques Bertillon]
168	0172	Saxe [Jacques Bertillon]
169	0173	Saxe [Jacques Bertillon]
170	0174	Saxe [Jacques Bertillon]
171	0175	Saxe [Jacques Bertillon]
172	0176	Saxe [Jacques Bertillon] (bibliographie) / Saxifragacées [H. Baillon]
173	0177	Saxifragacées [H. Baillon]
174	0178	Saxifragacées [H. Baillon]
175	0179	Saxifragacées [H. Baillon]
176	0180	Saxifragacées [H. Baillon]
177	0181	Saxifragacées [H. Baillon]
178	0182	Saxifragacées [H. Baillon] (bibliographie) / Saxifrage [G. Planchon]
179	0183	Saxifrage [G. Planchon] (bibliographie) / Saxon (Eau minérale de) [A. Rotureau]
180	0184	Saxon (Eau minérale de) [A. Rotureau]
181	0185	Saxon (Eau minérale de) [A. Rotureau]
182	0186	Saxon (Eau minérale de) [A. Rotureau]
183	0187	Saxon (Eau minérale de) [A. Rotureau] (bibliographie)
184	0188	Saxon (Eau minérale de) [A. Rotureau] (bibliographie) / Saxons [Gustave Lagneau]
185	0189	Saxons [Gustave Lagneau] / Saxtorph (Johan-Silvestre) [A. Dureau]
186	0190	Saxtorph (Johan-Silvestre) [A. Dureau] (bibliographie) / Sbaraglia (Jean-Jérôme) [L. Hahn]
187	0191	Sbaraglia (Jean-Jérôme) [L. Hahn] (bibliographie) / Scabieuse / Botanique [G. Planchon]
188	0192	Scabieuse. Botanique [G. Planchon] (bibliographie) / Emploi médical [Fonssagrives]
189	0193	Scabieuse. Emploi médical [Fonssagrives] / Scacchi (Durante) [L. Hahn] (bibliographie) / Scala (Les) [L. Hahn]
190	0194	Scala (Les) [L. Hahn] (bibliographie) / Scalènes (Muscles) [A. Bouchard]
191	0195	Scalènes (Muscles) [A. Bouchard]
192	0196	Scalènes (Muscles) [A. Bouchard] / Scaliger (Jules-César) [A. Chéreau]
193	0197	Scaliger (Jules-César) [A. Chéreau] (bibliographie) / Scalpel [Henri Chrétien]
194	0198	Scalpel [Henri Chrétien]
195	0199	Scalpel [Henri Chrétien] / Scammonée / Botanique [H. Baillon]
196	0200	Scammonée. Botanique [H. Baillon]
197	0201	Scammonée. Botanique [H. Baillon] (bibliographie) / Emploi médical [A. Bordier]
198	0202	Scammonée. Emploi médical [A. Bordier]
199	0203	Scammonée. Emploi médical [A. Bordier]
200	0204	Scammonée. Emploi médical [A. Bordier] / Scammonine. Voy. Jalapine / Scanaroli (Antoine) [L. Hahn] (bibliographie) / Scandinavie. Voy. Suède / Scandix. Voy. Cerfeuil / Scapha [G. Planchon] / Scaphandres et appareils plongeurs [Alexandre Layet]
201	0205	Scaphandres et appareils plongeurs [Alexandre Layet]
202	0206	Scaphandres et appareils plongeurs [Alexandre Layet]
203	0207	Scaphandres et appareils plongeurs [Alexandre Layet]
204	0208	Scaphandres et appareils plongeurs [Alexandre Layet]
205	0209	Scaphandres et appareils plongeurs [Alexandre Layet]
206	0210	Scaphandres et appareils plongeurs [Alexandre Layet]
207	0211	Scaphandres et appareils plongeurs [Alexandre Layet]
208	0212	Scaphandres et appareils plongeurs [Alexandre Layet]
209	0213	Scaphandres et appareils plongeurs [Alexandre Layet]
210	0214	Scaphandres et appareils plongeurs [Alexandre Layet]
211	0215	Scaphandres et appareils plongeurs [Alexandre Layet]
212	0216	Scaphandres et appareils plongeurs [Alexandre Layet]
213	0217	Scaphandres et appareils plongeurs [Alexandre Layet]
214	0218	Scaphandres et appareils plongeurs [Alexandre Layet]
215	0219	Scaphandres et appareils plongeurs [Alexandre Layet]
216	0220	Scaphandres et appareils plongeurs [Alexandre Layet]
217	0221	Scaphandres et appareils plongeurs [Alexandre Layet]
218	0222	Scaphandres et appareils plongeurs [Alexandre Layet]
219	0223	Scaphandres et appareils plongeurs [Alexandre Layet]
220	0224	Scaphandres et appareils plongeurs [Alexandre Layet]
221	0225	Scaphandres et appareils plongeurs [Alexandre Layet]
222	0226	Scaphandres et appareils plongeurs [Alexandre Layet]
223	0227	Scaphandres et appareils plongeurs [Alexandre Layet]
224	0228	Scaphandres et appareils plongeurs [Alexandre Layet]
225	0229	Scaphandres et appareils plongeurs [Alexandre Layet]
226	0230	Scaphandres et appareils plongeurs [Alexandre Layet]
227	0231	Scaphandres et appareils plongeurs [Alexandre Layet]
228	0232	Scaphandres et appareils plongeurs [Alexandre Layet]
229	0233	Scaphandres et appareils plongeurs [Alexandre Layet]
230	0234	Scaphandres et appareils plongeurs [Alexandre Layet] (bibliographie)
231	0235	Scaphandres et appareils plongeurs [Alexandre Layet] (bibliographie) / Scaphium [H. Baillon] / Scapulaires (Artères) [Amédée Dechambre]
232	0236	Scapulaires (Artères) [Amédée Dechambre] / Scapulalgie [E. Pingaud, Charvot]
233	0237	Scapulalgie [E. Pingaud, Charvot]
234	0238	Scapulalgie [E. Pingaud, Charvot]
235	0239	Scapulalgie [E. Pingaud, Charvot]
236	0240	Scapulalgie [E. Pingaud, Charvot]
237	0241	Scapulalgie [E. Pingaud, Charvot]
238	0242	Scapulalgie [E. Pingaud, Charvot]
239	0243	Scapulalgie [E. Pingaud, Charvot]
240	0244	Scapulalgie [E. Pingaud, Charvot]
241	0245	Scapulalgie [E. Pingaud, Charvot]
242	0246	Scapulalgie [E. Pingaud, Charvot]
243	0247	Scapulalgie [E. Pingaud, Charvot]
244	0248	Scapulalgie [E. Pingaud, Charvot]
245	0249	Scapulalgie [E. Pingaud, Charvot]
246	0250	Scapulalgie [E. Pingaud, Charvot]
247	0251	Scapulalgie [E. Pingaud, Charvot]
248	0252	Scapulalgie [E. Pingaud, Charvot]
249	0253	Scapulalgie [E. Pingaud, Charvot]
250	0254	Scapulalgie [E. Pingaud, Charvot]
251	0255	Scapulalgie [E. Pingaud, Charvot]
252	0256	Scapulalgie [E. Pingaud, Charvot]
253	0257	Scapulalgie [E. Pingaud, Charvot]
254	0258	Scapulalgie [E. Pingaud, Charvot]
255	0259	Scapulalgie [E. Pingaud, Charvot]
256	0260	Scapulalgie [E. Pingaud, Charvot]
257	0261	Scapulalgie [E. Pingaud, Charvot]
258	0262	Scapulalgie [E. Pingaud, Charvot]
259	0263	Scapulalgie [E. Pingaud, Charvot]
260	0264	Scapulalgie [E. Pingaud, Charvot]
261	0265	Scapulalgie [E. Pingaud, Charvot]
262	0266	Scapulalgie [E. Pingaud, Charvot]
263	0267	Scapulalgie [E. Pingaud, Charvot]
264	0268	Scapulalgie [E. Pingaud, Charvot]
265	0269	Scapulalgie [E. Pingaud, Charvot]
266	0270	Scapulalgie [E. Pingaud, Charvot]
267	0271	Scapulalgie [E. Pingaud, Charvot]
268	0272	Scapulalgie [E. Pingaud, Charvot]
269	0273	Scapulalgie [E. Pingaud, Charvot] (bibliographie)
270	0274	Scapulalgie [E. Pingaud, Charvot] (bibliographie) / Scapulo humérale. Voy. Épaule / Scarabé [Amédée Dechambre] / Scarabée (Scarabéidés) [Amédée Dechambre] / Scarabicus (Sébastien) [L. Hahn] / Scaramucci (Giambattista) [A. Dureau] / Scarborough. (Station marine et eaux minérales de) [A. Rotureau]
271	0275	Scarborough. (Station marine et eaux minérales de) [A. Rotureau]
272	0276	Scarborough. (Station marine et eaux minérales de) [A. Rotureau] / Scarborough (Charles) [A. Dureau] (bibliographie) / Scardona (Jean-François) [L. Hahn] / Scares [H. Gervais]
273	0277	Scares [H. Gervais]
274	0278	Scarification, Scarificateurs [E. Spillmann]
275	0279	Scarification, Scarificateurs [E. Spillmann]
276	0280	Scarification, Scarificateurs [E. Spillmann]
277	0281	Scarification, Scarificateurs [E. Spillmann] / Scarlatine [A. Sanné]
278	0282	Scarlatine [A. Sanné]
279	0283	Scarlatine [A. Sanné]
280	0284	Scarlatine [A. Sanné]
281	0285	Scarlatine [A. Sanné]
282	0286	Scarlatine [A. Sanné]
283	0287	Scarlatine [A. Sanné]
284	0288	Scarlatine [A. Sanné]
285	0289	Scarlatine [A. Sanné]
286	0290	Scarlatine [A. Sanné]
287	0291	Scarlatine [A. Sanné]
288	0292	Scarlatine [A. Sanné]
289	0293	Scarlatine [A. Sanné]
290	0294	Scarlatine [A. Sanné]
291	0295	Scarlatine [A. Sanné]
292	0296	Scarlatine [A. Sanné]
293	0297	Scarlatine [A. Sanné]
294	0298	Scarlatine [A. Sanné]
295	0299	Scarlatine [A. Sanné]
296	0300	Scarlatine [A. Sanné]
297	0301	Scarlatine [A. Sanné]
298	0302	Scarlatine [A. Sanné]
299	0303	Scarlatine [A. Sanné]
300	0304	Scarlatine [A. Sanné]
301	0305	Scarlatine [A. Sanné]
302	0306	Scarlatine [A. Sanné]
303	0307	Scarlatine [A. Sanné]
304	0308	Scarlatine [A. Sanné]
305	0309	Scarlatine [A. Sanné]
306	0310	Scarlatine [A. Sanné]
307	0311	Scarlatine [A. Sanné]
308	0312	Scarlatine [A. Sanné]
309	0313	Scarlatine [A. Sanné]
310	0314	Scarlatine [A. Sanné]
311	0315	Scarlatine [A. Sanné]
312	0316	Scarlatine [A. Sanné]
313	0317	Scarlatine [A. Sanné]
314	0318	Scarlatine [A. Sanné]
315	0319	Scarlatine [A. Sanné]
316	0320	Scarlatine [A. Sanné]
317	0321	Scarlatine [A. Sanné]
318	0322	Scarlatine [A. Sanné]
319	0323	Scarlatine [A. Sanné]
320	0324	Scarlatine [A. Sanné]
321	0325	Scarlatine [A. Sanné]
322	0326	Scarlatine [A. Sanné]
323	0327	Scarlatine [A. Sanné]
324	0328	Scarlatine [A. Sanné]
325	0329	Scarlatine [A. Sanné]
326	0330	Scarlatine [A. Sanné]
327	0331	Scarlatine [A. Sanné]
328	0332	Scarlatine [A. Sanné]
329	0333	Scarlatine [A. Sanné]
330	0334	Scarlatine [A. Sanné]
331	0335	Scarlatine [A. Sanné]
332	0336	Scarlatine [A. Sanné]
333	0337	Scarlatine [A. Sanné]
334	0338	Scarlatine [A. Sanné]
335	0339	Scarlatine [A. Sanné]
336	0340	Scarlatine [A. Sanné]
337	0341	Scarlatine [A. Sanné]
338	0342	Scarlatine [A. Sanné]
339	0343	Scarlatine [A. Sanné]
340	0344	Scarlatine [A. Sanné]
341	0345	Scarlatine [A. Sanné]
342	0346	Scarlatine [A. Sanné]
343	0347	Scarlatine [A. Sanné]
344	0348	Scarlatine [A. Sanné]
345	0349	Scarlatine [A. Sanné]
346	0350	Scarlatine [A. Sanné]
347	0351	Scarlatine [A. Sanné]
348	0352	Scarlatine [A. Sanné]
349	0353	Scarlatine [A. Sanné]
350	0354	Scarlatine [A. Sanné]
351	0355	Scarlatine [A. Sanné]
352	0356	Scarlatine [A. Sanné]
353	0357	Scarlatine [A. Sanné]
354	0358	Scarlatine [A. Sanné]
355	0359	Scarlatine [A. Sanné]
356	0360	Scarlatine [A. Sanné]
357	0361	Scarlatine [A. Sanné]
358	0362	Scarlatine [A. Sanné]
359	0363	Scarlatine [A. Sanné]
360	0364	Scarlatine [A. Sanné]
361	0365	Scarlatine [A. Sanné]
362	0366	Scarlatine [A. Sanné]
363	0367	Scarlatine [A. Sanné]
364	0368	Scarlatine [A. Sanné]
365	0369	Scarlatine [A. Sanné]
366	0370	Scarlatine [A. Sanné]
367	0371	Scarlatine [A. Sanné]
368	0372	Scarlatine [A. Sanné]
369	0373	Scarlatine [A. Sanné]
370	0374	Scarlatine [A. Sanné]
371	0375	Scarlatine [A. Sanné]
372	0376	Scarlatine [A. Sanné]
373	0377	Scarlatine [A. Sanné]
374	0378	Scarlatine [A. Sanné]
375	0379	Scarlatine [A. Sanné]
376	0380	Scarlatine [A. Sanné]
377	0381	Scarlatine [A. Sanné]
378	0382	Scarlatine [A. Sanné]
379	0383	Scarlatine [A. Sanné]
380	0384	Scarlatine [A. Sanné]
381	0385	Scarlatine [A. Sanné]
382	0386	Scarlatine [A. Sanné]
383	0387	Scarlatine [A. Sanné]
384	0388	Scarlatine [A. Sanné]
385	0389	Scarlatine [A. Sanné]
386	0390	Scarlatine [A. Sanné]
387	0391	Scarlatine [A. Sanné]
388	0392	Scarlatine [A. Sanné]
389	0393	Scarlatine [A. Sanné]
390	0394	Scarlatine [A. Sanné]
391	0395	Scarlatine [A. Sanné]
392	0396	Scarlatine [A. Sanné]
393	0397	Scarlatine [A. Sanné]
394	0398	Scarlatine [A. Sanné]
395	0399	Scarlatine [A. Sanné] (bibliographie)
396	0400	Scarlatine [A. Sanné] (bibliographie)
397	0401	Scarlatine [A. Sanné] (bibliographie)
398	0402	Scarlatine [A. Sanné] (bibliographie)
399	0403	Scarlatine [A. Sanné] (bibliographie)
400	0404	Scarlatine [A. Sanné] (bibliographie)
401	0405	Scarlatine [A. Sanné] (bibliographie)
402	0406	Scarlatine [A. Sanné] (bibliographie)
403	0407	Scarlatine [A. Sanné] (bibliographie) / Scarpa (Antoine) [A. Chéreau]
404	0408	Scarpa (Antoine) [A. Chéreau]
405	0409	Scarpa (Antoine) [A. Chéreau] (bibliographie) / Scavini (Jean-Marie) [A. Chéreau]
406	0410	Scavini (Jean-Marie) [A. Chéreau] (bibliographie) / Sceau de Notre-Dame. Sceau de la Vierge. Voy. Tamier [G. Planchon] / Sceau de Salomon. Voy. Convallaire [G. Planchon] / Scelles de Montdésert (Octave) [L. Hahn] / Scey (Eau minérale de) [A. Rotureau]
407	0411	Scey (Eau minérale de) [A. Rotureau] / Schaarschmidt (Les deux) [L. Hahn] (bibliographie)
408	0412	Schaarschmidt (Les deux) [L. Hahn] (bibliographie) / Schacht (Les) [L. Hahn]
409	0413	Schacht (Les) [L. Hahn] (bibliographie)
410	0414	Schacht (Les) [L. Hahn] (bibliographie) / Schadida calli [G. Planchon] / Schäffer (Les) [L. Hahn]
411	0415	Schäffer (Les) [L. Hahn] (bibliographie)
412	0416	Schäffer (Les) [L. Hahn] (bibliographie)
413	0417	Schäffer (Les) [L. Hahn] (bibliographie)
414	0418	Schäffer (Les) [L. Hahn] (bibliographie) / Schaffroth (Johann-Adam-Gottlieb) [L. Hahn] / Schageri Cottam [G. Planchon] / Schagerström (Nils-Olof) [L. Hahn]
415	0419	Schagerström (Nils-Olof) [L. Hahn] (bibliographie) / Schaller (Jérôme) [L. Hahn] / Schamberg (Johann-Christian) [L. Hahn] / Schamsky (Alexandre) [L. Hahn]
416	0420	Schamsky (Alexandre) [L. Hahn] / Scilenanthe. Voy. Schoenanthe / Schaper (Johann-Ernst) [L. Hahn] (bibliographie)
417	0421	Schaper (Johann-Ernst) [L. Hahn] (bibliographie) / Scharf (Benjamin) [L. Hahn] / Scharlau (Gustav-Wilhem) [L. Hahn] / Scharpe (George) [L. Hahn]
418	0422	Scharpe (George) [L. Hahn] / Schaub (Johann) [L. Hahn] (bibliographie) / Schaufus (Friedrich) [L. Hahn] / Schaumkell (Johan-Ernst) [A. Dureau]
419	0423	Schaumkell (Johan-Ernst) [A. Dureau] (bibliographie) / Schedel (Les deux) [L. Hahn] / Scheel (Paul) [A. Dureau]
420	0424	Scheel (Paul) [A. Dureau] (bibliographie) / Scheel (Gottfried-Heinrich) [L. Hahn] / Scheele (Charles-Guillaume) [A. Chéreau]
421	0425	Scheele (Charles-Guillaume) [A. Chéreau] (bibliographie) / Scheffel (Martin) [L. Hahn] / Scheffel (Christian-Stephan) [A. Dureau]
422	0426	Scheffel (Christian-Stephan) [A. Dureau] (bibliographie) / Scheffer (Les deux) [A. Dureau] / Schegk (Jacques) [L. Hahn]
423	0427	Schegk (Jacques) [L. Hahn] (bibliographie) / Scheidemantel (Friedrich-Christian-Gottlieb) [L. Hahn] / Scheidt (Jean-Valentin) [L. Hahn]
424	0428	Scheidt (Jean-Valentin) [L. Hahn] (bibliographie) / Scheiner (Christoph) [A. Dureau] / Schelhammer (Les deux) [L. Hahn]
425	0429	Schelhammer (Les deux) [L. Hahn] (bibliographie)
426	0430	Schelhammer (Les deux) [L. Hahn] (bibliographie) / Schellenberg (Johann-Anton-Philipp) [L. Hahn] / Schellig (Conrad) [L. Hahn]
427	0431	Schelling (Les deux) [L. Hahn]
428	0432	Schelling (Les deux) [L. Hahn] (bibliographie)
429	0433	Schelling (Les deux) [L. Hahn] (bibliographie) / Schelver (Friedrich-Joseph) [L. Hahn]
430	0434	Schenck (Les deux) [A. Chéreau] (bibliographie) / Schenk (Les) [A. Chéreau, L. Hahn]
431	0435	Schenk (Les) [A. Chéreau, L. Hahn] (bibliographie)
432	0436	Schenkelius ou Schenckels (Dominique) [L. Hahn] / Scherb (Les) [L. Hahn] / Scherer (Les) [A. Dureau, L. Hahn]
433	0437	Scherer (Les) [A. Dureau, L. Hahn] (bibliographie)
434	0438	Scherer (Les) [A. Dureau, L. Hahn] (bibliographie)
435	0439	Scherer (Les) [A. Dureau, L. Hahn] (bibliographie) / Scherf (Jean-Chrétien-Frédéric) [L. Hahn]
436	0440	Scherischoun [G. Planchon] (bibliographie) / Scherlievo. Voy. Mal de Fiume / Scherunam Cottam [G. Planchon] / Schetelig (Jacob-August) [L. Hahn] / Scheu (Fidelis) [L. Hahn] / Scheuchzer (Les) [A. Dureau]
437	0441	Scheuchzer (Les) [A. Dureau] (bibliographie)
438	0442	Scheuchzer (Les) [A. Dureau] (bibliographie) / Schevening (Station marine) [A. Rotureau] / Schiemann (Carl-Christian) [A. Dureau]
439	0443	Schiemann (Carl-Christian) [A. Dureau] (bibliographie) / Schiferli (Rudolph-Abraham) [L. Hahn] / Schiffmann (Joseph) [L. Hahn]
440	0444	Schiffmann (Joseph) [L. Hahn] (bibliographie) / Schiffner (Johann-Christian) [L. Hahn] / Schill (Albert-Friedrich) [L. Hahn] / Schiller (Johann-Michael) [L. Hahn]
441	0445	Schiller (Johann-Michael) [L. Hahn] (bibliographie) / Schilling (Les) [L. Hahn]
442	0446	Schilling (Les) [L. Hahn] (bibliographie) / Schimko (Johann-Gottlieb) [L. Hahn] / Schimper (Carl-Friedrich) [L. Hahn]
443	0447	Schimper (Carl-Friedrich) [L. Hahn] / Schina (A. B. M.) [L. Hahn] (bibliographie) / Schindler (Les deux) [L. Hahn]
444	0448	Schindler (Les deux) [L. Hahn] (bibliographie) / Schindylèse [Amédée Dechambre] / Schinus (L.) [H. Baillon]
445	0449	Schinus (L.) [H. Baillon]
446	0450	Schinus (L.) [H. Baillon] (bibliographie) / Schinz (Les) [L. Hahn]
447	0451	Schinz (Les) [L. Hahn] (bibliographie) / Schinznach (Eau minérale de) [A. Rotureau]
448	0452	Schinznach (Eau minérale de) [A. Rotureau]
449	0453	Schinznach (Eau minérale de) [A. Rotureau]
450	0454	Schinznach (Eau minérale de) [A. Rotureau]
451	0455	Schinznach (Eau minérale de) [A. Rotureau] (bibliographie)
452	0456	Schinznach (Eau minérale de) [A. Rotureau] (bibliographie) / Schistocéphaliens [O. Larcher]
453	0457	Schistocéphaliens [O. Larcher]
454	0458	Schistocéphaliens [O. Larcher]
455	0459	Schistocéphaliens [O. Larcher]
456	0460	Schistocéphaliens [O. Larcher] (bibliographie) / Schistosomes [O. Larcher]
457	0461	Schistosomes [O. Larcher] (bibliographie) / Schira [G. Planchon] / Schizocéphale [Amédée Dechambre] / Schizophyllon (Fr.) [Amédée Dechambre] / Schizotarses ou Scutigère [Amédée Dechambre]
458	0462	Schizothorax [Amédée Dechambre] / Schkipetars (Les). Voy. Albanie / Schlagintweit (Wilhelm-August-Joseph) [L. Hahn] (bibliographie) / Schlangenbad (Eaux minérales, cures de lait, de petit-lait et de raisin de) [A. Rotureau]
459	0463	Schlangenbad (Eaux minérales, cures de lait, de petit-lait et de raisin de) [A. Rotureau]
460	0464	Schlangenbad (Eaux minérales, cures de lait, de petit-lait et de raisin de) [A. Rotureau]
461	0465	Schlangenbad (Eaux minérales, cures de lait, de petit-lait et de raisin de) [A. Rotureau]
462	0466	Schlangenbad (Eaux minérales, cures de lait, de petit-lait et de raisin de) [A. Rotureau] (bibliographie)
463	0467	Schlangenbad (Eaux minérales, cures de lait, de petit-lait et de raisin de) [A. Rotureau] (bibliographie) / Schläpfer (Johann-Georg) [L. Hahn] / Schlechtendal (Dietrich-Franz-Leonhard von) [L. Hahn]
464	0468	Schlegel (Les) [A. Chéreau]
465	0469	Schlegel (Les) [A. Chéreau] (bibliographie) / Schlegel (Julius-Heinrich-Gottlieb) [L. Hahn]
466	0470	Schlegel (Julius-Heinrich-Gottlieb) [L. Hahn] (bibliographie) / Schleger (Théodore-Auguste) [A. Chéreau] / Schleiden (Andreas-Benedict) [L. Hahn] / Schlemm (Friedrich) [A. Dureau]
467	0471	Schlemm (Friedrich) [A. Dureau] (bibliographie) / Schlesinger (Les) [L. Hahn]
468	0472	Schlesinger (Les) [L. Hahn] (bibliographie)
469	0473	Schlesinger (Les) [L. Hahn] (bibliographie) / Schleupner (Johann) [L. Hahn] / Schlichting (Jean-Daniel) [L. Hahn] / Schlippe (Carl-Friedrich) [L. Hahn]
470	0474	Schlippe (Carl-Friedrich) [L. Hahn] (bibliographie) / Schlossberger (Julius-Eugen) [L. Hahn]
471	0475	Schlossberger (Julius-Eugen) [L. Hahn] (bibliographie) / Schmalz (Les) [A. Dureau, L. Hahn]
472	0476	Schmalz (Les) [A. Dureau, L. Hahn] (bibliographie)
473	0477	Schmalz (Les) [A. Dureau, L. Hahn] (bibliographie) / Schmaus ou Schmai (Leonhard) [L. Hahn] / Schmeisser (Johann-Gottfried) [L. Hahn]
474	0478	Schmeisser (Johann-Gottfried) [L. Hahn] (bibliographie) / Schmelkes (Gottfried) [L. Hahn] / Schmerling (Philippe-Charles) [L. Hahn] / Schmid (Les) [L. Hahn]
475	0479	Schmid (Les) [L. Hahn] (bibliographie) / Schmidel (Casimir-Christophe) [A. Chéreau]
476	0480	Schmidel (Casimir-Christophe) [A. Chéreau] (bibliographie) / Schmidelia [G. Planchon]
477	0481	Schmidelia [G. Planchon] (bibliographie) / Schmidt (Les) [L. Hahn]
478	0482	Schmidt (Les) [L. Hahn] (bibliographie)
479	0483	Schmidt (Les) [L. Hahn] (bibliographie)
480	0484	Schmidt (Les) [L. Hahn] (bibliographie)
481	0485	Schmidt (Les) [L. Hahn] (bibliographie)
482	0486	Schmidt (Les) [L. Hahn] (bibliographie)
483	0487	Schmidt (Les) [L. Hahn] (bibliographie)
484	0488	Schmidt (Les) [L. Hahn] (bibliographie) / Schmidt-Phiseldeck (Ludwig-Wilhelm) [L. Hahn] / Schmidtmann (Ludwig-Joseph) [L. Hahn]
485	0489	Schmidtmann (Ludwig-Joseph) [L. Hahn] (bibliographie) / Schmidtmüller (Johann-Anton) [L. Hahn]
486	0490	Schmidtmüller (Johann-Anton) [L. Hahn] (bibliographie) / Schmieder (Sigismond) [L. Hahn] / Schmiederer (Joseph-Ignatz) [L. Hahn]
487	0491	Schmiederer (Joseph-Ignatz) [L. Hahn] (bibliographie) / Schmith ou Smith (Amandus-Wilhelm) [L. Hahn] / Schmitson (Anton) [L. Hahn] / Schmitt (Les) [A. Dureau, L. Hahn]
488	0492	Schmitt (Les) [A. Dureau, L. Hahn] (bibliographie) / Schmitz (Les) [A. Dureau] / Schmuck (Edmond-Joseph) [A. Dureau] / Schmuck ou Schmucker (Martin) [L. Hahn] / Schmucker (Jean-Lebrecht) [A. Dureau]
489	0493	Schmucker (Jean-Lebrecht) [A. Dureau] (bibliographie) / Schmutziger (J.-Heinrich) [L. Hahn] / Schnackenberg (Wilhelm-Philipp-Jacob) [L. Hahn] / Schnaubert (Les) [L. Hahn]
490	0494	Schnaubert (Les) [L. Hahn] (bibliographie) / Schneemann (Les) [L. Hahn]
491	0495	Schneemann (Les) [L. Hahn] (bibliographie) / Schneevogt (G.- E.- Woorhelm) [L. Hahn]
492	0496	Schneevogt (G.- E.- Woorhelm) [L. Hahn] (bibliographie) / Schneider (Les) [L. Hahn]
493	0497	Schneider (Les) [L. Hahn] (bibliographie)
494	0498	Schneider (Les) [L. Hahn] (bibliographie)
495	0499	Schneider (Les) [L. Hahn] (bibliographie)
496	0500	Schneider (Les) [L. Hahn] (bibliographie)
497	0501	Schneider (Les) [L. Hahn] (bibliographie) / Schneider (Membrane de). Voy. Nasale (Région) / Schnitzer (Adolphe) [A. Chéreau]
498	0502	Schnitzer (Adolphe) [A. Chéreau] (bibliographie) / Schnizlein (Adalbert) [L. Hahn] / Schnuhr (Johann-Joachim-Friedrich) [L. Hahn]
499	0503	Schnuhr (Johann-Joachim-Friedrich) [L. Hahn] (bibliographie) / Schnurrer (Friedrich) [L. Hahn] / Schobelt (Christophe-Henri) [A. Dureau] / Schober (Gottlob) [A. Dureau]
500	0504	Schober (Gottlob) [A. Dureau] (bibliographie) / Schobinger (David-Cristof) [A. Dureau] / Schoder (Johann-Samuel) [L. Hahn]
501	0505	Schoder (Johann-Samuel) [L. Hahn] / Scholand (J.-M.) [L. Hahn] (bibliographie) / Schoeller (Les) [L. Hahn]
502	0506	Schoeller (Les) [L. Hahn] (bibliographie) / Scholz (Les deux) [L. Hahn]
503	0507	Scholz (Les deux) [L. Hahn] (bibliographie) / Scholtz von Rosenau (Lorenz) [L. Hahn] / Schoemann (Ignatz-Franz-Xaver) [L. Hahn] / Schoen (Les deux) [L. Hahn]
504	0508	Schoen (Les deux) [L. Hahn] (bibliographie) / Schoenanthe [G. Planchon]
505	0509	Schoenanthe [G. Planchon] (bibliographie) / Schoenau. Voy. Toeplitz / Schoenbeck (Carl-Gustaf) [A. Dureau] / Schoenbein (Christian-Frédéric) [A. Chéreau]
506	0510	Schoenbein (Christian-Frédéric) [A. Chéreau] / Schoenberg (Joergen-Johan-Albrecht von) [L. Hahn]
507	0511	Schoenberg (Joergen-Johan-Albrecht von) [L. Hahn] (bibliographie) / Schoenborn (Barthélemy) [L. Hahn] / Schoenbrunn (Station hydrothérapique) [A. Rotureau]
508	0512	Schoenbrunn (Station hydrothérapique) [A. Rotureau]
509	0513	Schoenbrunn (Station hydrothérapique) [A. Rotureau] (bibliographie) / Schoene (Carl-Christian-Ludwig) [L. Hahn] / Schoeneveld (Stephen von) [L. Hahn]
510	0514	Schoeneveld (Stephen von) [L. Hahn] (bibliographie) / Schoenfeld (Les) [L. Hahn]
511	0515	Schoenfeld (Les) [L. Hahn] (bibliographie) / Schöenheider (Johan-Henrich) [L. Hahn]
512	0516	Schöenheider (Johan-Henrich) [L. Hahn] (bibliographie) / Schoenlein (Johann-Lucas) [L. Hahn]
513	0517	Schoenlein (Johann-Lucas) [L. Hahn]
514	0518	Schoenlein (Johann-Lucas) [L. Hahn] (bibliographie) / Schoenmetzel (Franz-Gabriel) [L. Hahn]
515	0519	Schoenmetzel (Franz-Gabriel) [L. Hahn] (bibliographie) / Schook (Martin) [A. Chéreau] / Schoepf (Iohann-David) [L. Hahn]
516	0520	Schoepf (Iohann-David) [L. Hahn] (bibliographie)
517	0521	Schoepf (Iohann-David) [L. Hahn] (bibliographie) / Schoepf-Merei (August) [L. Hahn] / Schordann (Sigismund) [L. Hahn]
518	0522	Schorer (Christophe) [A. Chéreau] (bibliographie) / Schosulan (Johann-Michael) [L. Hahn] / Schotia [H. Baillon]
519	0523	Schotia [H. Baillon] (bibliographie) / Schotte (Johann-Peter) [L. Hahn] / Schottin (Carl) [L. Hahn]
520	0524	Schottin (Carl) [L. Hahn] (bibliographie) / Schough (Ebbe-Fredric) [A. Dureau] / Schouw (Jochum-Frederik) [L. Hahn]
521	0525	Schouw (Jochum-Frederik) [L. Hahn] (bibliographie) / Schow (Timotheus) [L. Hahn] / Schrader (Les) [L. Hahn]
522	0526	Schrader (Les) [L. Hahn] (bibliographie)
523	0527	Schrader (Les) [L. Hahn] (bibliographie)
524	0528	Schrader (Les) [L. Hahn] (bibliographie)
525	0529	Schrader (Les) [L. Hahn] (bibliographie) / Schrage (Anton) [L. Hahn] / Schrank (François de Paule) [A. Chéreau]
526	0530	Schrank (François de Paule) [A. Chéreau] (bibliographie) / Schraud (Franz) [L. Hahn] / Schreber (Les deux) [L. Hahn]
527	0531	Schreber (Les deux) [L. Hahn] (bibliographie)
528	0532	Schreber (Les deux) [L. Hahn] (bibliographie) / Schreger (Les deux) [L. Hahn]
529	0533	Schreger (Les deux) [L. Hahn] (bibliographie)
530	0534	Schreger (Les deux) [L. Hahn] (bibliographie) / Schreiber (Les) [L. Hahn]
531	0535	Schreiber (Les) [L. Hahn] (bibliographie)
532	0536	Schreiber (Les) [L. Hahn] (bibliographie) / Schreibers (Karl-Franz-Anton von) [L. Hahn] / Schreyer (Christian-Heinrich) [L. Hahn]
533	0537	Schröck (Lucas) [A. Chéreau] (bibliographie) / Schröder (Les) [L. Hahn]
534	0538	Schröder (Les) [L. Hahn] (bibliographie)
535	0539	Schröder (Les) [L. Hahn] (bibliographie)
536	0540	Schröder (Les) [L. Hahn] (bibliographie)
537	0541	Schröder (Les) [L. Hahn] (bibliographie) / Schröder van der Kolk (Jacob-Ludwig-Conrad) [L. Hahn]
538	0542	Schröder van der Kolk (Jacob-Ludwig-Conrad) [L. Hahn] (bibliographie)
539	0543	Schrödter (Christoph) [L. Hahn] (bibliographie) / Schröer (Les) [L. Hahn] / Schröter (Les) [L. Hahn]
540	0544	Schröter (Les) [L. Hahn] (bibliographie)
541	0545	Schröter (Les) [L. Hahn] (bibliographie) / Schrötter (Anton) [L. Hahn]
542	0546	Schrötter (Anton) [L. Hahn] (bibliographie) / Schubart (Carl-August) [L. Hahn] / Schubarth (Ernst-Ludwig) [L. Hahn]
543	0547	Schubarth (Ernst-Ludwig) [L. Hahn] (bibliographie) / Schubert (Les) [L. Hahn]
544	0548	Schubert (Les) [L. Hahn] (bibliographie)
545	0549	Schubert (Les) [L. Hahn] (bibliographie) / Schubertia disticha [G. Planchon] / Schübler (Gustav) [L. Hahn]
546	0550	Schübler (Gustav) [L. Hahn] (bibliographie) / Schuderoff (Carl-Ludwig-Emmanuel) [L. Hahn] / Schuh (Franz) [L. Hahn]
547	0551	Schuh (Franz) [L. Hahn] (bibliographie)
548	0552	Schuh (Franz) [L. Hahn] (bibliographie) / Schulli [G. Planchon] / Schultes (Les) [L. Hahn]
549	0553	Schultes (Les) [L. Hahn] (bibliographie)
550	0554	Schultes (Les) [L. Hahn] (bibliographie) / Schultetus (Stephan) [L. Hahn] / Schulthess (Rudolph) [L. Hahn] / Schultz (Les) [L. Hahn]
551	0555	Schultz (Les) [L. Hahn] (bibliographie)
552	0556	Schultz (Les) [L. Hahn] (bibliographie)
553	0557	Schultz (Les) [L. Hahn] (bibliographie) / Schultz-Schultzenstein (Carl-Heinrich) [L. Hahn]
554	0558	Schultz-Schultzenstein (Carl-Heinrich) [L. Hahn] (bibliographie) / Schultze (Les deux) [L. Hahn]
555	0559	Schultze (Les deux) [L. Hahn] (bibliographie)
556	0560	Schultze (Les deux) [L. Hahn] (bibliographie)
557	0561	Schultze (Les deux) [L. Hahn] (bibliographie) / Schultzen (Otto) [L. Hahn]
558	0562	Schultzen (Otto) [L. Hahn] (bibliographie) / Schulz (Les) [L. Hahn] / Schulz von Schulzenheim (David) [L. Hahn]
559	0563	Schulz von Schulzenheim (David) [L. Hahn] (bibliographie) / Schulze (Jean-Henri) [A. Chéreau]
560	0564	Schulze (Jean-Henri) [A. Chéreau] (bibliographie) / Schulze (Les) [L. Hahn]
561	0565	Schulze (Les) [L. Hahn] (bibliographie)
562	0566	Schulze (Les) [L. Hahn] (bibliographie)
563	0567	Schulze (Les) [L. Hahn] (bibliographie) / Schulzen (Fredric) [L. Hahn]
564	0568	Schulzen (Fredric) [L. Hahn] (bibliographie) / Schulzenheim. Voy. Schulz / Schumacher (Les) [L. Hahn]
565	0569	Schumacher (Les) [L. Hahn] (bibliographie) / Schumann (Les) [L. Hahn]
566	0570	Schumann (Les) [L. Hahn] (bibliographie) / Schumlansky (Alexandre) [L. Hahn] / Schupmann (Johann-Wilhelm-Adolph) [L. Hahn]
567	0571	Schupmann (Johann-Wilhelm-Adolph) [L. Hahn] (bibliographie) / Schurer (Les deux) [L. Hahn] / Schurig (Martin) [L. Hahn]
568	0572	Schurig (Martin) [L. Hahn] (bibliographie) / Schürmayer (Ignaz-Heinrich) [L. Hahn] / Schuster (Les) [L. Hahn]
569	0573	Schuster (Les) [L. Hahn] (bibliographie)
570	0574	Schuster (Les) [L. Hahn] (bibliographie) / Schutte (Johann-Heinrich) [L. Hahn]
571	0575	Schutte (Johann-Heinrich) [L. Hahn] (bibliographie) / Schütz (Les) [L. Hahn]
572	0576	Schütz (Les) [L. Hahn] (bibliographie)
573	0577	Schütz (Les) [L. Hahn] (bibliographie) / Schuyl (Florent) [L. Hahn]
574	0578	Schuyl (Florent) [L. Hahn] (bibliographie) / Schwab (Conrad-Ludwig) [L. Hahn] / Schwabe (Les) [L. Hahn]
575	0579	Schwabe (Les) [L. Hahn] (bibliographie) / Schwägrichen (Christian-Friedrich) [L. Hahn]
576	0580	Schwalbach ou Langenschwalbach (Eaux minérales de) [A. Rotureau]
577	0581	Schwalbach ou Langenschwalbach (Eaux minérales de) [A. Rotureau]
578	0582	Schwalbach ou Langenschwalbach (Eaux minérales de) [A. Rotureau]
579	0583	Schwalbach ou Langenschwalbach (Eaux minérales de) [A. Rotureau] (bibliographie) / Schwalheim (Eau minérale de) [A. Rotureau]
580	0584	Schwalheim (Eau minérale de) [A. Rotureau]
581	0585	Schwalheim (Eau minérale de) [A. Rotureau]
582	0586	Schwalheim (Eau minérale de) [A. Rotureau] (bibliographie) / Schwalt (Simon) [L. Hahn] / Schwartze (Gotthilf-Wilhelm) [L. Hahn] / Schwarz (Les) [L. Hahn]
583	0587	Schwarz (Les) [L. Hahn] (bibliographie)
584	0588	Schwarz (Les) [L. Hahn] (bibliographie) / Schwarze (Carl-Friedrich) [L. Hahn] / Schwarzer (A.-Clemens) [L. Hahn]
585	0589	Schwarzer (A.-Clemens) [L. Hahn] (bibliographie) / Schwarzschild (Heinrich) [L. Hahn] / Schwediauer (François-Xavier) [A. Chéreau]
586	0590	Schwediauer (François-Xavier) [A. Chéreau] (bibliographie) / Schwediaur. Voy. Schwediauer / Schweickhard (Christian-Ludwig) [L. Hahn] / Schweigger (Les deux) [L. Hahn]
587	0591	Schweigger (Les deux) [L. Hahn] (bibliographie)
588	0592	Schweigger (Les deux) [L. Hahn] (bibliographie) / Schweigger-Seidel (Franz-Wilhelm) [L. Hahn]
589	0593	Schweigger-Seidel (Franz-Wilhelm) [L. Hahn] (bibliographie) / Schweighäuser (Jacob-Friedrich) [A. Dureau]
590	0594	Schweighäuser (Jacob-Friedrich) [A. Dureau] (bibliographie) / Schweikert ou Schweickert (Georg-August-Benjamin) [L. Hahn]
591	0595	Sckweinsberg (Heinrich) [L. Hahn] (bibliographie) / Schweitzer (Les) [L. Hahn] / Schweizer (Matthias-Eduard) [L. Hahn]
592	0596	Schweizer (Matthias-Eduard) [L. Hahn] (bibliographie) / Schwencke (Thomas) [L. Hahn] / Schwenckfeld ou Schwenkfeld (Caspar) [L. Hahn]
593	0597	Schwenckfeld ou Schwenkfeld (Caspar) [L. Hahn] (bibliographie) / Schwilgué (C. J. A.) [A. Chéreau]
594	0598	Schwilgué (C. J. A.) [A. Chéreau] (bibliographie) / Schwörer (Ignaz) [L. Hahn] / Schyron (Jean), ou mieux Scurron [L. Hahn]
595	0599	Sciatique (Grand nerf) / Anatomie [E. Charvot]
596	0600	Sciatique (Grand nerf). Anatomie [E. Charvot]
597	0601	Sciatique (Grand nerf). Anatomie [E. Charvot] / Physiologie [E. Charvot]
598	0602	Sciatique (Grand nerf). Physiologie [E. Charvot]
599	0603	Sciatique (Grand nerf). Physiologie [E. Charvot]
600	0604	Sciatique (Grand nerf). Physiologie [E. Charvot] / Pathologie médicale [L. Lereboullet]
601	0605	Sciatique (Grand nerf). Pathologie médicale [L. Lereboullet]
602	0606	Sciatique (Grand nerf). Pathologie médicale [L. Lereboullet]
603	0607	Sciatique (Grand nerf). Pathologie médicale [L. Lereboullet]
604	0608	Sciatique (Grand nerf). Pathologie médicale [L. Lereboullet]
605	0609	Sciatique (Grand nerf). Pathologie médicale [L. Lereboullet]
606	0610	Sciatique (Grand nerf). Pathologie médicale [L. Lereboullet]
607	0611	Sciatique (Grand nerf). Pathologie médicale [L. Lereboullet]
608	0612	Sciatique (Grand nerf). Pathologie médicale [L. Lereboullet]
609	0613	Sciatique (Grand nerf). Pathologie médicale [L. Lereboullet]
610	0614	Sciatique (Grand nerf). Pathologie médicale [L. Lereboullet]
611	0615	Sciatique (Grand nerf). Pathologie médicale [L. Lereboullet]
612	0616	Sciatique (Grand nerf). Pathologie médicale [L. Lereboullet]
613	0617	Sciatique (Grand nerf). Pathologie médicale [L. Lereboullet]
614	0618	Sciatique (Grand nerf). Pathologie médicale [L. Lereboullet]
615	0619	Sciatique (Grand nerf). Pathologie médicale [L. Lereboullet]
616	0620	Sciatique (Grand nerf). Pathologie médicale [L. Lereboullet] / Pathologie chirurgicale [E. Charvot]
617	0621	Sciatique (Grand nerf). Pathologie chirurgicale [E. Charvot]
618	0622	Sciatique (Grand nerf). Pathologie chirurgicale [E. Charvot]
619	0623	Sciatique (Grand nerf). Pathologie chirurgicale [E. Charvot]
620	0624	Sciatique (Grand nerf). Pathologie chirurgicale [E. Charvot]
621	0625	Sciatique (Grand nerf). Pathologie chirurgicale [E. Charvot]
622	0626	Sciatique (Grand nerf). Pathologie chirurgicale [E. Charvot]
623	0627	Sciatique (Grand nerf). Pathologie chirurgicale [E. Charvot]
624	0628	Sciatique (Grand nerf). Pathologie chirurgicale [E. Charvot]
625	0629	Sciatique (Grand nerf). Pathologie chirurgicale [E. Charvot]
626	0630	Sciatique (Grand nerf). Pathologie chirurgicale [E. Charvot]
627	0631	Sciatique (Grand nerf). Pathologie chirurgicale [E. Charvot]
628	0632	Sciatique (Grand nerf). Pathologie chirurgicale [E. Charvot]
629	0633	Sciatique (Grand nerf). Pathologie chirurgicale [E. Charvot]
630	0634	Sciatique (Grand nerf). Pathologie chirurgicale [E. Charvot]
631	0635	Sciatique (Grand nerf). Pathologie chirurgicale [E. Charvot]
632	0636	Sciatique (Grand nerf). Pathologie chirurgicale [E. Charvot]
633	0637	Sciatique (Grand nerf). Pathologie chirurgicale [E. Charvot]
634	0638	Sciatique (Grand nerf). Pathologie chirurgicale [E. Charvot]
635	0639	Sciatique (Grand nerf). Pathologie chirurgicale [E. Charvot]
636	0640	Sciatique (Grand nerf). Pathologie chirurgicale [E. Charvot]
637	0641	Sciatique (Grand nerf). Pathologie chirurgicale [E. Charvot]
638	0642	Sciatique (Grand nerf). Pathologie chirurgicale [E. Charvot]
639	0643	Sciatique (Grand nerf). Pathologie chirurgicale [E. Charvot]
640	0644	Sciatique (Grand nerf). Pathologie chirurgicale [E. Charvot]
641	0645	Sciatique (Grand nerf). Pathologie chirurgicale [E. Charvot]
642	0646	Sciatique (Grand nerf). Pathologie chirurgicale [E. Charvot]
643	0647	Sciatique (Grand nerf). Pathologie chirurgicale [E. Charvot]
644	0648	Sciatique (Grand nerf). Pathologie chirurgicale [E. Charvot]
645	0649	Sciatique (Grand nerf). Pathologie chirurgicale [E. Charvot]
646	0650	Sciatique (Grand nerf). Pathologie chirurgicale [E. Charvot] (bibliographie)
647	0651	Sciatique (Grand nerf). Pathologie chirurgicale [E. Charvot] (bibliographie) / Sciatique (Nerf Petit). Voy. Sacré Plexus / Scie (Chirurgie) [E. Spillmann]
648	0652	Scie (Chirurgie) [E. Spillmann]
649	0653	Scie (Chirurgie) [E. Spillmann]
650	0654	Scie (Chirurgie) [E. Spillmann]
651	0655	Scie (Chirurgie) [E. Spillmann]
652	0656	Scie (Chirurgie) [E. Spillmann] / Scie (Bruit de) [Amédée Dechambre] / Scie (Pristis) [H. Gervais]
653	0657	Scie (Pristis) [H. Gervais] / Scie (Zoologie) [H. Gervais] / Science [Amédée Dechambre]
654	0658	Science [Amédée Dechambre]
655	0659	Science [Amédée Dechambre]
656	0660	Science [Amédée Dechambre]
657	0661	Science [Amédée Dechambre]
658	0662	Science [Amédée Dechambre]
659	0663	Science [Amédée Dechambre]
660	0664	Science [Amédée Dechambre]
661	0665	Science [Amédée Dechambre]
662	0666	Science [Amédée Dechambre]
663	0667	Science [Amédée Dechambre]
664	0668	Science [Amédée Dechambre]
665	0669	Science [Amédée Dechambre]
666	0670	Science [Amédée Dechambre]
667	0671	Science [Amédée Dechambre]
668	0672	Science [Amédée Dechambre]
669	0673	Science [Amédée Dechambre]
670	0674	Science [Amédée Dechambre] / Sciences occultes. Voy. Occultes (Sciences) / Sciène [H. Gervais]
671	0675	Sciène [H. Gervais] / Scille / Botanique [G. Planchon]
672	0676	Scille. Botanique [G. Planchon]
673	0677	Scille. Botanique [G. Planchon]
674	0678	Scille. Botanique [G. Planchon] (bibliographie) / Emploi médical [Ernest Labbée]
675	0679	Scille. Emploi médical [Ernest Labbée]
676	0680	Scille. Emploi médical [Ernest Labbée]
677	0681	Scille. Emploi médical [Ernest Labbée]
678	0682	Scille. Emploi médical [Ernest Labbée]
679	0683	Scille. Emploi médical [Ernest Labbée]
680	0684	Scille. Emploi médical [Ernest Labbée]
681	0685	Scille. Emploi médical [Ernest Labbée]
682	0686	Scille. Emploi médical [Ernest Labbée]
683	0687	Scille. Emploi médical [Ernest Labbée]
684	0688	Scille. Emploi médical [Ernest Labbée]
685	0689	Scille. Emploi médical [Ernest Labbée]
686	0690	Scille. Emploi médical [Ernest Labbée]
687	0691	Scille. Emploi médical [Ernest Labbée]
688	0692	Scille. Emploi médical [Ernest Labbée]
689	0693	Scille. Emploi médical [Ernest Labbée]
690	0694	Scille. Emploi médical [Ernest Labbée]
691	0695	Scille. Emploi médical [Ernest Labbée]
692	0696	Scille. Emploi médical [Ernest Labbée]
693	0697	Scille. Emploi médical [Ernest Labbée]
694	0698	Scille. Emploi médical [Ernest Labbée] (bibliographie) / Scillitine / Chimie [E. Burcker]
695	0699	Scillitine. Chimie [E. Burcker] / Emploi médical [Ernest Labbée]
696	0700	Scillitine. Emploi médical [Ernest Labbée]
697	0701	Scillitine. Emploi médical [Ernest Labbée] / Scina (Domenico) [L. Hahn]
698	0702	Scina (Domenico) [L. Hahn] (bibliographie) / Scinque [H. Gervais] / Scirpe [G. Planchon]
699	0703	Scirpe [G. Planchon] (bibliographie) / Scissiparité ou Fissiparité. Voy. Génération / Scissure [Amédée Dechambre] / Scitaminées [G. Planchon]
700	0704	Scitaminées [G. Planchon] (bibliographie) / Sciuridés [E. Oustalet]
701	0705	Sciuridés [E. Oustalet]
702	0706	Sciuridés [E. Oustalet]
703	0707	Sciuridés [E. Oustalet]
704	0708	Sciuridés [E. Oustalet]
705	0709	Sciuridés [E. Oustalet]
706	0710	Sciuridés [E. Oustalet] (bibliographie) / Sclanus. Voy. Salvus / Sclarée. Voy. Sauge [G. Planchon] / Sclérème. Voy. nouveau-né et Sclérodermie / Scleria [G. Planchon]
707	0711	Scléro-choroïdite. Voy. Choroïde et Sclérotique / Scléroderme. Voy. Lycoperdacées / Sclérodermie [B. Ball]
708	0712	Sclérodermie [B. Ball]
709	0713	Sclérodermie [B. Ball]
710	0714	Sclérodermie [B. Ball]
711	0715	Sclérodermie [B. Ball]
712	0716	Sclérodermie [B. Ball]
713	0717	Sclérodermie [B. Ball]
714	0718	Sclérodermie [B. Ball]
715	0719	Sclérodermie [B. Ball]
716	0720	Sclérodermie [B. Ball]
717	0721	Sclérodermie [B. Ball]
718	0722	Sclérodermie [B. Ball]
719	0723	Sclérodermie [B. Ball]
720	0724	Sclérodermie [B. Ball]
721	0725	Sclérodermie [B. Ball]
722	0726	Sclérodermie [B. Ball]
723	0727	Sclérodermie [B. Ball]
724	0728	Sclérodermie [B. Ball]
725	0729	Sclérodermie [B. Ball]
726	0730	Sclérodermie [B. Ball]
727	0731	Sclérodermie [B. Ball]
728	0732	Sclérodermie [B. Ball]
729	0733	Sclérodermie [B. Ball] (bibliographie)
730	0734	Sclérodermie [B. Ball] (bibliographie)
731	0735	Sclérodermie [B. Ball] (bibliographie)
732	0736	Sclérokératite. Voy. Cornée / Sclérose [A. Kelsch]
733	0737	Sclérose [A. Kelsch]
734	0738	Sclérose [A. Kelsch]
735	0739	Sclérose [A. Kelsch]
736	0740	Sclérose [A. Kelsch]
737	0741	Sclérose [A. Kelsch]
738	0742	Sclérose [A. Kelsch]
739	0743	Sclérose [A. Kelsch]
740	0744	Sclérose [A. Kelsch]
741	0745	Sclérose [A. Kelsch]
742	0746	Sclérose [A. Kelsch]
743	0747	Sclérose [A. Kelsch]
744	0748	Sclérose [A. Kelsch]
745	0749	Sclérose [A. Kelsch]
746	0750	Sclérose [A. Kelsch]
747	0751	Sclérose [A. Kelsch]
748	0752	Sclérose [A. Kelsch]
749	0753	Sclérose [A. Kelsch]
750	0754	Sclérose [A. Kelsch]
751	0755	Sclérose [A. Kelsch]
752	0756	Sclérose [A. Kelsch]
753	0757	Sclérose [A. Kelsch]
754	0758	Sclérose [A. Kelsch]
755	0759	Sclérose [A. Kelsch]
756	0760	Sclérose [A. Kelsch]
757	0761	Sclérose [A. Kelsch]
758	0762	Sclérose [A. Kelsch]
759	0763	Sclérose [A. Kelsch]
760	0764	Sclérose [A. Kelsch] (bibliographie)
761	0765	Articles contenus dans le septième volume (3e série)
762	0766	Articles contenus dans le septième volume (3e série)
763	0767	Articles contenus dans le septième volume (3e série)
764	0768	Articles contenus dans le septième volume (3e série)
