page	refimg	chapitre
[sans numérotation]	0001	[Page de faux-titre]
[sans numérotation]	0002	
[sans numérotation]	0003	[Page de titre]
[page blanche]	0004	
1	0005	S iliaque. Voy. Colon / Saade [G. Planchon] (bibliographie) / Saalman (Franz-Raban) [A. Dureau]
2	0006	Saalman (Franz-Raban) [A. Dureau] (bibliographie) / Saamouna [G. Planchon] / Saavedra (Juan de) [L. Hahn] / Sabadilla. Voy. Cévadille / Sabadilline [Amédée Dechambre]
3	0007	Sabadilline [Amédée Dechambre] / Sabak [G. Planchon] / Sabatier (Les deux) [A. Chéreau]
4	0008	Sabatier (Les deux) [A. Chéreau] (bibliographie) / Sabatrine. Voy. Sabadilline / Sabbatia [G. Planchon]
5	0009	Sabbatia [G. Planchon] (bibliographie) / Sabelles [Paul Gervais] / Sabine / Botanique. Voy. Genévrier / Emploi médical [E. Hamelin]
6	0010	Sabine. Emploi médical [E. Hamelin]
7	0011	Sabine. Emploi médical [E. Hamelin]
8	0012	Sabine. Emploi médical [E. Hamelin]
9	0013	Sabine. Emploi médical [E. Hamelin]
10	0014	Sabine. Emploi médical [E. Hamelin]
11	0015	Sabine. Emploi médical [E. Hamelin]
12	0016	Sabine. Emploi médical [E. Hamelin]
13	0017	Sabine. Emploi médical [E. Hamelin]
14	0018	Sabine. Emploi médical [E. Hamelin]
15	0019	Sabine. Emploi médical [E. Hamelin]
16	0020	Sabine. Emploi médical [E. Hamelin]
17	0021	Sabine. Emploi médical [E. Hamelin]
18	0022	Sabine. Emploi médical [E. Hamelin]
19	0023	Sabine. Emploi médical [E. Hamelin]
20	0024	Sabine. Emploi médical [E. Hamelin]
21	0025	Sabine. Emploi médical [E. Hamelin] / Sablairolles (J.) [L. Hahn]
22	0026	Sablairolles (J.) [L. Hahn] (bibliographie) / Sabler (Guillaume-Thomas) [L. Hahn] / Sables d'Olonne (Les) (Station marine). Voy. Les Sables d'Olonne / Sablier élastique. Voy. Hura / Sabucus [G. Planchon] / Saburre [Amédée Dechambre] / Sac [Amédée Dechambre]
23	0027	Sac [Amédée Dechambre] / Sacatapèques (Les). Voy. Centre (Amérique) / Saccharamide [C. Lutz] / Saccharides [C. Lutz]
24	0028	Saccharides [C. Lutz] / Saccharimètre. Voy. Polarimètre / Saccharique (Acide) ou Oxalhydrique [C. Lutz]
25	0029	Saccharique (Acide) ou Oxalhydrique [C. Lutz] / Saccharolés [Amédée Dechambre] / Saccharomyces [J. de Seynes]
26	0030	Saccharomyces [J. de Seynes]
27	0031	Saccharomyces [J. de Seynes]
28	0032	Saccharomyces [J. de Seynes]
29	0033	Saccharomyces [J. de Seynes]
30	0034	Saccharomyces [J. de Seynes] (bibliographie) / Saccharose. Voy. Sucre / Saccharum / Botanique [G. Planchon]
31	0035	Saccharum. Botanique [G. Planchon] (bibliographie) / Emploi médical. Voy. Canne et Sucre / Saccharures (Pharmacie) [C. Lutz] / Sacchero (Carlo-Giacinto) [L. Hahn]
32	0036	Sacchero (Carlo-Giacinto) [L. Hahn] (bibliographie) / Sacchi (Carlo) [L. Hahn]
33	0037	Sacchi (Carlo) [L. Hahn] (bibliographie) / Sacco (Joseph-Pompée) [A. Chéreau] / Sacco (Luigi) [L. Hahn]
34	0038	Sacco (Luigi) [L. Hahn] (bibliographie) / Saccule. Voy. Oreille moyenne / Sacedon (Eaux minérales de) [A. Rotureau]
35	0039	Sacedon (Eaux minérales de) [A. Rotureau]
36	0040	Sacedon (Eaux minérales de) [A. Rotureau] (bibliographie) / Sachet [Amédée Dechambre] / Sachs (Les) [L. Hahn]
37	0041	Sachs (Les) [L. Hahn] (bibliographie)
38	0042	Sachs (Les) [L. Hahn] (bibliographie)
39	0043	Sachs (Les) [L. Hahn] (bibliographie) / Sachse (Johann-David-Wilhelm) [L. Hahn]
40	0044	Sachse (Johann-David-Wilhelm) [L. Hahn] (bibliographie) / Sachtleben (Dieterich-Wilhelm) [A. Dureau] / Säckingen (Eaux minérales de) [A. Rotureau] / Sacklen (Johan-Fredric) [A. Dureau]
41	0045	Sacklen (Johan-Fredric) [A. Dureau] (bibliographie) / Sacombe (Jean-François) [A. Chéreau] / Sacopodium [G. Planchon] / Sacramalou [G. Planchon]
42	0046	Sacré (Plexus) [J. Chauvel]
43	0047	Sacré (Plexus) [J. Chauvel]
44	0048	Sacré (Plexus) [J. Chauvel]
45	0049	Sacré (Plexus) [J. Chauvel]
46	0050	Sacré (Plexus) [J. Chauvel] / Sacrée (Région). Voy. Sacro-coccygienne (Région)
47	0051	Sacrées (Artères et veines) [J. Chauvel]
48	0052	Sacrées (Artères et veines) [J. Chauvel] / Sacrés (Nerfs) [J. Chauvel]
49	0053	Sacrés (Nerfs) [J. Chauvel]
50	0054	Sacrés (Nerfs) [J. Chauvel] / Sacro-coccygienne (Région) [J. Chauvel]
51	0055	Sacro-coccygienne (Région) [J. Chauvel]
52	0056	Sacro-coccygienne (Région) [J. Chauvel]
53	0057	Sacro-coccygienne (Région) [J. Chauvel]
54	0058	Sacro-coccygienne (Région) [J. Chauvel]
55	0059	Sacro-coccygienne (Région) [J. Chauvel]
56	0060	Sacro-coccygienne (Région) [J. Chauvel]
57	0061	Sacro-coccygienne (Région) [J. Chauvel]
58	0062	Sacro-coccygienne (Région) [J. Chauvel]
59	0063	Sacro-coccygienne (Région) [J. Chauvel]
60	0064	Sacro-coccygienne (Région) [J. Chauvel]
61	0065	Sacro-coccygienne (Région) [J. Chauvel]
62	0066	Sacro-coccygienne (Région) [J. Chauvel]
63	0067	Sacro-coccygienne (Région) [J. Chauvel]
64	0068	Sacro-coccygienne (Région) [J. Chauvel]
65	0069	Sacro-coccygienne (Région) [J. Chauvel]
66	0070	Sacro-coccygienne (Région) [J. Chauvel]
67	0071	Sacro-coccygienne (Région) [J. Chauvel]
68	0072	Sacro-coccygienne (Région) [J. Chauvel]
69	0073	Sacro-coccygienne (Région) [J. Chauvel]
70	0074	Sacro-coccygienne (Région) [J. Chauvel]
71	0075	Sacro-coccygienne (Région) [J. Chauvel]
72	0076	Sacro-coccygienne (Région) [J. Chauvel]
73	0077	Sacro-coccygienne (Région) [J. Chauvel]
74	0078	Sacro-coccygienne (Région) [J. Chauvel]
75	0079	Sacro-coccygienne (Région) [J. Chauvel]
76	0080	Sacro-coccygienne (Région) [J. Chauvel]
77	0081	Sacro-coccygienne (Région) [J. Chauvel]
78	0082	Sacro-coccygienne (Région) [J. Chauvel]
79	0083	Sacro-coccygienne (Région) [J. Chauvel]
80	0084	Sacro-coccygienne (Région) [J. Chauvel]
81	0085	Sacro-coccygienne (Région) [J. Chauvel]
82	0086	Sacro-coccygienne (Région) [J. Chauvel]
83	0087	Sacro-coccygienne (Région) [J. Chauvel]
84	0088	Sacro-coccygienne (Région) [J. Chauvel]
85	0089	Sacro-coccygienne (Région) [J. Chauvel]
86	0090	Sacro-coccygienne (Région) [J. Chauvel] (bibliographie)
87	0091	Sacro-coccygienne (Région) [J. Chauvel] (bibliographie) / Sacro-épineux (Ligament). Voy. Bassin / Sacro-iliaque (Articulation) [J. Chauvel]
88	0092	Sacro-iliaque (Articulation) [J. Chauvel]
89	0093	Sacro-iliaque (Articulation) [J. Chauvel]
90	0094	Sacro-iliaque (Articulation) [J. Chauvel]
91	0095	Sacro-iliaque (Articulation) [J. Chauvel]
92	0096	Sacro-iliaque (Articulation) [J. Chauvel]
93	0097	Sacro-iliaque (Articulation) [J. Chauvel]
94	0098	Sacro-iliaque (Articulation) [J. Chauvel]
95	0099	Sacro-iliaque (Articulation) [J. Chauvel]
96	0100	Sacro-iliaque (Articulation) [J. Chauvel]
97	0101	Sacro-iliaque (Articulation) [J. Chauvel] (bibliographie) / Sacro-lombaire (Muscle) [J. Chauvel]
98	0102	Sacro-lombaire (Muscle) [J. Chauvel] / Sacro-sciatiques (Ligaments). Voy. Bassin / Sacro-vertébrale (Articulation) [J. Chauvel]
99	0103	Sacro-vertébrale (Articulation) [J. Chauvel]
100	0104	Sacro-vertébrale (Articulation) [J. Chauvel] / Sacrum / Anatomie. Voy. Bassin et Rachis / Pathologie. Voy. Sacro-coccygienne (Région) / Safran / Botanique [G. Planchon]
101	0105	Safran. Botanique [G. Planchon] (bibliographie) / Emploi médical [Fonssagrives]
102	0106	Safran. Emploi médical [Fonssagrives]
103	0107	Safran. Emploi médical [Fonssagrives]
104	0108	Safran. Emploi médical [Fonssagrives]
105	0109	Safran. Emploi médical [Fonssagrives]
106	0110	Safran. Emploi médical [Fonssagrives]
107	0111	Safran. Emploi médical [Fonssagrives] / Safran de Mars [Amédée Dechambre]
108	0112	Safranine [J. Regnault] / Safranum [G. Planchon] / Sagapenum / Pharmacologie [J. Regnault] / Emploi médical [Amédée Dechambre]
109	0113	Sagapenum. Emploi médical [Amédée Dechambre] / Sagar (Jean-Baptiste-Melchior) [L. Hahn] (bibliographie) / Sage (Balthazar-Georges) [A. Chéreau]
110	0114	Sage (Balthazar-Georges) [A. Chéreau] (bibliographie) / Sages-femmes [A. Lutaud]
111	0115	Sages-femmes [A. Lutaud]
112	0116	Sages-femmes [A. Lutaud]
113	0117	Sages-femmes [A. Lutaud]
114	0118	Sages-femmes [A. Lutaud]
115	0119	Sages-femmes [A. Lutaud]
116	0120	Sages-femmes [A. Lutaud]
117	0121	Sages-femmes [A. Lutaud]
118	0122	Sages-femmes [A. Lutaud]
119	0123	Sages-femmes [A. Lutaud]
120	0124	Sages-femmes [A. Lutaud]
121	0125	Sages-femmes [A. Lutaud]
122	0126	Sages-femmes [A. Lutaud]
123	0127	Sages-femmes [A. Lutaud]
124	0128	Sages-femmes [A. Lutaud]
125	0129	Sages-femmes [A. Lutaud]
126	0130	Sages-femmes [A. Lutaud]
127	0131	Sages-femmes [A. Lutaud]
128	0132	Sages-femmes [A. Lutaud]
129	0133	Sages-femmes [A. Lutaud]
130	0134	Sages-femmes [A. Lutaud] (bibliographie) / Sagesse des chirurgiens. Voy. Sisymbrium [G. Planchon] / Sagette. Voy. Sagittaire [G. Planchon] / Sagina [G. Planchon] / Sagittaire [G. Planchon]
131	0135	Sagittaire [G. Planchon] (bibliographie) / Sagittale (Suture). Voy. Crâne / Sagittelle ou Flèche [Paul Gervais] / Sagoin [Paul Gervais] / Sagou [P. Coulier]
132	0136	Sagou [P. Coulier]
133	0137	Sagou [P. Coulier] / Sagoutier [G. Planchon]
134	0138	Sagoutier [G. Planchon] (bibliographie) / Saguinalis herba [G. Planchon] / Sagus. Voy. Sagoutier
135	0139	Sahara (Géographie médicale) [L. Laveran]
136	0140	Sahara (Géographie médicale) [L. Laveran]
137	0141	Sahara (Géographie médicale) [L. Laveran]
138	0142	Sahara (Géographie médicale) [L. Laveran]
139	0143	Sahara (Géographie médicale) [L. Laveran]
140	0144	Sahara (Géographie médicale) [L. Laveran]
141	0145	Sahara (Géographie médicale) [L. Laveran]
142	0146	Sahara (Géographie médicale) [L. Laveran]
143	0147	Sahara (Géographie médicale) [L. Laveran] (bibliographie) / Sahila (Eau minérale de) [A. Rotureau]
144	0148	Sahila (Eau minérale de) [A. Rotureau] / Sahmen (Gottlieb-Franz-Immanuel) [L. Hahn] (bibliographie) / Saidschütz (Eaux minérales de) [A. Rotureau]
145	0149	Saidschütz (Eaux minérales de) [A. Rotureau] (bibliographie) / Saiffert (André) [L. Hahn] / Saigne ou Sagne (Eau minérale de) [A. Rotureau] / Saignée [Émile Bertin]
146	0150	Saignée [Émile Bertin]
147	0151	Saignée [Émile Bertin]
148	0152	Saignée [Émile Bertin]
149	0153	Saignée [Émile Bertin]
150	0154	Saignée [Émile Bertin]
151	0155	Saignée [Émile Bertin]
152	0156	Saignée [Émile Bertin]
153	0157	Saignée [Émile Bertin]
154	0158	Saignée [Émile Bertin]
155	0159	Saignée [Émile Bertin]
156	0160	Saignée [Émile Bertin]
157	0161	Saignée [Émile Bertin]
158	0162	Saignée [Émile Bertin]
159	0163	Saignée [Émile Bertin]
160	0164	Saignée [Émile Bertin]
161	0165	Saignée [Émile Bertin]
162	0166	Saignée [Émile Bertin]
163	0167	Saignée [Émile Bertin]
164	0168	Saignée [Émile Bertin]
165	0169	Saignée [Émile Bertin]
166	0170	Saignée [Émile Bertin]
167	0171	Saignée [Émile Bertin]
168	0172	Saignée [Émile Bertin]
169	0173	Saignée [Émile Bertin]
170	0174	Saignée [Émile Bertin]
171	0175	Saignée [Émile Bertin]
172	0176	Saignée [Émile Bertin]
173	0177	Saignée [Émile Bertin]
174	0178	Saignée [Émile Bertin]
175	0179	Saignée [Émile Bertin]
176	0180	Saignée [Émile Bertin] (bibliographie)
177	0181	Saignée [Émile Bertin] (bibliographie)
178	0182	Saignée [Émile Bertin] (bibliographie)
179	0183	Saignée [Émile Bertin] (bibliographie) / Sail-les-Chateaumorand ou Sail-les-Bains (Eaux minérales de) [A. Rotureau]
180	0184	Sail-les-Chateaumorand ou Sail-les-Bains (Eaux minérales de) [A. Rotureau]
181	0185	Sail-les-Chateaumorand ou Sail-les-Bains (Eaux minérales de) [A. Rotureau] (bibliographie) / Sail-sous-Couzan (Eaux minérales de) [A. Rotureau]
182	0186	Sail-sous-Couzan (Eaux minérales de) [A. Rotureau]
183	0187	Sail-sous-Couzan (Eaux minérales de) [A. Rotureau] (bibliographie)
184	0188	Sail-sous-Couzan (Eaux minérales de) [A. Rotureau] (bibliographie) / Saillant (Charles-Jacques) [A. Chéreau] / Saïmiri [Paul Gervais] / Sain-bois. Voy. Daphne, Garou / Sainfoin [G. Planchon]
185	0189	Sainfoin [G. Planchon] (bibliographie) / Saint-Alban (Eaux minérales de). Voy. Alban (Saint-) / Saint-Alyre (Eaux minérales de). Voy. Clermont-Ferrand / Saint-Amand (Eaux minérales de). Voy. Amand (Saint-) / Saint-Amand (Biographie). Voy. Amand (Jean de Saint-) / Saint-Amand-Roche-Savine (Eaux minérales de). Voy. Roche-Savine / Saint-André (François de) [A. Chéreau] / Saint-Aubin-sur-Mer (Station marine) [A. Rotureau]
186	0190	Saint-Aubin-sur-Mer (Station marine) [A. Rotureau] / Saint-Aubin (Jean de) [L. Hahn] (bibliographie) / Saint-Barthélemy (Eau minérale de) [A. Rotureau] / Saint-Bonnet (Eaux minérales de). Voy. Bonnet (Saint-) / Saint-Christau (Eaux minérales de). Voy. Christau (Saint-) / Saint-Christophe-en-Brionnais (Eaux minérales de). Voy. Christophe-en-Brionnais (Saint-)
187	0191	Saint-Denys-lez-Blois (Eaux minérales de). Voy. Denys-lez-Blois (Saint-) / Saint-Dié (Eau minérale de). Voy. Dié (Saint-) / Saint-Diéry (Eaux minérales de). Voy. Diéry (Saint-) / Saint-Dizier (Eaux minérales de). Voy. Dizier (Saint-) / Saint-Donat (Eaux minérales de). Voy. Donat (Saint-) / Saint-Félix-des-Pallières (Eaux minérales de). Voy. Félix-des-Pallières (Saint-) / Saint-Floret (Eaux minérales de). Voy. Floret (Saint-) / Saint-Galmier (Eaux minérales de). Voy Galmier (Saint-) / Saint-Georges (Eaux minérales de). Voy. Georges (Saint-) / Saint-Géraud (Eaux minérales de). Voy. Géraud (Saint-) / Saint-Gervais (Eaux minérales de). Voy. Gervais (Saint-) / Saint-Gildas (Station marine). Voy. Gildas (Saint-) / Saint-Hilaire (Geoffroy). Voy. Geoffroy-Saint-Hilaire / Saint-Hillier (Jean-Simon de) [L. Hahn] (bibliographie) / Saint-Hippolyte-d'Enval (Eaux minérales de). Voy. Hippolyte-d'Enval (Saint-) / Saint-Honoré (Eaux minérales de). Voy. Honoré (Saint-) / Saint-Jean-de-Luz (Station marine). Voy. Jean-de-Luz (Saint-) / Saint-Julien (Eaux minérales de). Voy. Julien (Saint-) / Saint-Laurent-les-Bains (Eaux minérales de). Voy. Laurent-les-Bains (Saint-) / Saint-Loubouer (Eaux minérales de). Voy. Loubouer (Saint-) / Saint-Malo (Station marine). Voy. Malo (Saint-) / Saint-Martin-Valmeroux (Eaux minérales de). Voy. Martin-Valmeroux (Saint-) / Saint-Martin (Les) [A. Chéreau]
188	0192	Saint-Martin (Les) [A. Chéreau] (bibliographie) / Saint-Maurice (Eaux minérales de). Voy. Maurice (Saint-) / Saint-Moriz (Eaux minérales de). Voy. Moriz (Saint-) / Saint-Myon (Eaux minérales de). Voy. Myon (Saint-) / Saint-Nectaire (Eaux minérales de). Voy. Nectaire (Saint-) / Saint-Ours (Eaux minérales de). Voy. Ours (Saint-) / Saint-Pair (Station marine). Voy. Pair (Saint-) / Saint-Pardoux (Eaux minérales de). Voy. Pardoux (Saint-) / Saint-Parize (Eaux minérales de). Voy. Parize (Saint-)
189	0193	Saint-Pierre-d'Argenson (Eaux minérales de). Voy. Pierre-d'Argenson (Saint-) / Saint-Priest-la-Roche (Eaux minérales de). Voy. Priest-la-Roche (Saint-) / Saint-Quentin (Eaux minérales de). Voy. Quentin (Saint-) / Saint-Remy-la-Varenne (Eaux minérales de). Voy. Remy-la-Varenne (Saint-) / Saint-Romain-le-Puy (Eaux minérales de). Voy. Romain-le-Puy (Saint-) / Saint-Sauveur (Eaux minérales de). Voy. Sauveur (Saint-) / Saint-Sébastien (Station marine). Voy. Sébastien (Saint-) / Saint-Seine-l'Abbaye (Station hydrothérapique). Voy. Seine-l'Abbaye (Saint-) / Saint-Simon (Eaux minérales de). Voy. Aix-en-Savoie ou Aix-les-Bains / Saint-Thomas (Eaux minérales de). Voy. Thomas (Saint-) / Saint-Ulrich (Eau minérale de) Voy. Ulrich (Saint-) / Saint-Ursin (Marie de) [A. Chéreau] (bibliographie) / Saint-Valery-en-Caux (Station marine). Voy. Valery-en-Caux (Saint-) / Saint-Valery-sur-Somme (Station marine). Voy. Valery-sur-Somme (Saint-) / Saint-Vallier (Eau minérale de). Voy. Vallier (Saint-) / Saint-Vertunien (François de), dit Lavau [L. Hahn]
190	0194	Saint-Vertunien (François de), dit Lavau [L. Hahn] (bibliographie) / Saint-Waast. Voy. Waast / Saint-Yorre (Eau minérale de). Voy. Vichy / Saint-Yves (Charles de) [A. Chéreau]
191	0195	Saint-Yves (Charles de) [A. Chéreau] / Sainte-Adresse (Station marine) [A. Rotureau] / Sainte-Lucie (Écorce de). Voy. Quinquina / Sainte-Magdeleine-de-Flourens (Eau minérale de). Voy. Magdeleine-de-Flourens (Sainte-) / Sainte-Marie (Eaux minérales de). Voy. Marie (Sainte-) / Sainte-Marie (Étienne) [A. Chéreau]
192	0196	Sainte-Marie (Étienne) [A. Chéreau] (bibliographie) / Sainte-Marthe (Gaucher de) / Sainte-Quiterie-de-Tarascon (Eau minérale de) [A. Rotureau]
193	0197	Saisons et Maladies saisonnières [Léon Colin]
194	0198	Saisons et Maladies saisonnières [Léon Colin]
195	0199	Saisons et Maladies saisonnières [Léon Colin]
196	0200	Saisons et Maladies saisonnières [Léon Colin]
197	0201	Saisons et Maladies saisonnières [Léon Colin]
198	0202	Saisons et Maladies saisonnières [Léon Colin]
199	0203	Saisons et Maladies saisonnières [Léon Colin]
200	0204	Saisons et Maladies saisonnières [Léon Colin]
201	0205	Saisons et Maladies saisonnières [Léon Colin]
202	0206	Saisons et Maladies saisonnières [Léon Colin]
203	0207	Saisons et Maladies saisonnières [Léon Colin]
204	0208	Saisons et Maladies saisonnières [Léon Colin]
205	0209	Saisons et Maladies saisonnières [Léon Colin]
206	0210	Saisons et Maladies saisonnières [Léon Colin]
207	0211	Saisons et Maladies saisonnières [Léon Colin]
208	0212	Saisons et Maladies saisonnières [Léon Colin]
209	0213	Saisons et Maladies saisonnières [Léon Colin]
210	0214	Saisons et Maladies saisonnières [Léon Colin]
211	0215	Saisons et Maladies saisonnières [Léon Colin]
212	0216	Saisons et Maladies saisonnières [Léon Colin]
213	0217	Saisons et Maladies saisonnières [Léon Colin]
214	0218	Saisons et Maladies saisonnières [Léon Colin]
215	0219	Saisons et Maladies saisonnières [Léon Colin]
216	0220	Saisons et Maladies saisonnières [Léon Colin]
217	0221	Saisons et Maladies saisonnières [Léon Colin]
218	0222	Saisons et Maladies saisonnières [Léon Colin]
219	0223	Saisons et Maladies saisonnières [Léon Colin]
220	0224	Saisons et Maladies saisonnières [Léon Colin]
221	0225	Saisons et Maladies saisonnières [Léon Colin]
222	0226	Saisons et Maladies saisonnières [Léon Colin]
223	0227	Saisons et Maladies saisonnières [Léon Colin]
224	0228	Saisons et Maladies saisonnières [Léon Colin]
225	0229	Saisons et Maladies saisonnières [Léon Colin]
226	0230	Saisons et Maladies saisonnières [Léon Colin]
227	0231	Saisons et Maladies saisonnières [Léon Colin]
228	0232	Saisons et Maladies saisonnières [Léon Colin]
229	0233	Saisons et Maladies saisonnières [Léon Colin]
230	0234	Saisons et Maladies saisonnières [Léon Colin]
231	0235	Saisons et Maladies saisonnières [Léon Colin]
232	0236	Saisons et Maladies saisonnières [Léon Colin]
233	0237	Saisons et Maladies saisonnières [Léon Colin]
234	0238	Saisons et Maladies saisonnières [Léon Colin]
235	0239	Saisons et Maladies saisonnières [Léon Colin]
236	0240	Saisons et Maladies saisonnières [Léon Colin]
237	0241	Saisons et Maladies saisonnières [Léon Colin]
238	0242	Saisons et Maladies saisonnières [Léon Colin]
239	0243	Saisons et Maladies saisonnières [Léon Colin]
240	0244	Saisons et Maladies saisonnières [Léon Colin]
241	0245	Saisons et Maladies saisonnières [Léon Colin]
242	0246	Saisons et Maladies saisonnières [Léon Colin]
243	0247	Saisons et Maladies saisonnières [Léon Colin]
244	0248	Saisons et Maladies saisonnières [Léon Colin]
245	0249	Saisons et Maladies saisonnières [Léon Colin]
246	0250	Saisons et Maladies saisonnières [Léon Colin]
247	0251	Saisons et Maladies saisonnières [Léon Colin]
248	0252	Saisons et Maladies saisonnières [Léon Colin]
249	0253	Saisons et Maladies saisonnières [Léon Colin]
250	0254	Saisons et Maladies saisonnières [Léon Colin]
251	0255	Saisons et Maladies saisonnières [Léon Colin]
252	0256	Saisons et Maladies saisonnières [Léon Colin]
253	0257	Saisset (Antoine-Laurent-Hippolyte) [A. Chéreau] (bibliographie) / Saissy (Jean-Antoine) [L. Hahn] / Sajou [Paul Gervais] / Sakir [Amédée Dechambre]
254	0258	Sakir [Amédée Dechambre] / Sakis [Paul Gervais] / Sala (Les) [L. Hahn]
255	0259	Sala (Les) [L. Hahn] (bibliographie) / Sala (Eau minérale de) [A. Rotureau]
256	0260	Sala (Eau minérale de) [A. Rotureau] / Salab. Voy. Orchis [G. Planchon] / Salac [G. Planchon] (bibliographie) / Salackal [G. Planchon] / Salade / Botanique [G. Planchon] / Bromatologie [P. Coulier]
257	0261	Salade. Bromatologie [P. Coulier] / Saladin d'Ascoli [E. Beaugrand]
258	0262	Saladin d'Ascoli [E. Beaugrand] / Salah-Bey (Eaux minérales de) [A. Rotureau] / Salaisons. Voy. Conserves alimentaires / Salajet [Amédée Dechambre] / Salamanca (Don Joseph-Marie) [L. Hahn] (bibliographie)
259	0263	Salamanca (Don Joseph-Marie) [L. Hahn] (bibliographie) / Salamandre [Paul Gervais]
260	0264	Salamandre [Paul Gervais]
261	0265	Salamandre [Paul Gervais]
262	0266	Salamandre [Paul Gervais] / Salamandrine [C. Lutz] / Salandus (Les) [A. Dureau]
263	0267	Salandus (Les) [A. Dureau] (bibliographie) / Salangane [Paul Gervais] / Salans (Marais). Voy. Marais, Saline et Saunier
264	0268	Salapang [G. Planchon] (bibliographie) / Salat (Vicente Garcia) [L. Hahn] / Salazar (Tomas) [L. Hahn] / Salces (Eaux minérales de) [A. Rotureau]
265	0269	Salces (Eaux minérales de) [A. Rotureau] / Saldits [G. Planchon] (bibliographie) / Saleich (Eau minérale de) [A. Rotureau] / Saléon (Eau minérale de) [A. Rotureau]
266	0270	Saléon (Eau minérale de) [A. Rotureau] / Salep / Botanique. Voy. Orchis [G. Planchon] / Bromatologie [P. Coulier]
267	0271	Salep. Bromatologie [P. Coulier] / Salerne (École de). Voy. Médecine (Histoire de la) / Salerne (François) [L. Hahn] (bibliographie) / Salernus [E. Beaugrand]
268	0272	Salernus [E. Beaugrand] / Salgues (Jacques-Alexandre) [A. Chéreau] (bibliographie) / Salhydranilide [Amédée Dechambre] / Salicaire [H. Baillon]
269	0273	Salicaire [H. Baillon]
270	0274	Salicaire [H. Baillon] (bibliographie) / Salicastrum [G. Planchon] / Saliceto (Guillaume de) [A. Dureau] / Salicine / Chimie [J. Regnault]
271	0275	Salicine. Chimie [J. Regnault]
272	0276	Salicine. Chimie [J. Regnault] / Emploi médical [Fonssagrives]
273	0277	Salicine. Emploi médical [Fonssagrives]
274	0278	Salicine. Emploi médical [Fonssagrives] / Salicinées [G. Planchon]
275	0279	Salicinées [G. Planchon] (bibliographie) / Salicoques [Amédée Dechambre] / Salicor [G. Planchon] / Salicorne [G. Planchon]
276	0280	Salicorne [G. Planchon] (bibliographie) / Salicylacétique (Acide) [J. Regnault] / Salicylamide [J. Regnault] / Salicylanilide [J. Regnault] / Salicylates / Chimie [Malaguti]
277	0281	Salicylates. Chimie [Malaguti]
278	0282	Salicylates / Emploi médical. Voy. Salicylique / Salicyle (Hydrure de) [J. Regnault] / Salicylique (Acide) / Chimie [Malaguti]
279	0283	Salicylique (Acide). Chimie [Malaguti] / Thérapeutique [Albert Hénocque]
280	0284	Salicylique (Acide). Thérapeutique [Albert Hénocque]
281	0285	Salicylique (Acide). Thérapeutique [Albert Hénocque]
282	0286	Salicylique (Acide). Thérapeutique [Albert Hénocque]
283	0287	Salicylique (Acide). Thérapeutique [Albert Hénocque]
284	0288	Salicylique (Acide). Thérapeutique [Albert Hénocque]
285	0289	Salicylique (Acide). Thérapeutique [Albert Hénocque]
286	0290	Salicylique (Acide). Thérapeutique [Albert Hénocque]
287	0291	Salicylique (Acide). Thérapeutique [Albert Hénocque]
288	0292	Salicylique (Acide). Thérapeutique [Albert Hénocque]
289	0293	Salicylique (Acide). Thérapeutique [Albert Hénocque]
290	0294	Salicylique (Acide). Thérapeutique [Albert Hénocque]
291	0295	Salicylique (Acide). Thérapeutique [Albert Hénocque]
292	0296	Salicylique (Acide). Thérapeutique [Albert Hénocque]
293	0297	Salicylique (Acide). Thérapeutique [Albert Hénocque]
294	0298	Salicylique (Acide). Thérapeutique [Albert Hénocque]
295	0299	Salicylique (Acide). Thérapeutique [Albert Hénocque]
296	0300	Salicylique (Acide). Thérapeutique [Albert Hénocque]
297	0301	Salicylique (Acide). Thérapeutique [Albert Hénocque]
298	0302	Salicylique (Acide). Thérapeutique [Albert Hénocque]
299	0303	Salicylique (Acide). Thérapeutique [Albert Hénocque]
300	0304	Salicylique (Acide). Thérapeutique [Albert Hénocque]
301	0305	Salicylique (Acide). Thérapeutique [Albert Hénocque]
302	0306	Salicylique (Acide). Thérapeutique [Albert Hénocque]
303	0307	Salicylique (Acide). Thérapeutique [Albert Hénocque]
304	0308	Salicylique (Acide). Thérapeutique [Albert Hénocque]
305	0309	Salicylique (Acide). Thérapeutique [Albert Hénocque]
306	0310	Salicylique (Acide). Thérapeutique [Albert Hénocque]
307	0311	Salicylique (Acide). Thérapeutique [Albert Hénocque]
308	0312	Salicylique (Acide). Thérapeutique [Albert Hénocque]
309	0313	Salicylique (Acide). Thérapeutique [Albert Hénocque]
310	0314	Salicylique (Acide). Thérapeutique [Albert Hénocque]
311	0315	Salicylique (Acide). Thérapeutique [Albert Hénocque]
312	0316	Salicylique (Acide). Thérapeutique [Albert Hénocque]
313	0317	Salicylique (Acide). Thérapeutique [Albert Hénocque] (bibliographie)
314	0318	Salicylique (Acide). Thérapeutique [Albert Hénocque] (bibliographie)
315	0319	Salicylique (Acide). Thérapeutique [Albert Hénocque] (bibliographie)
316	0320	Salicylique (Acide). Thérapeutique [Albert Hénocque] (bibliographie) / Salicylique (Éther). Voy. Éthers / Salicylonitrile [J. Regnault] / Salicylures [J. Regnault]
317	0321	Salicylures [J. Regnault] / Salicylurique (Acide) [Malaguti] / Salicynanilide [Amédée Dechambre] / Salies (Eaux minérales de) [A. Rotureau]
318	0322	Salies (Eaux minérales de) [A. Rotureau] (bibliographie) / Salies-de-Béarn (Eau minérale de) [A. Rotureau]
319	0323	Salies-de-Béarn (Eau minérale de) [A. Rotureau]
320	0324	Salies-de-Béarn (Eau minérale de) [A. Rotureau]
321	0325	Salies-de-Béarn (Eau minérale de) [A. Rotureau]
322	0326	Salies-de-Béarn (Eau minérale de) [A. Rotureau]
323	0327	Salies-de-Béarn (Eau minérale de) [A. Rotureau] (bibliographie) / Saligénine [J. Regnault] / Saligos (Eau minérale de) [A. Rotureau]
324	0328	Saligos (Eau minérale de) [A. Rotureau] / Salines [E. Vallin]
325	0329	Salines [E. Vallin]
326	0330	Salines [E. Vallin]
327	0331	Salines [E. Vallin]
328	0332	Salines [E. Vallin]
329	0333	Salines [E. Vallin]
330	0334	Salines [E. Vallin]
331	0335	Salines [E. Vallin]
332	0336	Salines [E. Vallin] (bibliographie)
333	0337	Salines [E. Vallin] (bibliographie) / Salins (Eaux minérales de) [A. Rotureau]
334	0338	Salins (Eaux minérales de) [A. Rotureau]
335	0339	Salins (Eaux minérales de) [A. Rotureau]
336	0340	Salins (Eaux minérales de) [A. Rotureau]
337	0341	Salins (Eaux minérales de) [A. Rotureau]
338	0342	Salins (Eaux minérales de) [A. Rotureau] (bibliographie) / Salins (Eau minérale de) [A. Rotureau]
339	0343	Salins (Eau minérale de) [A. Rotureau]
340	0344	Salins (Eau minérale de) [A. Rotureau]
341	0345	Salins (Eau minérale de) [A. Rotureau] (bibliographie) / Salins (Les de) [A. Chéreau]
342	0346	Salins (Les de) [A. Chéreau]
343	0347	Salins (Les de) [A. Chéreau] (bibliographie) / Salirétine [J. Regnault] / Saliunca [G. Planchon] / Salivaire. Voy. Pirèthre
344	0348	Salivaires (Glandes) et Salive [Villemin]
345	0349	Salivaires (Glandes) et Salive [Villemin]
346	0350	Salivaires (Glandes) et Salive [Villemin]
347	0351	Salivaires (Glandes) et Salive [Villemin]
348	0352	Salivaires (Glandes) et Salive [Villemin]
349	0353	Salivaires (Glandes) et Salive [Villemin]
350	0354	Salivaires (Glandes) et Salive [Villemin]
351	0355	Salivaires (Glandes) et Salive [Villemin]
352	0356	Salivaires (Glandes) et Salive [Villemin]
353	0357	Salivaires (Glandes) et Salive [Villemin]
354	0358	Salivaires (Glandes) et Salive [Villemin]
355	0359	Salivaires (Glandes) et Salive [Villemin]
356	0360	Salivaires (Glandes) et Salive [Villemin]
357	0361	Salivaires (Glandes) et Salive [Villemin]
358	0362	Salivaires (Glandes) et Salive [Villemin]
359	0363	Salivaires (Glandes) et Salive [Villemin]
360	0364	Salivaires (Glandes) et Salive [Villemin]
361	0365	Salivaires (Glandes) et Salive [Villemin]
362	0366	Salivaires (Glandes) et Salive [Villemin]
363	0367	Salivaires (Glandes) et Salive [Villemin]
364	0368	Salivaires (Glandes) et Salive [Villemin]
365	0369	Salivaires (Glandes) et Salive [Villemin]
366	0370	Salivaires (Glandes) et Salive [Villemin]
367	0371	Salivaires (Glandes) et Salive [Villemin]
368	0372	Salivaires (Glandes) et Salive [Villemin]
369	0373	Salivaires (Glandes) et Salive [Villemin]
370	0374	Salivaires (Glandes) et Salive [Villemin]
371	0375	Salivaires (Glandes) et Salive [Villemin]
372	0376	Salivaires (Glandes) et Salive [Villemin]
373	0377	Salivaires (Glandes) et Salive [Villemin]
374	0378	Salivaires (Glandes) et Salive [Villemin] (bibliographie) / Salivalis. Voy. Impératoire / Salivation. Voy. Salivaires (Glandes) / Salive. Voy. Salivaires (Glandes) / Salix. Voy. Saule / Sallaba (Matthias von) [L. Hahn]
375	0379	Sallaba (Matthias von) [L. Hahn] (bibliographie) / Salle (Eusèbe-François de) [A. Dureau] / Salles (Eau minérale de) [A. Rotureau] / Sallwuerk (Franz-Xaver von) [L. Hahn]
376	0380	Sallwuerk (Franz-Xaver von) [L. Hahn] (bibliographie) / Salmade (M. A.) [A. Chéreau] / Salmon (Urbain-Pierre) [A. Chéreau] / Salmon (Frederick) [L. Hahn]
377	0381	Salmon (Frederick) [L. Hahn] (bibliographie) / Salmonidés [H. Gervais]
378	0382	Salmonidés [H. Gervais]
379	0383	Salmonidés [H. Gervais] / Salmuth (Les) [L. Hahn]
380	0384	Salmuth (Les) [L. Hahn] (bibliographie) / Salomon (Iles de). Voy. Mélanésie / Salomon. (Les) [L. Hahn]
381	0385	Salomon. (Les) [L. Hahn] (bibliographie) / Salomonis Sigillum. Voy. Convallaire / Salpêtre (Sel de pierre) [Amédée Dechambre] / Salpêtriers (Hygiène industrielle) [Alexandre Layet]
382	0386	Salpêtriers (Hygiène industrielle) [Alexandre Layet]
383	0387	Salpêtriers (Hygiène industrielle) [Alexandre Layet] / Salsa de Praya [G. Planchon]
384	0388	Salsa de Praya [G. Planchon] (bibliographie) / Salsedine. Voy. Pellagre / Salsepareille / Botanique [G. Planchon]
385	0389	Salsepareille. Botanique [G. Planchon]
386	0390	Salsepareille. Botanique [G. Planchon]
387	0391	Salsepareille. Botanique [G. Planchon]
388	0392	Salsepareille. Botanique [G. Planchon]
389	0393	Salsepareille. Botanique [G. Planchon]
390	0394	Salsepareille. Botanique [G. Planchon] (bibliographie) / Matière médicale [G. Planchon]
391	0395	Salsepareille. Matière médicale [G. Planchon]
392	0396	Salsepareille. Matière médicale [G. Planchon]
393	0397	Salsepareille. Matière médicale [G. Planchon]
394	0398	Salsepareille. Matière médicale [G. Planchon]
395	0399	Salsepareille. Matière médicale [G. Planchon]
396	0400	Salsepareille. Matière médicale [G. Planchon]
397	0401	Salsepareille. Matière médicale [G. Planchon]
398	0402	Salsepareille. Matière médicale [G. Planchon]
399	0403	Salsepareille. Matière médicale [G. Planchon]
400	0404	Salsepareille. Matière médicale [G. Planchon]
401	0405	Salsepareille. Matière médicale [G. Planchon]
402	0406	Salsepareille. Matière médicale [G. Planchon]
403	0407	Salsepareille. Matière médicale [G. Planchon]
404	0408	Salsepareille. Matière médicale [G. Planchon]
405	0409	Salsepareille. Matière médicale [G. Planchon] (bibliographie)
406	0410	Salsepareille. Matière médicale [G. Planchon] (bibliographie) / Emploi médical [Fonssagrives]
407	0411	Salsepareille. Emploi médical [Fonssagrives]
408	0412	Salsepareille. Emploi médical [Fonssagrives]
409	0413	Salsepareille. Emploi médical [Fonssagrives]
410	0414	Salseparine / Chimie [J. Regnault] / Emploi médical [Amédée Dechambre] / Salsifis / Botanique [H. Baillon]
411	0415	Salsifis. Botanique [H. Baillon] / Emploi [Amédée Dechambre] / Salsola. Voy. Soude / Salsolacées. Voy. Chénopodées / Salt-en-Douzy (Eau minérale de) [A. Rotureau] / Salter (Les deux) [L. Hahn] (bibliographie)
412	0416	Salter (Les deux) [L. Hahn] (bibliographie)
413	0417	Salter (Les deux) [L. Hahn] / Saltz (Eaux minérales). Voy. Salz / Saltzbronn. Voy. Salzbronn / Saltzbrunn. Voy. Salzbrunn / Saltzhausen. Voy. Salzhausen / Saltzmann. Voy. Salzmann / Saltzungen. Voy. Salzungen / Salubrité [Amédée Dechambre]
414	0418	Salubrité [Amédée Dechambre] / Salva y Campillo (Francisco) [L. Hahn] (bibliographie)
415	0419	Salva y Campillo (Francisco) [L. Hahn] (bibliographie) / Salvador (San). Voy. Centre-Amérique / Salvadora [H. Baillon]
416	0420	Salvadora [H. Baillon] (bibliographie) / Salvage (Jean-Galbert) [L. Hahn]
417	0421	Salvage (Jean-Galbert) [L. Hahn] (bibliographie) / Salvatelle (Veine). Voy. Main [D.] / Salvia. Voy. Sauge / Salvia Vitae [G. Planchon] / Salviani (Les deux) [A. Chéreau] / Salvus Sclanus [L. Hahn] / Salylique (Acide) [J. Regnault] / Salz (Eau minérale de) [A. Rotureau]
418	0422	Salz (Eau minérale de) [A. Rotureau] (bibliographie)
419	0423	Salzbronn (Eaux minérales de) [A. Rotureau]
420	0424	Salzbronn (Eaux minérales de) [A. Rotureau]
421	0425	Salzbronn (Eaux minérales de) [A. Rotureau] (bibliographie) / Salzbrunn (Eaux minérales et cures de petit-lait de) [A. Rotureau]
422	0426	Salzbrunn (Eaux minérales et cures de petit-lait de) [A. Rotureau] (bibliographie) / Salzhausen (Eau minérale de) [A. Rotureau]
423	0427	Salzhausen (Eau minérale de) [A. Rotureau] (bibliographie) / Salzmann (Les deux) [L. Hahn]
424	0428	Salzmann (Les deux) [L. Hahn] (bibliographie) / Salzungen (Eaux minérales et cures de petit-lait de) [A. Rotureau]
425	0429	Salzungen (Eaux minérales et cures de petit-lait de) [A. Rotureau]
426	0430	Salzungen (Eaux minérales et cures de petit-lait de) [A. Rotureau] (bibliographie) / Samaderine [J. Regnault] / Samandura [G. Planchon] / Samara [G. Planchon] / Sambac. Voy. Mogori [G. Planchon] / Sambarana [G. Planchon] / Sambaya [G. Planchon] / Sambola, Sambula. Voy. Sumbul / Sambos (Les). Voy. Centre-Amérique / Sambouc [G. Planchon] / Sambresnobar [G. Planchon] / Sambuc, Sambucus. Voy. Sureau
427	0431	Sambucine [J. Regnault] / Sambucus ou Sambuc (Jean) [L. Hahn] (bibliographie) / Samel (Johann-Carl-Éduard) [L. Hahn]
428	0432	Samel (Johann-Carl-Éduard) [L. Hahn] (bibliographie) / Sameno [G. Planchon] / Sammhammer (Carl-Heinrich-Franz) [L. Hahn] / Sammonicus (Quintus-Serenus) [L. Hahn] / Samoilowitz [A. Dureau]
429	0433	Samoilowitz [A. Dureau] (bibliographie) / Samoloide [G. Planchon] / Samolus [H. Baillon]
430	0434	Samolus [H. Baillon] (bibliographie) / Samoyèdes. Voy. Asie et Sibérie / Sampacca [G. Planchon] / Sampang [G. Planchon] / Samponts (Les deux) [L. Hahn]
431	0435	Samponts (Les deux) [L. Hahn] (bibliographie) / Sampsuchon, Sampsuchus, Sampsucus [G. Planchon] / Samucus (Les). Voy. Amérique / Samutra Pullum [G. Planchon] / Samyda [H. Baillon] / San Antonio de Guagno (Eaux minérales de). Voy. Guagno / San Giuliano (Eaux minérales de). Voy. Giuliano / Sanamunda [G. Planchon]
432	0436	Sanamunda [G. Planchon] (bibliographie) / Sancassani (Denis-André) [A. Dureau] / Sanchez (Les) [A. Chéreau]
433	0437	Sanchez (Les) [A. Chéreau] (bibliographie) / Sanctorius (Sanctorius), Santorio (Santorio) [A. Chéreau]
434	0438	Sanctorius (Sanctorius), Santorio (Santorio) [A. Chéreau] (bibliographie) / Sanctum Lignum. Voy. Gayac / Sandabour [G. Planchon]
435	0439	Sandal. Voy. Santal / Sandaraque [A. Vidau] / Sandaraque d'Allemagne [G. Planchon] / Sandelin (Filip) [A. Dureau] (bibliographie)
436	0440	Sanden (Les) [L. Hahn] (bibliographie)
437	0441	Sanden (Les) [L. Hahn] (bibliographie) / Sander (Les) [L. Hahn]
438	0442	Sander (Les) [L. Hahn] (bibliographie)
439	0443	Sander (Les) [L. Hahn] (bibliographie) / Sanders (James) [L. Hahn] / Sanders ou Sanderus (Jean) [L. Hahn] / Sandifort (Edouard) [A. Dureau]
440	0444	Sandifort (Edouard) [A. Dureau] (bibliographie) / Sandix ou Sandyx [G. Planchon] / Sandmark (Gudinund) [L. Hahn] / Sandoricum [H. Baillon]
441	0445	Sandoricum [H. Baillon] (bibliographie) / Sandras (Claude-Marie-Stanislas) [A. Chéreau]
442	0446	Sandras (Claude-Marie-Stanislas) [A. Chéreau] (bibliographie) / Sandri (Jacques) [L. Hahn] / Sandwich (Iles). Voy. Polynésie / Sandwith (Les) [L. Hahn]
443	0447	Sandwith (Les) [L. Hahn] (bibliographie) / Sang / Anatomie et physiologie [G. Carlet]
444	0448	Sang. Anatomie et physiologie [G. Carlet]
445	0449	Sang. Anatomie et physiologie [G. Carlet]
446	0450	Sang. Anatomie et physiologie [G. Carlet]
447	0451	Sang. Anatomie et physiologie [G. Carlet]
448	0452	Sang. Anatomie et physiologie [G. Carlet]
449	0453	Sang. Anatomie et physiologie [G. Carlet]
450	0454	Sang. Anatomie et physiologie [G. Carlet]
451	0455	Sang. Anatomie et physiologie [G. Carlet]
452	0456	Sang. Anatomie et physiologie [G. Carlet]
453	0457	Sang. Anatomie et physiologie [G. Carlet]
454	0458	Sang. Anatomie et physiologie [G. Carlet]
455	0459	Sang. Anatomie et physiologie [G. Carlet]
456	0460	Sang. Anatomie et physiologie [G. Carlet]
457	0461	Sang. Anatomie et physiologie [G. Carlet]
458	0462	Sang. Anatomie et physiologie [G. Carlet]
459	0463	Sang. Anatomie et physiologie [G. Carlet]
460	0464	Sang. Anatomie et physiologie [G. Carlet]
461	0465	Sang. Anatomie et physiologie [G. Carlet] / Caractères physico-chimiques [Duclaux]
462	0466	Sang. Caractères physico-chimiques [Duclaux]
463	0467	Sang. Caractères physico-chimiques [Duclaux]
464	0468	Sang. Caractères physico-chimiques [Duclaux]
465	0469	Sang. Caractères physico-chimiques [Duclaux]
466	0470	Sang. Caractères physico-chimiques [Duclaux]
467	0471	Sang. Caractères physico-chimiques [Duclaux]
468	0472	Sang. Caractères physico-chimiques [Duclaux]
469	0473	Sang. Caractères physico-chimiques [Duclaux]
470	0474	Sang. Caractères physico-chimiques [Duclaux]
471	0475	Sang. Caractères physico-chimiques [Duclaux]
472	0476	Sang. Caractères physico-chimiques [Duclaux]
473	0477	Sang. Caractères physico-chimiques [Duclaux]
474	0478	Sang. Caractères physico-chimiques [Duclaux]
475	0479	Sang. Caractères physico-chimiques [Duclaux]
476	0480	Sang. Caractères physico-chimiques [Duclaux]
477	0481	Sang. Caractères physico-chimiques [Duclaux]
478	0482	Sang. Caractères physico-chimiques [Duclaux]
479	0483	Sang. Caractères physico-chimiques [Duclaux]
480	0484	Sang. Caractères physico-chimiques [Duclaux]
481	0485	Sang. Caractères physico-chimiques [Duclaux]
482	0486	Sang. Caractères physico-chimiques [Duclaux]
483	0487	Sang. Caractères physico-chimiques [Duclaux]
484	0488	Sang. Caractères physico-chimiques [Duclaux]
485	0489	Sang. Caractères physico-chimiques [Duclaux]
486	0490	Sang. Caractères physico-chimiques [Duclaux]
487	0491	Sang. Caractères physico-chimiques [Duclaux]
488	0492	Sang. Caractères physico-chimiques [Duclaux]
489	0493	Sang. Caractères physico-chimiques [Duclaux]
490	0494	Sang. Caractères physico-chimiques [Duclaux]
491	0495	Sang. Caractères physico-chimiques [Duclaux]
492	0496	Sang. Caractères physico-chimiques [Duclaux]
493	0497	Sang. Caractères physico-chimiques [Duclaux]
494	0498	Sang. Caractères physico-chimiques [Duclaux]
495	0499	Sang. Caractères physico-chimiques [Duclaux]
496	0500	Sang. Caractères physico-chimiques [Duclaux]
497	0501	Sang. Caractères physico-chimiques [Duclaux]
498	0502	Sang. Caractères physico-chimiques [Duclaux]
499	0503	Sang. Caractères physico-chimiques [Duclaux]
500	0504	Sang. Caractères physico-chimiques [Duclaux]
501	0505	Sang. Caractères physico-chimiques [Duclaux] / Pathologie générale [A. Gubler, J. Renaut]
502	0506	Sang. Pathologie générale [A. Gubler, J. Renaut]
503	0507	Sang. Pathologie générale [A. Gubler, J. Renaut]
504	0508	Sang. Pathologie générale [A. Gubler, J. Renaut]
505	0509	Sang. Pathologie générale [A. Gubler, J. Renaut]
506	0510	Sang. Pathologie générale [A. Gubler, J. Renaut]
507	0511	Sang. Pathologie générale [A. Gubler, J. Renaut]
508	0512	Sang. Pathologie générale [A. Gubler, J. Renaut]
509	0513	Sang. Pathologie générale [A. Gubler, J. Renaut]
510	0514	Sang. Pathologie générale [A. Gubler, J. Renaut]
511	0515	Sang. Pathologie générale [A. Gubler, J. Renaut]
512	0516	Sang. Pathologie générale [A. Gubler, J. Renaut]
513	0517	Sang. Pathologie générale [A. Gubler, J. Renaut]
514	0518	Sang. Pathologie générale [A. Gubler, J. Renaut]
515	0519	Sang. Pathologie générale [A. Gubler, J. Renaut]
516	0520	Sang. Pathologie générale [A. Gubler, J. Renaut]
517	0521	Sang. Pathologie générale [A. Gubler, J. Renaut]
518	0522	Sang. Pathologie générale [A. Gubler, J. Renaut]
519	0523	Sang. Pathologie générale [A. Gubler, J. Renaut]
520	0524	Sang. Pathologie générale [A. Gubler, J. Renaut]
521	0525	Sang. Pathologie générale [A. Gubler, J. Renaut]
522	0526	Sang. Pathologie générale [A. Gubler, J. Renaut]
523	0527	Sang. Pathologie générale [A. Gubler, J. Renaut]
524	0528	Sang. Pathologie générale [A. Gubler, J. Renaut]
525	0529	Sang. Pathologie générale [A. Gubler, J. Renaut]
526	0530	Sang. Pathologie générale [A. Gubler, J. Renaut]
527	0531	Sang. Pathologie générale [A. Gubler, J. Renaut]
528	0532	Sang. Pathologie générale [A. Gubler, J. Renaut]
529	0533	Sang. Pathologie générale [A. Gubler, J. Renaut]
530	0534	Sang. Pathologie générale [A. Gubler, J. Renaut]
531	0535	Sang. Pathologie générale [A. Gubler, J. Renaut]
532	0536	Sang. Pathologie générale [A. Gubler, J. Renaut]
533	0537	Sang. Pathologie générale [A. Gubler, J. Renaut]
534	0538	Sang. Pathologie générale [A. Gubler, J. Renaut]
535	0539	Sang. Pathologie générale [A. Gubler, J. Renaut]
536	0540	Sang. Pathologie générale [A. Gubler, J. Renaut]
537	0541	Sang. Pathologie générale [A. Gubler, J. Renaut]
538	0542	Sang. Pathologie générale [A. Gubler, J. Renaut]
539	0543	Sang. Pathologie générale [A. Gubler, J. Renaut]
540	0544	Sang. Pathologie générale [A. Gubler, J. Renaut]
541	0545	Sang. Pathologie générale [A. Gubler, J. Renaut]
542	0546	Sang. Pathologie générale [A. Gubler, J. Renaut]
543	0547	Sang. Pathologie générale [A. Gubler, J. Renaut]
544	0548	Sang. Pathologie générale [A. Gubler, J. Renaut]
545	0549	Sang. Pathologie générale [A. Gubler, J. Renaut]
546	0550	Sang. Pathologie générale [A. Gubler, J. Renaut]
547	0551	Sang. Pathologie générale [A. Gubler, J. Renaut]
548	0552	Sang. Pathologie générale [A. Gubler, J. Renaut]
549	0553	Sang. Pathologie générale [A. Gubler, J. Renaut]
550	0554	Sang. Pathologie générale [A. Gubler, J. Renaut]
551	0555	Sang. Pathologie générale [A. Gubler, J. Renaut]
552	0556	Sang. Pathologie générale [A. Gubler, J. Renaut]
553	0557	Sang. Pathologie générale [A. Gubler, J. Renaut]
554	0558	Sang. Pathologie générale [A. Gubler, J. Renaut]
555	0559	Sang. Pathologie générale [A. Gubler, J. Renaut]
556	0560	Sang. Pathologie générale [A. Gubler, J. Renaut]
557	0561	Sang. Pathologie générale [A. Gubler, J. Renaut]
558	0562	Sang. Pathologie générale [A. Gubler, J. Renaut]
559	0563	Sang. Pathologie générale [A. Gubler, J. Renaut]
560	0564	Sang. Pathologie générale [A. Gubler, J. Renaut]
561	0565	Sang. Pathologie générale [A. Gubler, J. Renaut]
562	0566	Sang. Pathologie générale [A. Gubler, J. Renaut]
563	0567	Sang. Pathologie générale [A. Gubler, J. Renaut]
564	0568	Sang. Pathologie générale [A. Gubler, J. Renaut]
565	0569	Sang. Pathologie générale [A. Gubler, J. Renaut]
566	0570	Sang. Pathologie générale [A. Gubler, J. Renaut]
567	0571	Sang. Pathologie générale [A. Gubler, J. Renaut]
568	0572	Sang. Pathologie générale [A. Gubler, J. Renaut]
569	0573	Sang. Pathologie générale [A. Gubler, J. Renaut]
570	0574	Sang. Pathologie générale [A. Gubler, J. Renaut]
571	0575	Sang. Pathologie générale [A. Gubler, J. Renaut]
572	0576	Sang. Pathologie générale [A. Gubler, J. Renaut]
573	0577	Sang. Pathologie générale [A. Gubler, J. Renaut]
574	0578	Sang. Pathologie générale [A. Gubler, J. Renaut]
575	0579	Sang. Pathologie générale [A. Gubler, J. Renaut]
576	0580	Sang. Pathologie générale [A. Gubler, J. Renaut]
577	0581	Sang. Pathologie générale [A. Gubler, J. Renaut]
578	0582	Sang. Pathologie générale [A. Gubler, J. Renaut]
579	0583	Sang. Pathologie générale [A. Gubler, J. Renaut]
580	0584	Sang. Pathologie générale [A. Gubler, J. Renaut]
581	0585	Sang. Pathologie générale [A. Gubler, J. Renaut]
582	0586	Sang. Pathologie générale [A. Gubler, J. Renaut]
583	0587	Sang. Pathologie générale [A. Gubler, J. Renaut]
584	0588	Sang. Pathologie générale [A. Gubler, J. Renaut]
585	0589	Sang. Pathologie générale [A. Gubler, J. Renaut]
586	0590	Sang. Pathologie générale [A. Gubler, J. Renaut]
587	0591	Sang. Pathologie générale [A. Gubler, J. Renaut]
588	0592	Sang. Pathologie générale [A. Gubler, J. Renaut]
589	0593	Sang. Pathologie générale [A. Gubler, J. Renaut]
590	0594	Sang. Pathologie générale [A. Gubler, J. Renaut]
591	0595	Sang. Pathologie générale [A. Gubler, J. Renaut] (bibliographie) [L. Hahn]
592	0596	Sang. Pathologie générale. (bibliographie) [L. Hahn]
593	0597	Sang. Pathologie générale. (bibliographie) [L. Hahn]
594	0598	Sang. Pathologie générale. (bibliographie) [L. Hahn]
595	0599	Sang. Pathologie générale. (bibliographie) [L. Hahn]
596	0600	Sang. Pathologie générale. (bibliographie) [L. Hahn]
597	0601	Sang. Pathologie générale. (bibliographie) [L. Hahn]
598	0602	Sang. Pathologie générale. (bibliographie) [L. Hahn]
599	0603	Sang. Pathologie générale. (bibliographie) [L. Hahn]
600	0604	Sang. Pathologie générale. (bibliographie) [L. Hahn]
601	0605	Sang. Pathologie générale. (bibliographie) [L. Hahn]
602	0606	Sang. Pathologie générale. (bibliographie) [L. Hahn]
603	0607	Sang. Pathologie générale. (bibliographie) [L. Hahn]
604	0608	Sang. Pathologie générale. (bibliographie) [L. Hahn]
605	0609	Sang. Pathologie générale. (bibliographie) [L. Hahn]
606	0610	Sang. Pathologie générale. (bibliographie) [L. Hahn]
607	0611	Sang. Pathologie générale. (bibliographie) [L. Hahn]
608	0612	Sang. Pathologie générale (bibliographie) [L. Hahn] / Médecine légale [G. Tourdes]
609	0613	Sang. Médecine légale [G. Tourdes]
610	0614	Sang. Médecine légale [G. Tourdes]
611	0615	Sang. Médecine légale [G. Tourdes]
612	0616	Sang. Médecine légale [G. Tourdes]
613	0617	Sang. Médecine légale [G. Tourdes]
614	0618	Sang. Médecine légale [G. Tourdes]
615	0619	Sang. Médecine légale [G. Tourdes]
616	0620	Sang. Médecine légale [G. Tourdes]
617	0621	Sang. Médecine légale [G. Tourdes]
618	0622	Sang. Médecine légale [G. Tourdes]
619	0623	Sang. Médecine légale [G. Tourdes]
620	0624	Sang. Médecine légale [G. Tourdes]
621	0625	Sang. Médecine légale [G. Tourdes]
622	0626	Sang. Médecine légale [G. Tourdes]
623	0627	Sang. Médecine légale [G. Tourdes]
624	0628	Sang. Médecine légale [G. Tourdes]
625	0629	Sang. Médecine légale [G. Tourdes]
626	0630	Sang. Médecine légale [G. Tourdes]
627	0631	Sang. Médecine légale [G. Tourdes]
628	0632	Sang. Médecine légale [G. Tourdes]
629	0633	Sang. Médecine légale [G. Tourdes]
630	0634	Sang. Médecine légale [G. Tourdes]
631	0635	Sang. Médecine légale [G. Tourdes]
632	0636	Sang. Médecine légale [G. Tourdes]
633	0637	Sang. Médecine légale [G. Tourdes]
634	0638	Sang. Médecine légale [G. Tourdes]
635	0639	Sang. Médecine légale [G. Tourdes]
636	0640	Sang. Médecine légale [G. Tourdes]
637	0641	Sang. Médecine légale [G. Tourdes]
638	0642	Sang. Médecine légale [G. Tourdes]
639	0643	Sang. Médecine légale [G. Tourdes]
640	0644	Sang. Médecine légale [G. Tourdes]
641	0645	Sang. Médecine légale [G. Tourdes]
642	0646	Sang. Médecine légale [G. Tourdes]
643	0647	Sang. Médecine légale [G. Tourdes]
644	0648	Sang. Médecine légale [G. Tourdes]
645	0649	Sang. Médecine légale [G. Tourdes]
646	0650	Sang. Médecine légale [G. Tourdes]
647	0651	Sang. Médecine légale [G. Tourdes]
648	0652	Sang. Médecine légale [G. Tourdes]
649	0653	Sang. Médecine légale [G. Tourdes]
650	0654	Sang. Médecine légale [G. Tourdes]
651	0655	Sang. Médecine légale [G. Tourdes]
652	0656	Sang. Médecine légale [G. Tourdes]
653	0657	Sang. Médecine légale [G. Tourdes]
654	0658	Sang. Médecine légale [G. Tourdes]
655	0659	Sang. Médecine légale [G. Tourdes] (bibliographie)
656	0660	Sang. Médecine légale [G. Tourdes] (bibliographie) / Sanga [G. Planchon] / Sangauli [G. Planchon] / Sang-Dragon [A. Vidau]
657	0661	Sang-Dragon [A. Vidau]
658	0662	Sang-Dragon [A. Vidau] / Sanghia [G. Planchon] / Sangins [G. Planchon] / Sanglier (Sus) / Zoologie [Paul Gervais]
659	0663	Sanglier (Sus). Zoologie [Paul Gervais]
660	0664	Sanglier (Sus). Zoologie [Paul Gervais] / Bromatologie [Amédée Dechambre] / Sanglot [Amédée Dechambre] / Sangsorbe. Voy. Sanguisorbe / Sangsue / Zoologie [G. Carlet]
661	0665	Sangsue. Zoologie [G. Carlet]
662	0666	Sangsue. Zoologie [G. Carlet]
663	0667	Sangsue. Zoologie [G. Carlet]
664	0668	Sangsue. Zoologie [G. Carlet]
665	0669	Sangsue. Zoologie [G. Carlet]
666	0670	Sangsue. Zoologie [G. Carlet]
667	0671	Sangsue. Zoologie [G. Carlet] / Emploi médical [Émile Bertin]
668	0672	Sangsue. Emploi médical [Émile Bertin]
669	0673	Sangsue. Emploi médical [Émile Bertin]
670	0674	Sangsue. Emploi médical [Émile Bertin]
671	0675	Sangsue. Emploi médical [Émile Bertin]
672	0676	Sangsue. Emploi médical [Émile Bertin]
673	0677	Sangsue. Emploi médical [Émile Bertin]
674	0678	Sangsue. Emploi médical [Émile Bertin]
675	0679	Sangsue. Emploi médical [Émile Bertin]
676	0680	Sangsue. Emploi médical [Émile Bertin]
677	0681	Sangsue. Emploi médical [Émile Bertin]
678	0682	Sangsue. Emploi médical [Émile Bertin]
679	0683	Sangsue. Emploi médical [Émile Bertin]
680	0684	Sangsue. Emploi médical [Émile Bertin] (bibliographie)
681	0685	Sangsue. Emploi médical [Émile Bertin] (bibliographie) / Sangsues artificielles. Voy. Ventouses / Sanguenie, Sanguenita [G. Planchon] / Sanguinaire / Botanique [H. Baillon]
682	0686	Sanguinaire. Botanique [H. Baillon] (bibliographie) / Emploi médical [A. Bordier]
683	0687	Sanguinaire. Emploi médical [A. Bordier]
684	0688	Sanguinaire. Emploi médical [A. Bordier] (bibliographie) / Sanguinarine [Malaguti]
685	0689	Sanguinarine [Malaguti] / Sanguins (Vaisseaux). Voy. Artères, Veines, Capillaires / Sanguisorbe [H. Baillon]
686	0690	Sanguisorbe [H. Baillon]
687	0691	Sanguisorbe [H. Baillon] (bibliographie) / Sanicle [G. Planchon]
688	0692	Sanicle [G. Planchon] (bibliographie) / Sanie [Amédée Dechambre] / Sanitaires (Mesures et Police) [Amédée Dechambre]
689	0693	Sanitaires (Mesures et Police) [Amédée Dechambre] / Sanseviera [G. Planchon] (bibliographie) / Sanson (Les deux frères) [A. Chéreau]
690	0694	Sanson (Les deux frères) [A. Chéreau] (bibliographie)
691	0695	Sanson (Les deux frères) [A. Chéreau] (bibliographie) / Sant. Voy. Acacia [G. Planchon] / Santa agueda (Eaux minérales de). Voy. Agueda / Santa-Cruz (Les deux) [L. Hahn] / Santal / Botanique [H. Baillon]
692	0696	Santal. Botanique [H. Baillon]
693	0697	Santal. Botanique [H. Baillon]
694	0698	Santal. Botanique [H. Baillon]
695	0699	Santal. Botanique [H. Baillon]
696	0700	Santal. Botanique [H. Baillon]
697	0701	Santal. Botanique [H. Baillon] (bibliographie) / Pharmacologie [A. Vidau]
698	0702	Santal. Pharmacologie [A. Vidau] / Thérapeutique [A. Bordier]
699	0703	Santal. Thérapeutique [A. Bordier]
700	0704	Santal. Thérapeutique [A. Bordier]
701	0705	Santal. Thérapeutique [A. Bordier] (bibliographie) / Santalacées, Santalées [H. Baillon]
702	0706	Santalacées, Santalées [H. Baillon] (bibliographie) / Santaline. Voy. Santal / Santarelli (Michel) [L. Hahn] / Santé [Amédée Dechambre]
703	0707	Santé [Amédée Dechambre] / Santen (H. L. von) [L. Hahn] (bibliographie) / Santenay (Eau minérale de) [A. Rotureau] / Santeo [G. Planchon] / Santi (Les) [L. Hahn]
704	0708	Santi (Les) [L. Hahn] (bibliographie) / Santes de Ardoynis [L. Hahn] / Santoline [G. Planchon]
705	0709	Santoline [G. Planchon] (bibliographie) / Santonine (Acide santonique) / Chimie [Malaguti]
706	0710	Santonine. Chimie [Malaguti] / Emploi médical [Ernest Labbée]
707	0711	Santonine. Emploi médical [Ernest Labbée]
708	0712	Santonine. Emploi médical [Ernest Labbée]
709	0713	Santonine. Emploi médical [Ernest Labbée]
710	0714	Santonine. Emploi médical [Ernest Labbée]
711	0715	Santonine. Emploi médical [Ernest Labbée]
712	0716	Santonine. Emploi médical [Ernest Labbée]
713	0717	Santonine. Emploi médical [Ernest Labbée]
714	0718	Santonine. Emploi médical [Ernest Labbée]
715	0719	Santonine. Emploi médical [Ernest Labbée]
716	0720	Santonine. Emploi médical [Ernest Labbée]
717	0721	Santonine. Emploi médical [Ernest Labbée]
718	0722	Santonine. Emploi médical [Ernest Labbée]
719	0723	Santonine. Emploi médical [Ernest Labbée] (bibliographie) / Santonicum Semen [G. Planchon]
720	0724	Santonicum Semen [G. Planchon] / Santonique. Voy. Semen-Contra [G. Planchon] / Santorelli (Antonio) [L. Hahn] (bibliographie) / Santorini (Jean-Dominique) [A. Dureau]
721	0725	Santorini (Jean-Dominique) [A. Dureau] (bibliographie) / Santorio. Voy. Sanctorius / San-Tsi [G. Planchon] / Sanve. Voy. Moutarde / Sanz (Juan-Gil) [L. Hahn] / Sanzenelahé, Sanzenévaué [G. Planchon] / Saoria. Voy. Soaria / Saouari [G. Planchon] / Sapajous [Paul Gervais] / Saphène interne (Nerf). Voy. Crural / Saphène externe. Voy. Poplité interne / Saphène péronier. Voy. Poplité externe / Saphènes (Veines) / Anatomie et Physiologie [Henri Chrétien]
722	0726	Saphènes (Veines). Anatomie et Physiologie [Henri Chrétien]
723	0727	Saphènes (Veines). Anatomie et Physiologie [Henri Chrétien]
724	0728	Saphènes (Veines). Anatomie et Physiologie [Henri Chrétien]
725	0729	Saphènes (Veines). Anatomie et Physiologie [Henri Chrétien]
726	0730	Saphènes (Veines). Anatomie et Physiologie [Henri Chrétien]
727	0731	Saphènes (Veines). Anatomie et Physiologie [Henri Chrétien]
728	0732	Saphènes (Veines). Anatomie et Physiologie [Henri Chrétien]
729	0733	Saphènes (Veines). Anatomie et Physiologie [Henri Chrétien]
730	0734	Saphènes (Veines). Anatomie et Physiologie [Henri Chrétien]
731	0735	Saphènes (Veines). Anatomie et Physiologie [Henri Chrétien]
732	0736	Saphènes (Veines) / Physiologie [Henri Chrétien]
733	0737	Saphènes (Veines). Physiologie [Henri Chrétien]
734	0738	Saphènes (Veines). Physiologie [Henri Chrétien]
735	0739	Saphènes (Veines). Physiologie [Henri Chrétien]
736	0740	Saphènes (Veines). Physiologie [Henri Chrétien] / Pathologie [Henri Chrétien]
737	0741	Saphènes (Veines). Pathologie [Henri Chrétien]
738	0742	Saphènes (Veines). Pathologie [Henri Chrétien]
739	0743	Saphènes (Veines). Pathologie [Henri Chrétien] (bibliographie) / Sapin / Botanique [H. Baillon]
740	0744	Sapin. Botanique [H. Baillon] / Propriétés thérapeutiques [Ernest Labbée]
741	0745	Sapin. Propriétés thérapeutiques [Ernest Labbée]
742	0746	Sapin. Propriétés thérapeutiques [Ernest Labbée]
743	0747	Sapin. Propriétés thérapeutiques [Ernest Labbée]
744	0748	Sapin. Propriétés thérapeutiques [Ernest Labbée]
745	0749	Sapin. Propriétés thérapeutiques [Ernest Labbée] (bibliographie) / Sapindacées [H. Baillon]
746	0750	Sapindacées [H. Baillon]
747	0751	Sapindacées [H. Baillon] (bibliographie) / Sapindus. Voy. Savonniers / Sapinette (Botanique) [H. Baillon] / Sapinette (Bière). Voy. Bière et Sapin / Sapium [G. Planchon] / Sapogénine. Voy. Saponine
748	0752	Saponaire / Botanique [G. Planchon] (bibliographie) / Emploi médical [Ernest Labbée]
749	0753	Saponaire. Emploi médical [Ernest Labbée]
750	0754	Saponaire. Emploi médical [Ernest Labbée]
751	0755	Saponaire. Emploi médical [Ernest Labbée]
752	0756	Saponaire. Emploi médical [Ernest Labbée]
753	0757	Saponaire. Emploi médical [Ernest Labbée]
754	0758	Saponaire. Emploi médical [Ernest Labbée]
755	0759	Saponaire. Emploi médical [Ernest Labbée]
756	0760	Saponaire. Emploi médical [Ernest Labbée] (bibliographie) / Saponés, Saponulés, Saponures [Amédée Dechambre]
757	0761	Saponés, Saponulés, Saponures [Amédée Dechambre]
758	0762	Saponés, Saponulés, Saponures [Amédée Dechambre] / Saponification. Voy. Savon / Saponine / Chimie [Malaguti]
759	0763	Saponine. Chimie [Malaguti] / Emploi médical. Voy. Saponaire / Saponique (Acide) (Esculique) [A. Vidau] / Saponule. Voy. Savonule / Saponulés. Voy. Saponés
760	0764	Saponures. Voy. Saponés / Saporétine. Voy. Saponine et Saponique (Acide) / Saporta (Les) [A. Dureau] / Sapotacées ou Sapotées [G. Planchon]
761	0765	Sapotacées ou Sapotées [G. Planchon] (bibliographie) / Sapote [G. Planchon] / Sapotille [G. Planchon] / Sapotillier [G. Planchon]
762	0766	Sapotillier [G. Planchon] (bibliographie) / Sappal [G. Planchon] / Sappan [G. Planchon] / Saprolegnia. Voy. Saprolegniés / Saprolegniés [J. de Seynes]
763	0767	Saprolegniés [J. de Seynes] (bibliographie) / Saracha. Voy. Saraquier / Sarai-Parapeo [G. Planchon] / Sarani [G. Planchon] / Saraquier [G. Planchon]
764	0768	Saraquier [G. Planchon] (bibliographie) / Saravecas (Les). Voy. Amérique / Sarazin (Jean) [A. Chéreau]
765	0769	Sarazin (Jean) [A. Chéreau] / Sarcelle [Paul Gervais] / Sarcey (Eau minérale de) [A. Rotureau] / Sarcine / Chimie [C. Lutz]
766	0770	Sarcine. Chimie [C. Lutz]
767	0771	Sarcine. Chimie [C. Lutz] / Sarcine / Botanique [J. de Seynes]
768	0772	Sarcine. Botanique [J. de Seynes]
769	0773	Sarcine. Botanique [J. de Seynes] (bibliographie) / Sarcocarpe [G. Planchon] / Sarcocèle. Voy. Testicule / Sarcocolle, Sarcocolline [Amédée Dechambre] / Sarcocollier [G. Planchon]
770	0774	Sarcocollier [G. Planchon] (bibliographie) / Sarcode, Sarcodiques (Mouvements) [Ch. Robin]
771	0775	Sarcode, Sarcodiques (Mouvements) [Ch. Robin]
772	0776	Sarcode, Sarcodiques (Mouvements) [Ch. Robin]
773	0777	Sarcode, Sarcodiques (Mouvements) [Ch. Robin]
774	0778	Sarcode, Sarcodiques (Mouvements) [Ch. Robin]
775	0779	Sarcode, Sarcodiques (Mouvements) [Ch. Robin]
776	0780	Sarcode, Sarcodiques (Mouvements) [Ch. Robin]
777	0781	Sarcode, Sarcodiques (Mouvements) [Ch. Robin]
778	0782	Sarcode, Sarcodiques (Mouvements) [Ch. Robin]
779	0783	Sarcode, Sarcodiques (Mouvements) [Ch. Robin]
780	0784	Sarcode, Sarcodiques (Mouvements) [Ch. Robin]
781	0785	Sarcode, Sarcodiques (Mouvements) [Ch. Robin]
782	0786	Sarcode, Sarcodiques (Mouvements) [Ch. Robin]
783	0787	Sarcode, Sarcodiques (Mouvements) [Ch. Robin]
784	0788	Sarcode, Sarcodiques (Mouvements) [Ch. Robin]
785	0789	Sarcode, Sarcodiques (Mouvements) [Ch. Robin]
786	0790	Sarcode, Sarcodiques (Mouvements) [Ch. Robin]
787	0791	Sarcode, Sarcodiques (Mouvements) [Ch. Robin]
788	0792	Sarcode, Sarcodiques (Mouvements) [Ch. Robin]
789	0793	Sarcode, Sarcodiques (Mouvements) [Ch. Robin]
790	0794	Sarcode, Sarcodiques (Mouvements) [Ch. Robin] (bibliographie) / Sarcodés. Voy. Champignons / Sarcolactique (Acide) [C. Lutz] / Sarcolemme. Voy. Musculaire (Tissu) / Addendum / Samadera. Voy. Samandura
791	0795	Articles contenus dans le sixième volume (3e série)
792	0796	Articles contenus dans le sixième volume (3e série)
793	0797	Articles contenus dans le sixième volume (3e série)
794	0798	Articles contenus dans le sixième volume (3e série)
795	0799	Articles contenus dans le sixième volume (3e série)
796	0800	
