page	refimg	chapitre
[sans numérotation]	0001	[Page de titre]
[sans numérotation]	0002	
[sans numérotation]	0003	Epitre dedicatoire
[sans numérotation]	0004	
[sans numérotation]	0005	
iv	0006	
v	0007	
vj	0008	
vij	0009	
[sans numérotation]	0010	
[sans numérotation]	0011	[Préface]
ij	0012	
iij	0013	
iv	0014	
v	0015	
vj	0016	
vij	0017	
viij	0018	
ix	0019	
x	0020	
xj	0021	
xij	0022	
[sans numérotation]	0023	Dictionnaire historique de la médecine ancienne et moderne. A / Aaron ou Ahron
2	0024	Aaron ou Ahron
3	0025	Aaron ou Ahron / Aaron Harischon / Aascow, (Urbain Bruan) / Abano. (Pierre d') Voyez Apono / Abaris
4	0026	Abaris / Abascante / Abatia (Bernard) / Abbadie (Vincent)
5	0027	Abbadie (Vincent) / Abbatius, (Balde-Ange) / Abdollatif / Abeille, (Scipion)
6	0028	Abeille, (Scipion)
7	0029	Abeille, (Scipion) / Abenzoar. Voyez Avenzoar / Abercromby, (David)
8	0030	Abercromby, (David) / Abhomeron-Aben-Zoar. Voyez Avenzoar / Abi-Osbaia
9	0031	Abiosi (Jean) / Aboli-Abiscenne. Voyez Avicenne / Aboulhelm / Aboul-Miamen-Mosthafa / Abou-Maher-Moussa-Ben-Jasser / Abou-Sahal / Abou-Salem / Abraham
10	0032	Abraham / Abraham de Baulme / Abrenethée (André) / Abreu (Alexis)
11	0033	Abreu (Alexis) / Absyrtus / Abu-Bahar-Ibnu-Chalson / Abubeter-Rhazes. Voyez Rhazes / Abulfarage ou Hacim-Abulfaraghi, (Gregoire)
12	0034	Abulhusen-Ibnu-Telmid / Abul-Manet-Ben-Abunassar, Ben-Haffadh-Israeli-Haruki / Acacia. Voyez Akakia / Académies
13	0035	Académies
14	0036	Académies
15	0037	Académies
16	0038	Académies
17	0039	Académies
18	0040	Académies
19	0041	Académies
20	0042	Académies
21	0043	Académies / Accorombonus (Jérome) / Acesias
22	0044	Acesias / Aceso / Achille / Achillini (Alexandre)
23	0045	Achillini (Alexandre)
24	0046	Achillini (Alexandre) / Achimbassi / Achromos
25	0047	Achromos / Achspalt ou d'Eichspalt (Pierre d') / Acrel (Olof)
26	0048	Acrel (Olof) / Acron, ou Agron
27	0049	Acron, ou Agron
28	0050	Acron, ou Agron / Acron, (Jean) / Actuarius
29	0051	Actuarius
30	0052	Actuarius
31	0053	Actuarius / Acumenus
32	0054	Adam
33	0055	Adam
34	0056	Adam (N.) / Adam, (Melchior)
35	0057	Adam, (Melchior) / Adanson, (Michel) / Addington, (Antoine)
36	0058	Adelard / Adelphe, (Jean) / Ader (Guillaume) / Adolphus (Christian-Michel)
37	0059	Adolphus (Christian-Michel) / Adria, (Jean-Jacques) / Adriani (Matthieu)
38	0060	Adriani (Matthieu) / Adrien ou P. Aelius Adrianus
39	0061	Adrien ou P. Aelius Adrianus / Aedituus (Martin) / Aegidius Corboliensis
40	0062	Aegidius Corboliensis
41	0063	Aegidius Corboliensis / Aegimus, ou Aegimius
42	0064	Aegineta. Voyez Paul d'Egine / Aeglé / Aelianus Meccius / Aelius Promotus / Aemilius Macer
43	0065	Aemilius Macer
44	0066	Aemilius Macer / Aeschrion
45	0067	Aeschrion
46	0068	Aeschrion
47	0069	Aeschrion / Agameda / Agapius / Agatharchides
48	0070	Agatharchides / Agathinus / Agathus (Pierre-Ange) / Aggravius, (Jean-François) / Aggregator, (Guillaume)
49	0071	Aggregator, (Guillaume) / Agnodice
50	0072	Agnodice / Agricola (George)
51	0073	Agricola (George)
52	0074	Agricola (George) / Agricola, (George-André)
53	0075	Agricola, (Jean-Ammonius) / Agricola, (Jean) / Agrippa, (Henri Corneille)
54	0076	Agrippa, (Henri Corneille) / Agron. Voyez Acron d'Agrigente / Aidmerin Ali Al-Gialdeki / Aidoun-Aboul-Hassan-Al-Mokhtar-Ben-Aidoun
55	0077	Aielus, (Sébastien) / Aignan (François) / Ailaki / Ailly (Pierre d') / Akakia (Martin)
56	0078	Akakia, (Martin) / Akakia, (Martin)
57	0079	Akakia, (Jean) / Akakia (Martin) / Alaymo, (Marc-Antoine)
58	0080	Alaymo, (Marc-Antoine) / Alban, (Jean de Saint)
59	0081	Alban, (Jean de Saint)
60	0082	Alban, (Jean de Saint) / Albanesius (Gui-Antoine) / Albanus (Jean) / Albatenius
61	0083	Albatenius / Albergus, (Jean) / Albericus / Alberizzi (Pierre-Joseph) / Albert ou Alberti, (Michel)
62	0084	Albert ou Alberti, (Michel) / Albert (Salomon)
63	0085	Albert (Salomon) / Albert Le Grand
64	0086	Albert Le Grand
65	0087	Albert Le Grand
66	0088	Albertini, (Annibal) / Albertini, (Hippolyte-François) / Albineus. (Nathanaël) Voyez d'Aubigné / Albinus, (Bernard)
67	0089	Albinus, (Bernard)
68	0090	Albinus, (Bernard) / Albinus, (Bernard-Sifroi)
69	0091	Albinus, (Bernard-Sifroi)
70	0092	Albinus, (Bernard-Sifroi) / Albrect, (Jean-Pierre)
71	0093	Albucasis
72	0094	Albucasis
73	0095	Albucasis / Albuhazan-Ibnu-Haidor / Albutius / Albutius, (Jean-Pierre)
74	0096	Albutius, (Jean-Pierre) / Alcacar, ou Alcazar, (André) / Alcadin
75	0097	Alcadin / Alcaime. Voyez Alaimo / Alchindus, (Jacques)
76	0098	Alchindus, (Jacques) / Alchymie
77	0099	Alchymie
78	0100	Alchymie
79	0101	Alchymie
80	0102	Alchymie / Alcmoeon
81	0103	Alcmoeon / Alcon
82	0104	Aldegrettus, ou Andreghettus Andreghettius / Aldinus / Aldroandus, ou Aldobrandi, (Ulysse)
83	0105	Aldroandus, ou Aldobrandi, (Ulysse)
84	0106	Aldroandus, ou Aldobrandi, (Ulysse)
85	0107	Aldroandus, ou Aldobrandi, (Ulysse) / Alexandre / Alexandre d'Aphrodisée / Alexandre / Alexandre Trallien
86	0108	Alexandre Trallien
87	0109	Alexandre Trallien
88	0110	Alexandre Trallien / Alexandre, (Guillaume)
89	0111	Alexandre, (Guillaume) / Alexandrie. (Bibliotheque d')
90	0112	Alexandrie. (Bibliotheque d')
91	0113	Alexandrie. (Bibliotheque d') / Alexandrini de Neustain (Jules)
92	0114	Alexandrini de Neustain (Jules) / Alexandro, (Antoine de) / Alexion
93	0115	Alexion / Alexippus / Alghisi (Thomas)
94	0116	Alghisi (Thomas) / Ali Ben Abbas Al-Magiousi / Aliptae / Allen, (Benjamin)
95	0117	Allen, (Benjamin) / Allen, (Jean) / Allioni, (Charles)
96	0118	Allioni, (Charles) / Alliot (Pierre) / Alliot, (Jean-Baptiste)
97	0119	Alliot, (Jean-Baptiste) / Alliot, (Dom Hyacinthe) / Allmacher (Jean-Frédéric)
98	0120	Allmacher (Jean-Frédéric) / Almeloveen (Théodore Jansson d')
99	0121	Almeloveen (Théodore Jansson d')
100	0122	Almenar, (Jean) / Alpini (Prosper)
101	0123	Alpini (Prosper)
102	0124	Alpini (Prosper) / Alsaharavius. Voyez Albucasis / Alston, (Charles)
103	0125	Alston, (Charles) / Altomari, (Donat ab) / Alvarez, (Antoine)
104	0126	Amalthée, (Jérome) / Amand, (Jean de Saint)
105	0127	Amand, (Jean de Saint) / Amand, (Pierre) / Amanrich (Cyr)
106	0128	Amanrich (Cyr) / Amatus, (Léonard) / Amatus Lusitanus
107	0129	Amatus Lusitanus / Amboise, (Jean d')
108	0130	Amboise, (Jean d') / Amboise, (Jacques d')
109	0131	Ambrosini (Barthelemi) / Amin Al-Doulat, ou Amin Eddoulat / Amman, (Jean-Conrad)
110	0132	Amman, (Jean-Conrad) / Ammann (Paul)
111	0133	Ammann (Paul) / Ammonius
112	0134	Ammonius / Amoreux, (Guillaume) / Ampsing (Jean-Assuerus) / Amulettes (les)
113	0135	Amulettes (les)
114	0136	Amulettes (les) / Anatomie
115	0137	Anatomie
116	0138	Anatomie
117	0139	Anatomie
118	0140	Anatomie
119	0141	Anatomie
120	0142	Anatomie
121	0143	Anatomie / Anaxilaus
122	0144	Andalori (André) / Anderlini, (Luce-François) / Andrapodocapeloi
123	0145	André, ou Andrae, (Tobie) / André, (N.)
124	0146	André, (N.) / Andreas, ou Andron
125	0147	Andreas, ou Andron / Andreu (Hiacinthe)
126	0148	Andreu (Hiacinthe) / Andriolo (Michel-Ange) / Adrocyde / Andromaque
127	0149	Andromaque / Andron. Voyez Andreas / Andry (Nicolas)
128	0150	Andry (Nicolas)
129	0151	Andry (Nicolas)
130	0152	Andry (Nicolas) / Anel, (Dominique)
131	0153	Anel, (Dominique) / Ange (Le Pere)
132	0154	Ange de Saint Joseph, (Le Pere) / Angeli, (Jacques) / Angitia
133	0155	Anguillara, (Louis) / Anriquez, (Henri-George) / Anselmus de Janua
134	0156	Anthracini, (Jean) / Antillus ou Antylus / Antiochus / Antiochus, (Saint) / Antipater
135	0157	Antistius / Antonio, (Nicolas) / Antonius Castor / Antonius Galateus
136	0158	Antonius Galateus / Antonius Musa
137	0159	Antonius Musa
138	0160	Antonius Musa / Antonius Musa Brassavolus. Voyez Brassavolus / Antylus. Voyez Antillus / Anvers, (Henri d')
139	0161	Anvers, (Henri d') / Apian, (Philippe)
140	0162	Apian, (Philippe) / Apinus (Jean-Louis) / Apis. Voyez Osiris / Apollodore
141	0163	Apollodore / Apollon, Horus, ou Paeon
142	0164	Apollon, Horus, ou Paeon / Apollonides / Apollonius
143	0165	Apollonius / Apollonius / Apollophanes / Apono ou Abano, (Pierre De)
144	0166	Apono ou Abano, (Pierre De)
145	0167	Apono ou Abano, (Pierre De)
146	0168	Apono ou Abano, (Pierre De)
147	0169	Apono ou Abano, (Pierre De)
148	0170	Apono ou Abano, (Pierre De)
149	0171	Apono ou Abano, (Pierre De) / Apothicaires
150	0172	Apothicaires / Apuleius Celsus
151	0173	Apuleius Celsus / Apuleius (Lucius) Voyez Lucius Apuleius / Aquapendente. Voyez Fabricio / Aquila, (Jean Dell') / Aquilanus, (Sébastien) / Arabes (etat de la médecine chez les)
152	0174	Arabes (etat de la médecine chez les)
153	0175	Arabes (etat de la médecine chez les)
154	0176	Arabes (etat de la médecine chez les)
155	0177	Arabes (etat de la médecine chez les)
156	0178	Arabes (etat de la médecine chez les)
157	0179	Arabes (etat de la médecine chez les) / Arantius, (Jules César)
158	0180	Arantius, (Jules César) / Arbillem, (Laurent) / Arbuthnot, (Jean) / Arcaeus (François)
159	0181	Arcaeus (François) / Arcerius (Sixte) / Arcet (Jean D')
160	0182	Arcet (Jean D') / Archagatus / Archiatre
161	0183	Archiatre
162	0184	Archiatre
163	0185	Archiatre
164	0186	Archiatre
165	0187	Archiatre
166	0188	Archiatre / Archibius
167	0189	Archidamus / Archigene
168	0190	Archigene / Arcilius. Voyez Arsillus / Arculanus
169	0191	Arculanus / Ardern, (Jean)
170	0192	Ardern (Jean) / Ardoynis. Voyez Santes de Ardoynis / Arellan, (Pierre-François) / Aretaeus ou Aretée
171	0193	Aretaeus ou Aretée
172	0194	Aretaeus ou Aretée
173	0195	Aretaeus ou Aretée / Argentier (Jean)
174	0196	Argentier (Jean) / Argillata ou De Argellata, (Pierre De)
175	0197	Argillata ou De Argellata, (Pierre De) / Argolus, (André) / Arias de Benavides, (Pierre) / Aristarque
176	0198	Aristée / Aristogene / Ariston / Aristote
177	0199	Aristote
178	0200	Aristote
179	0201	Aristote
180	0202	Aristote
181	0203	Aristote / Arlunus, (Pierre-Jean) / Arma, (Jean-François) / Armstrong, (Jean)
182	0204	Armstrong, (Jean) / Arnaud ou Arlaud, (Etienne) / Arnaud, (Roland-Paul)
183	0205	Arnaud de Ronsil, (George) / Arnauld de Villeneuve
184	0206	Arnauld de Villeneuve
185	0207	Arnauld de Villeneuve
186	0208	Arnauld de Villeneuve
187	0209	Arnauld de Villeneuve / Arnauld de Nobleville, (L. Daniel) / Arnault, (Henri)
188	0210	Arnault, (Henri) / Arnisaeus (Henningus)
189	0211	Arnoul / Aromatariis (Joseph de) / Arragos (Guillaume)
190	0212	Arragos (Guillaume) / Arsillus, ou Arcilius (François) / Artedi (Pierre)
191	0213	Artedi (Pierre) / Arthemise / Artorius
192	0214	Artorius / Asclapio / Asclépiade
193	0215	Asclépiade
194	0216	Asclépiade
195	0217	Asclépiade
196	0218	Asclépiade
197	0219	Asclépiade
198	0220	Asclépiade
199	0221	Asclépiade
200	0222	Asclépiade / Asclépiades, (les)
201	0223	Asclépiades, (les) / Asclepiodotus
202	0224	Asclepiodotus / Asellius (Gaspar)
203	0225	Asellius (Gaspar) / Asmouil, ou Aschmouil Ben Jehouda / Aspasie
204	0226	Aspasie / Assaro, (Jean-François) / Astarius ou Asterius, (Blaise)
205	0227	Astarius ou Asterius, (Blaise) / Astruc (Jean)
206	0228	Astruc (Jean)
207	0229	Astruc (Jean)
208	0230	Astruc (Jean)
209	0231	Astruc (Jean)
210	0232	Astruc (Jean)
211	0233	Astruc (Jean)
212	0234	Astruc (Jean) / Athenée d'Attalie
213	0235	Athenée d'Attalie / Athotis, ou Thot / Atratus, ou Lenoir (Hugues) / Atslow (Edouard) / Attalus
214	0236	Attalus / Attalus Philometor / Avantage, (Jean)
215	0237	Aubert, (Jacques) / Aubert (François) / Aubery, (Jean) / Aubigné de La Fosse, (Nathan)
216	0238	Aubigné de La Fosse, (Nathan) / Aubry, (Jean D') / Audoin de Chaignebrun, (H.)
217	0239	Audoin de Chaignebrun, (H.) / Avellinus, (François) / Avenzoar
218	0240	Avenzoar
219	0241	Avenzoar
220	0242	Avenzoar / Averroes, Averrhoes ou Aven-Roez
221	0243	Averroes, Averrhoes ou Aven-Roez / Augenius ou Augenio (Horace)
222	0244	Augenius ou Augenio (Horace)
223	0245	Augurelle, (Jean-Aurele) / Avicenne
224	0246	Avicenne
225	0247	Avicenne
226	0248	Avicenne
227	0249	Avicenne / Avis. (Jean) Voyez Loysel / Aumont, (Arnulphe d') / Avola, (François)
228	0250	Avola, (François) / Aurelianus. Voyez Coelius Aurelianus / Aurivillus (Samuel) / Aurran (Joseph-François)
229	0251	Aurran (Joseph-François) / Ausone, (Jules) / Austrius (Sébastien)
230	0252	Austrius (Sébastien) / Autolicus / Auzeri, (Pierre) / Ayala (Gabriel)
231	0253	Ayala (Gabriel) / Aymen, (Jean-Baptiste) / Ayrer, (Melchior)
232	0254	B / Baart, (Pierre) / Baccanelcius, (Jean) / Bacchius / Bacchus / Baccius, ou Baccio, (André)
233	0255	Baccius, ou Baccio, (André) / Baccius ou Back, (Jacques)
234	0256	Baccius ou Back, (Jacques) / Bacher, (George-Frédéric)
235	0257	Bachtishua, (George)
236	0258	Baciocchi, (Jean-Dominique) / Back. (Jacques) Voyez Baccius / Back (Abraham) / Backer, (George)
237	0259	Backer, (George) / Backer, (André de) / Bacmeister, (Jean)
238	0260	Bacmeister, (Jean) / Bacon, (François)
239	0261	Bacon, (Roger)
240	0262	Bacon, (Roger)
241	0263	Bacon, (Roger)
242	0264	Bacon, (Roger) / Bacquerre (Bénoit) / Baerle, (Gaspar Van) / Baersdorp, (Corneille Van)
243	0265	Baersdorp, (Corneille Van) / Bagard, (Antoine)
244	0266	Bagard, (Antoine) / Baget (Henri-Jean) / Baggaert, (Jean) / Baglivi, (George)
245	0267	Baglivi, (George)
246	0268	Baglivi, (George) / Baier (Jean-Jacques) / Bailey. (Vautier) Voyez Baley / Baillou (Guillaume De)
247	0269	Baillou (Guillaume De)
248	0270	Baillou (Guillaume De) / Bailly ou Baillif, (Roch Le)
249	0271	Bailly ou Baillif, (Roch Le) / Balamio, (Ferdinand) / Balbian (Josse Van)
250	0272	Balbian (Josse Van) / Baldassari, (Joseph) / Balde Baldi ou Baldus Baldius
251	0273	Balde Baldi ou Baldus Baldius / Baldinus (Bernardin) / Baley, ou Bailey (Vautier)
252	0274	Baley, ou Bailey (Vautier) / Ballexserd, (Jacques) / Banister (Jean) / Banzer (Marc)
253	0275	Banzer (Marc) / Barba, (Pierre) / Barbaro, (Hermolaus)
254	0276	Barbaro, (Hermolaus) / Barbaut (Antoine-François) / Barberet (Denis)
255	0277	Barberet (Denis) / Barbette, (Paul) / Barbeu du Bourg, (Jacques)
256	0278	Barbeu du Bourg, (Jacques) / Barbey, (Marc Le) / Barbeyrac (Charles)
257	0279	Barbeyrac (Charles)
258	0280	Barbeyrac (Charles) / Barbuot, (Jean) / Barckhausen, (Jean-Conrad)
259	0281	Barckhausen, (Jean-Conrad) / Barisanus, (François-Dominique) / Barland, (Hubert)
260	0282	Barland, (Hubert) / Barles (Louis) / Barlette. (Marianus de) Voyez Marianus Sanctus Barolitanus / Barner (Jacques)
261	0283	Barner (Jacques) / Baron (Hyacinthe-Théodore)
262	0284	Baron (Hyacinthe-Théodore) / Baron (Théodore)
263	0285	Baron (Théodore) / Baronio, (Vincent) / Barra, (Pierre)
264	0286	Barra, (Pierre) / Barrelier (Jacques)
265	0287	Barrelier (Jacques) / Barrere, (Pierre)
266	0288	Barrowby, (Guillaume) / Barry, (Edouard) / Barthés, (Paul-Joseph) / Barthius, (Michel)
267	0289	Bartholet (Fabrice) / Bartholin, (Gaspar)
268	0290	Bartholin, (Gaspar)
269	0291	Bartholin, (Gaspar) / Bartholin, (Albert) / Bartholin, (Erasme)
270	0292	Bartholin, (Thomas)
271	0293	Bartholin, (Thomas)
272	0294	Bartholin, (Thomas)
273	0295	Bartholin, (Thomas)
274	0296	Bartholin, (Thomas) / Bartholin, (Gaspar)
275	0297	Bartholin, (Gaspar) / Bartisch, (George) / Barufaldi, (Jérome)
276	0298	Barufaldi, (Jérome) / Barwick (Pierre) / Barziziis, (Christophe de) / Bas, (Jean Le)
277	0299	Bas, (Jean Le) / Bascarini (Jean) / Baselli (Benoît) / Basile / Basile, (Saint)
278	0300	Basile Valentin
279	0301	Basile Valentin / Baskervile (Simon) / Bass. Voyez Bassius / Bassiano Landi
280	0302	Bassiano Landi / Bassius (Henri) / Bassuel, (Pierre)
281	0303	Bassuel, (Pierre) / Bate, (George)
282	0304	Bathurst (Rodolphe) / Battier, (Samuel) / Battingius, (Rodolphe) / Battus (Corneille)
283	0305	Battus (Liévin) / Battus, (Conrad)
284	0306	Battus, (Conrad) / Battus, (Charles) / Bavay (Paul-Ignace De)
285	0307	Bavay (Paul-Ignace De) / Bauderon, (Brice) / Baverius, (Jean) / Bauhin, (Jean)
286	0308	Bauhin, (Jean) / Bauhin, (Jean)
287	0309	Bauhin, (Jean) / Bauhin, (Gaspar)
288	0310	Bauhin, (Gaspar)
289	0311	Bauhin, (Gaspar) / Bauhin, (Jean-Gaspar) / Bauhin, (Jérôme)
290	0312	Bauhin, (Jérôme) / Bavisanus, (François-Dominique) / Baumé, (Antoine)
291	0313	Baumé, (Antoine) / Bausch, (Léonard) / Bayer. (Jean-Jacques) Voyez Baier / Bayle, (François)
292	0314	Bayle, (François) / Bayro (Pierre de) / Bazin, (N.)
293	0315	Bazin, (N.) / Bazin, (Guillaume) / Bazzani, (Matthieu)
294	0316	Bazzani, (Matthieu) / Beaufet. (Guillaume De) Voyez Guillaume IV / Beaulieu. (Jacques De) Voyez Jacques (Frere) / Beausard (Pierre) / Beaupreau, (Claude-Guillaume) / Bebber (Isaac) / Bebel, (Henri) / Becan, (Jean)
295	0317	Becan, (Jean)
296	0318	Becan, (Jean) / Bechebien (Pierre) / Becher (Jean-Joachim)
297	0319	Becher (Jean-Joachim)
298	0320	Becher (Jean-Joachim)
299	0321	Bechius, (Philippe) / Becker, (Daniel)
300	0322	Becker, (Daniel) / Becker, (Daniel) / Beckett, (Guillaume)
301	0323	Beckett, (Guillaume) / Beddevole (Dominique) / Bedinelli, (François de Paule) / Begue de Presle, (Achille-Guillaume Le)
302	0324	Begue de Presle, (Achille-Guillaume Le) / Behrens, (Conrad-Bertauld)
303	0325	Behrens, (Conrad-Bertauld) / Beissier, (Jacques) / Beitharides
304	0326	Beitharides / Belay, (N.)
305	0327	Belay, (N.) / Bélissaire, (Louis) / Bellagatta, (Ange-Antoine) / Bellet, (Isaac) / Belleval, (Pierre Richer de)
306	0328	Belleval, (Pierre Richer de) / Belleval, (Martin Richer de)
307	0329	Belleus, (Théodore) / Bellini (Laurent)
308	0330	Bellini (Laurent)
309	0331	Bellini (Laurent) / Bellocatus, (Louis) / Belon (Pierre)
310	0332	Belon (Pierre)
311	0333	Belon (Pierre) / Beloste, (Augustin) / Below (Bernard)
312	0334	Below (Bernard) / Bencius, ou De Benciis, (Hugues) / Benedetti, (Alexandre)
313	0335	Benedetti, (Alexandre) / Benedicti, (Dominique)
314	0336	Benedicti, (Dominique) / Benedictus, (Jean)
315	0337	Benedictus, (Jean) / Benetti (Jean-Dominique) / Benevoli, (Antoine)
316	0338	Benevoli, (Antoine) / Benimiram. Voyez Isaac dit Benimiram / Beniveni, (Antoine)
317	0339	Beniveni, (Antoine) / Bennet, (Christophe) / Benoit, (Pierre)
318	0340	Benoit, (Pierre) / Benvenuti, (Joseph) / Bere, (Oswald)
319	0341	Bere, (Oswald) / Berenger. (Jacques) Voyez Carpi / Bergen (Charles Auguste De)
320	0342	Bergen (Charles Auguste De) / Berger (Claude) / Berger, (Jean-Godefroid)
321	0343	Berger, (Jean-Godefroid) / Berghe, ou Montanus (Robert Van Den) / Berghen, (Gerard Van)
322	0344	Bergier (Antoine) / Bermingham, (Michel) / Bernaerts, (Guillaume) / Bernard
323	0345	Bernard (Jean-Baptiste) / Bernier, (François) / Bernier (Jean)
324	0346	Bernier (Jean) / Bernouilli (Jean)
325	0347	Bernouilli (Jean) / Berryat, (J.) / Bertapalia, ou Praedapalia (Léonard)
326	0348	Bertapalia, ou Praedapalia (Léonard) / Berthemin (Dominique) / Berthereau, (Mathieu)
327	0349	Berthereau, (Mathieu) / Bertin (Joseph-Exupere)
328	0350	Bertin (Joseph-Exupere) / Bertini, (George)
329	0351	Bertini, (George) / Bertrand, (Jean-Baptiste) / Bertrand (Thomas-Bernard) / Bertrandi (Ambroise)
330	0352	Bertrandi (Ambroise) / Bertratius, Bertruccius, ou Bertuccius, (Nicolas)
331	0353	Bertratius, Bertruccius, ou Bertuccius, (Nicolas) / Besler, (Jérôme) / Besler, (Michel-Rupert)
332	0354	Besler, (Michel-Rupert) / Besse (Jean)
333	0355	Besse (Jean) / Betbeder, (Jean) / Bethencourt, (Jacques De) / Betti, (Antoine-Marie)
334	0356	Betts (Jean) / Beverovicius, (Jean)
335	0357	Beverovicius, (Jean)
336	0358	Beverovicius, (Jean)
337	0359	Beverovicius, (Jean) / Beughem, (Corneille Van)
338	0360	Beughem, (Corneille Van) / Bezac (Jean)
339	0361	Bezac (Jean) / Bianchi (Jean-Baptiste)
340	0362	Bianchi (Jean-Baptiste)
341	0363	Bianchi (Jean)
342	0364	Bianchi (Jean) / Bicaise, (Honoré) / Bidloo (Godefroid)
343	0365	Bidloo (Godefroid) / Biennaise (Jean)
344	0366	Biennaise (Jean) / Bienville, (D. T. De) / Bierling (Gaspar-Théophile)
345	0367	Bierling (Gaspar-Théophile) / Biesius, (Nicolas) / Biet, (Claude) / Bigot, (Guillaume)
346	0368	Bigot, (Guillaume) / Bilguer (Jean-Ulric) / Bils ou Bilsius, (Louis De)
347	0369	Bils ou Bilsius, (Louis De)
348	0370	Bils ou Bilsius, (Louis De) / Binet, (Etienne) / Binninger (Jean-Nicolas) / Bisogno, (Gennaro Del)
349	0371	Bisogno, (Gennaro Del) / Bissus, (François) / Biumi (Paul-Jérôme)
350	0372	Biumi (Paul-Jérôme) / Blackmore (Richard) / Blacvod, (Henri) / Blair, (Patrice)
351	0373	Blair, (Patrice) / Blaise, (Saint) / Blakwel, (Elisabeth) / Blanc, (Louis Le)
352	0374	Blanc, (Louis Le) / Blancard, (Nicolas) / Blancard, (Etienne)
353	0375	Blancard, (Etienne)
354	0376	Blancard, (Etienne) / Blandrata (Jean-George)
355	0377	Blandrata (Jean-George) / Blasius, (Gerard Blaes ou)
356	0378	Blasius, (Gerard Blaes ou)
357	0379	Blasius, (Gerard Blaes ou) / Blegny, (Nicolas de)
358	0380	Blegny, (Nicolas de) / Blockland, (Corneille De) / Blondel (François)
359	0381	Blondel (François) / Blondel (François)
360	0382	Blondel (François)
361	0383	Blondel (François) / Blondin, (Pierre) / Blondus, ou Biondo (Michel-Ange)
362	0384	Blondus, ou Biondo (Michel-Ange) / Blum (Maurice) / Blumenstrost (Laurent)
363	0385	Bobart, (Jacques) / Bocarro Francez, (Manuel) / Bocaud (Jean) / Boccaccini, (Antoine) / Bocca-Di-Ferro, (Louis)
364	0386	Bocca-Di-Ferro, (Louis) / Boccangelino, (Nicolas) / Bocconi (Silvio-Paul)
365	0387	Bocconi (Silvio-Paul)
366	0388	Bocconi (Silvio-Paul) / Bock. Voyez Tragus / Boctoner, ou Butoner / Bodaeus A Stapel (Jean) / Bodenstein, (Adam)
367	0389	Bodenstein, (Adam) / Bodley, (Jean) / Boe. (François Dubois De Le) Voyez Dubois De Le Boe / Boeckelius (Jean)
368	0390	Boeckelius (Jean) / Boecler (Philippe-Henri)
369	0391	Boecler (Philippe-Henri) / Boehmer, (Jean-Benjamin) / Boehmer, (Philippe-Adolphe)
370	0392	Boehmer, (Philippe-Adolphe) / Boerhaave, (Herman)
371	0393	Boerhaave, (Herman)
372	0394	Boerhaave, (Herman)
373	0395	Boerhaave, (Herman)
374	0396	Boerhaave, (Herman)
375	0397	Boerhaave, (Herman)
376	0398	Boerhaave, (Herman)
377	0399	Boerhaave, (Herman)
378	0400	Boerhaave, (Herman)
379	0401	Boerhaave, (Herman)
380	0402	Boerhaave, (Herman)
381	0403	Boerhaave, (Herman)
382	0404	Boerhaave, (Herman)
383	0405	Boerhaave, (Herman)
384	0406	Boerhaave, (Herman)
385	0407	Boerhaave, (Herman)
386	0408	Boerhaave, (Herman) / Boerner, (Frédéric) / Boetius. Voyez Boodt (Anselme De) / Boeuf (Daniel De) / Bogaert, ou Bogardus (Adam)
387	0409	Bogaert, (Jacques)
388	0410	Bogaert, (Jacques) / Bogaert, (Adam)
389	0411	Bogaert, (Adam) / Bogdanus, (Martin) / Bohn, ou Bohnius (Jean)
390	0412	Bohn, ou Bohnius (Jean)
391	0413	Bohn, ou Bohnius (Jean) / Boile, (Robert)
392	0414	Boile, (Robert)
393	0415	Boile, (Robert)
394	0416	Boile, (Robert) / Boirel, (Antoine) / Boisgautier, (Paul)
395	0417	Boisgautier, (Paul) / Boissieu (Barthélemi-Camille De)
396	0418	Boissieu (Barthélemi-Camille De) / Boldonus (Nicolas) / Bolognetti (Pompée) / Bolognini, (Ange)
397	0419	Bolognini, (Ange) / Bolsec (Jérôme-Hermes) / Bolstadius. Voyez Albert le grand / Bompart, (Marcel) / Bon, (Jean Le)
398	0420	Bon, (Jean Le) / Bon, ou Bona (Pierre) / Bona (Jean De) / Bonaccioli (Louis)
399	0421	Bonaccioli (Louis) / Bonacorsi, (Barthélémi) / Bonacossus, ou Buonacossa, (Hercule)
400	0422	Boncore, (Thomas) / Bondius, (Dominique) / Bonelli, (George) / Bonet (Pierre) / Bonet, (André)
401	0423	Bonet, (André) / Bonet (Jean) / Bonet, (Théophile)
402	0424	Bonet, (Théophile)
403	0425	Bonet, (Théophile) / Bonet de Lates / Bonnart, (Jean) / Bonomi, ou Bonominus
404	0426	Bonomi, ou Bonominus / Bontekoë, (Corneille)
405	0427	Bontekoë, (Corneille) / Bontius, (Gérard) / Bontius, (Jacques)
406	0428	Bontius, (Jacques) / Bontius, (Regnier) / Boodt, (Anselme De) dit Boetius
407	0429	Boodt, (Anselme De) dit Boetius / Boot, (Gerard) / Boot, (Arnould)
408	0430	Borde, dit Perforatus, (André) / Bordenave (Toussaint) / Bordeu (Antoine De)
409	0431	Bordeu (Antoine De) / Bordeu (Théophile De)
410	0432	Bordeu (Théophile De)
411	0433	Bordeu (Théophile De) / Bordeu, (François De) / Bording, (Jacques)
412	0434	Bording, (Jacques) / Borel, (Pierre)
413	0435	Borel, (Pierre) / Borelli, (Jean-Alphonse)
414	0436	Borelli, (Jean-Alphonse)
415	0437	Borelli, (Jean-Alphonse) / Borgarucci, (Prosper) / Borgesius, ou Bourgeois (Jean)
416	0438	Borgesius, ou Bourgeois (Jean) / Borgesius, ou Bourgeois (Jean) / Borie (Jean-François De)
417	0439	Borri, (Joseph-François) / Borrichius (Olaus)
418	0440	Borrichius (Olaus)
419	0441	Borrichius (Olaus)
420	0442	Borrichius (Olaus) / Boschius (Jean) / Boscus (Hyppolite) / Bose, (George-Matthias) / Bossche, (Guillaume Vanden)
421	0443	Bossche, (Guillaume Vanden) / Botal, (Léonard)
422	0444	Botal, (Léonard)
423	0445	Botal, (Léonard) / Botanique
424	0446	Botanique
425	0447	Botanique
426	0448	Botanique
427	0449	Botanique
428	0450	Botanique / Botter, (Henri) / Bottoni (Albertin)
429	0451	Bottoni, (Dominique)
430	0452	Boucher (Pierre-Joseph) / Boudewins, (Michel) / Bouhin, (Pierre)
431	0453	Bouhin, (Pierre) / Bouillet (Jean)
432	0454	Bouillet (Jean) / Boulduc, (Simon)
433	0455	Boulduc, (Simon) / Bourdelin, (Claude) / Bourdelin, (Claude)
434	0456	Bourdelin, (Claude) / Bourdelot, (Edme) / Bourdelot. (L'Abbé) Voyez Michon / Bourdon, (Amé)
435	0457	Bourdon, (Amé) / Bourgeois. (Jean) Voyez Borgesius / Bourgeois, (Louise) dite Boursier / Bourges. (Louis De) Voyez Burgensis / Bourru (Edmond-Claude)
436	0458	Bourru (Edmond-Claude) / Boussuet (François) / Boussut (Nicolas De) / Boutherove, (Michel) / Bouvard (Charles)
437	0459	Bouvart (Charles) / Bouvart, (Michel-Philippe) / Boyer, (Jean-Baptiste-Nicolas)
438	0460	Boyer, (Jean-Baptiste-Nicolas)
439	0461	Boyer, (Jean-Baptiste-Nicolas) / Bozzavotra, (Antoine)
440	0462	Bozzavotra, (Antoine) / Bra, (Henri De)
441	0463	Bra, (Henri De) / Brabus Chamicus, (Jean) / Brachi, (Jacques)
442	0464	Brachmanes, ou Bramines (Les) / Bradley, (Richard) / Brancaleon (Jean-François) / Brandt
443	0465	Brandt / Brasavola, (Jérôme) / Brassart, (Jean-Joseph) / Brassavolo, (Antoine-Musa)
444	0466	Brassavolo, (Antoine-Musa) / Braun, (Salomon)
445	0467	Braun, (Salomon) / Bravo, (Jean) / Bravo De Sobremonte Ramires, (Gaspar) / Brendel, (Jean-Philippe)
446	0468	Brendel (Zacharie) / Bresmal (Jean-François)
447	0469	Bresmal (Jean-François) / Brest, (Vincent) / Brethous / Bretin, (Philibert)
448	0470	Brétonnavau, (René)
449	0471	Brétonnavau, (René) / Brettschneider. (Jean) Voyez Placotomus / Breughel (Pierre) / Breynius, ou Breyn (Jacques)
450	0472	Breynius, ou Breyn (Jacques) / Briganti, (Annibal)
451	0473	Briganti, (Annibal) / Briggs (Henri) / Briggs (Guillaume)
452	0474	Brigth, (Timothée) / Brisseau, (Pierre)
453	0475	Brissot, (Pierre)
454	0476	Brissot, (Pierre) / Broeck. (Jean Vanden) Voyez Paludanus / Broeckhuysen, (Benjamin Van) / Broen, (Jean) / Broeucquez (Jean-François Du)
455	0477	Broeucquez (Jean-François Du) / Bronzerio (Jean-Jérôme)
456	0478	Bronzerio (Jean-Jérôme) / Brossard / Brosse, (Gui De La)
457	0479	Brosse, (Gui De La) / Brosse, ou De Broche (Pierre La)
458	0480	Brosse, ou De Broche (Pierre La) / Brouzet, (N.) / Brown, (Thomas)
459	0481	Brown, (Thomas) / Browne, (Jean)
460	0482	Browne, (Jean) / Brucaeus, (Henri) / Bruckmann, (François-Erneste)
461	0483	Bruckmann, (François-Erneste) / Bruele, ou Brant (Gautier) / Bruguiere, (Jean)
462	0484	Bruguiere, (Jean) / Bruhesius, ou Van Bruhezen (Pierre)
463	0485	Bruhesius, ou Van Bruhezen (Pierre) / Bruhier (Jean-Jacques)
464	0486	Bruhier (Jean-Jacques) / Bruin, (Jean De) / Bruin (Jean De)
465	0487	Bruin (Jean De) / Bruitsma, (Reiner)
466	0488	Bruitsma, (Reiner) / Brumanus (Sigismond) / Brunel De Saint Pons (André) / Brunfelt, ou Brunfels, (Othon)
467	0489	Brunfelt, ou Brunfels, (Othon) / Brunn (Jean-Jacques)
468	0490	Brunn (Jean-Jacques) / Brunn, ou Brunner, (Jean-Conrad De)
469	0491	Brunn, ou Brunner, (Jean-Conrad De)
470	0492	Brunn, ou Brunner, (Jean-Conrad De) / Brunner, (Balthasar)
471	0493	Brunner, (Balthasar) / Bruno (Nicolas) / Bruno (Jacques-Pancrace)
472	0494	Bruno (Jacques-Pancrace) / Brunus / Bruschius, (François) / Bucci, ou Buccius (M. Augustin)
473	0495	Bucci, ou Buccius (M. Augustin) / Bucella, (Nicolas) / Buchner, (J. André-Elie) / Buchoz, (Pierre-Joseph)
474	0496	Buchoz, (Pierre-Joseph)
475	0497	Buchoz, (Pierre-Joseph)
476	0498	Buchoz, (Pierre-Joseph) / Budaeus (Augustin)
477	0499	Budaeus (Augustin) / Budée, (Guillaume) / Budée (Théophile)
478	0500	Budée (Théophile) / Bufalus, (Annibal) / Buhahyliha Bengesla
479	0501	Buhahyliha Bengesla / Bulchasim Benaberazerin / Bulius, ou Boelensz, (Nicolas)
480	0502	Bulius, ou Boelensz, (Nicolas)
481	0503	Bulius, ou Boelensz, (Nicolas) / Buncken, (Christian) / Bunel, (Guillaume) / Bunon, (Robert)
482	0504	Bunon, (Robert) / Buonfigli (Onuphre) / Burette, (Pierre-Jean)
483	0505	Burette, (Pierre-Jean)
484	0506	Burette, (Pierre-Jean) / Burgensis, ou De Bourges, (Jean)
485	0507	Burgensis, ou De Bourges, (Louis) / Burggravius, (Jean-Erneste)
486	0508	Burggravius, (Jean-Erneste)
487	0509	Burgius, (Jean) / Burgos (Alfonse De)
488	0510	Burgos (Alfonse De) / Burmann, (Jean) / Burnet (Thomas)
489	0511	Burnet (Thomas) / Burrhus, ou Borro. Voyez Borri / Burser, (Joachim) / Busennius, (Antoine) / Busson, (Julien) / Bustamantinus De La Camara (Jean)
490	0512	Bustamantinus De La Camara (Jean) / Butler, (Guillaume)
491	0513	Butler, (Guillaume) / Butoner. Voyez Boctoner / Buxbaum, (Jean-Christian) / Bzovius, (Abraham)
492	0514	C / Caballus, (François) / Cabrol, (Barthélémi)
493	0515	Cachet (Christophe)
494	0516	Cachet (Christophe) / Cadet, (Claude) / Cadet de Gassicourt, (Louis-Claude)
495	0517	Cadet de Gassicourt, (Louis-Claude) / Cadet de Vau, (Antoine-Alexis) / Cadmus / Caelius Aurelianus
496	0518	Caelius Aurelianus
497	0519	Caesalpin (André)
498	0520	Caesalpin (André)
499	0521	Caesalpin (André) / Caesarius, (Jean)
500	0522	Cagnati (Marcel) / Cahaignes, (Jacques)
501	0523	Caimi, ou Caimo (Zacharie) / Caimi, ou Caimo (Pompée)
502	0524	Caimi, ou Caimo (Pompée) / Caïus, (Bernardin) / Caïus, ou Kaye, (Jean)
503	0525	Caïus, ou Kaye, (Jean) / Caius Plinius Secundus
504	0526	Caius Plinius Secundus
505	0527	Caius Plinius Secundus
506	0528	Caius Plinius Secundus
507	0529	Caius Plinius Secundus
508	0530	Caius Plinius Secundus
509	0531	Caïus Valgius / Calano (Maurice) / Calceolari, (François) / Caldarone, (Jacques)
510	0532	Caldarone, (Jacques) / Caldera de Heredia, (Gaspar) / Caldivel, (Richard) / Callard de La Ducquerie, (Jean-Baptiste) / Callianax
511	0533	Callianax / Calligenes / Callimachus / Callisthene / Callot (François-Joseph)
512	0534	Callot (François-Joseph) / Calmette (François) / Calvi, (Jean) / Calvo, (Jean)
513	0535	Calvo, (Jean) / Calvus, (Marcus Fabius) / Camanusali / Camanyas (Pierre)
514	0536	Camanyas (Pierre) / Camelus, ou Camelius / Camerarius, (Elie-Rodolphe) / Camerarius, (Rodolphe-Jacques)
515	0537	Camerarius, (Elie)
516	0538	Camerarius, (Elie)
517	0539	Camerarius, (Elie) / Camerarius (Joachim)
518	0540	Camerarius (Joachim) / Camerarius (Joachim)
519	0541	Camerarius (Joachim)
520	0542	Camerarius (Joachim) / Camerarius (Joachim) / Campanella, (Thomas) / Campegius. Voyez Champier / Camper (Pierre)
521	0543	Camper (Pierre)
522	0544	Campi, (Michel & Balthasar) / Campo, (Benoit De) / Campolongo (Emile)
523	0545	Campolongo (Emile) / Camus (Antoine Le)
524	0546	Camus (Antoine Le)
525	0547	Camus (Antoine Le)
526	0548	Camus (Antoine Le) / Camutius (André) / Canani, (Jean-Baptiste)
527	0549	Canani, (Jean-Baptiste) / Canape, (Jean) / Candianus, (Ange)
528	0550	Candianus, (Ange) / Canevari (Démétrio) / Cangiamila, (François-Emmanuël) / Canonherius, (Pierre-André)
529	0551	Canonherius, (Pierre-André) / Cant, (Arent) / Cantwel, (André)
530	0552	Cantwel, (André) / Capellutius, (Roland) / Capitaneus, (Pierre)
531	0553	Capitaneus, (Pierre) / Capiton (Wolfgang-Fabrice)
532	0554	Capiton (Wolfgang-Fabrice) / Capivaccio, ou Capo di Vacca, (Jérôme)
533	0555	Capivaccio, ou Capo di Vacca, (Jérôme) / Capponi, ou Capponio, (Jean-Baptiste) / Capra (Marcel)
534	0556	Capra (Marcel) / Capua, ou Di Capoa (Léonard)
535	0557	Capua, ou Di Capoa (Léonard)
536	0558	Capua, ou Di Capoa (Léonard) / Carcano, (Archelao)
537	0559	Carcano, (Archelao) / Carcassonne (Bernard-Gauderic)
538	0560	Carcassonne (Bernard-Gauderic) / Cardan, (Jérôme)
539	0561	Cardan, (Jérôme)
540	0562	Cardan, (Jérôme)
541	0563	Cardan, (Jérôme) / Cardan, (Jean-Baptiste) / Cardilucius (Jean-Hiskias) / Cardini, (Ignace)
542	0564	Cardini, (Ignace) / Cardoso, (Ferdinand) / Carin, ou Charin, (Louis) / Carl, (Jean-Samuel)
543	0565	Carl, (Jean-Samuel) / Carlier, (Henri) / Carmona, (Jean De) / Carnarius, ou Vleeschouwer (Jean) / Carpi, (Jacques)
544	0566	Carpi, (Jacques)
545	0567	Carpi, (Jacques) / Carrera, (Antoine Princival) / Carrere, (François)
546	0568	Carrere, (François) / Carrere, (Joseph) / Carrere, (Thomas)
547	0569	Carrere, (Thomas)
548	0570	Carrere, (Joseph-Barthélémi-François)
549	0571	Carrere, (Joseph-Barthélémi-François) / Carrero, (Pierre-Garcie) / Carret, (Louis)
550	0572	Carret, (Louis) / Carroza (Jean)
551	0573	Cartagena, (Antoine) / Cartheuser, (Jean-Frédéric)
552	0574	Cartheuser, (Jean-Frédéric) / Casatus (Joseph) / Case (Jean)
553	0575	Case (Jean) / Caspius (George) / Cassebohm, (Jean-Frédéric)
554	0576	Cassebohm, (Jean-Frédéric) / Casserius, (Jules)
555	0577	Casserius, (Jules) / Cassius (André) / Cassius Félix
556	0578	Cassius Félix / Castellan, ou Du Chastel (Honoré)
557	0579	Castellan, ou Du Chastel (Honoré) / Castellan, (Pierre) / Castellini (Jean)
558	0580	Castellini (Jean) / Castellus, (Barhélémi) / Castellus, (Pierre)
559	0581	Castellus, (Pierre) / Castet (Dominique) / Castiglione, (Pierre-Marie)
560	0582	Castiglione, (Pierre-Marie) / Castiglione, (Jean-Honoré) / Castille, (Jean De) / Castle, (George)
561	0583	Castrius, (Jacques) / Castro (André-Antoine De) / Castro, (Etienne-Rodriguez De)
562	0584	Castro, (Rodriguez De) / Castro, (Pierre De)
563	0585	Castro, (Pierre De) / Castro, (Benoit De) / Castrogiaanne, (Bernard-Marie De)
564	0586	Castrogiaanne, (Bernard-Marie De)
565	0587	Castrogiaanne, (Bernard-Marie De) / Cat, (Claude-Nicolas Le)
566	0588	Cat, (Claude-Nicolas Le)
567	0589	Cat, (Claude-Nicolas Le)
568	0590	Cat, (Claude-Nicolas Le)
569	0591	Cat, (Claude-Nicolas Le)
570	0592	Cat, (Claude-Nicolas Le)
571	0593	Cat, (Claude-Nicolas Le)
572	0594	Cataneus (Jacques) / Catania, (François) / Catanutus, (Nicolas) / Catho, ou Cattho, (Angelo)
573	0595	Caton. Voyez Marc Caton / Cattier, (Isaac) / Cavallus, (François) / Caufapé, (Anicet)
574	0596	Caufapé, (Anicet) / Cauliac, De Chauliac, ou De Chaulieu (Gui De)
575	0597	Cauliac, De Chauliac, ou De Chaulieu (Gui De)
576	0598	Cauliac, De Chauliac, ou De Chaulieu (Gui De) / Caxanes, (Bernard) / Caze (Louis De La)
577	0599	Caze (Louis De La) / Cellarius (Salomon) / Celsus, ou Aurelius Cornelius Celsus
578	0600	Celsus, ou Aurelius Cornelius Celsus
579	0601	Celsus, ou Aurelius Cornelius Celsus
580	0602	Celsus, ou Aurelius Cornelius Celsus
581	0603	Celsus, ou Aurelius Cornelius Celsus
582	0604	Celsus, ou Aurelius Cornelius Celsus / Cereti, (Daniel) / Cermisonus, (Antoine)
583	0605	Ceruti, (Frédéric) / Cesaire, (Saint) / Cesar Optatus / Cestoni, (Hyacinthe)
584	0606	Cestoni, (Hyacinthe) / Cézan, (Louis-Alexandre De)
585	0607	Cézan, (Louis-Alexandre De) / Chabraeus ou Chabré, (Dominique)
586	0608	Chabraeus ou Chabré, (Dominique) / Chacon, (Denis Daza) / Chaillou, (Jacques) / Chalin de Vinario. Voyez Raimond de Vinario / Chalmet (Antoine) Voyez Chaumette / Chaloner, (Thomas) / Chamberlayne (Pierre)
587	0609	Chambon (N.)
588	0610	Chambon (N.) / Chambre, (Guillaume De La) / Chambre, (Marin Cureau De La)
589	0611	Chambre, (Marin Cureau De La) / Champagneux, (Henri De) / Champeaux (Claude) / Champier dit Campegius, (Symphorien)
590	0612	Champier dit Campegius, (Symphorien)
591	0613	Champier dit Campegius, (Symphorien) / Champier, (Jean Bruyren)
592	0614	Champier, (Jean Bruyren) / Chapelain, (Jean) / Chapelain (Jean)
593	0615	Chapelain (Jean) / Chapman, (Edmond) / Chapuys, (Claude)
594	0616	Chapuys, (Claude) / Charas, (Moyse)
595	0617	Charas, (Moyse) / Charicles
596	0618	Charin. Voyez Carin / Charles, (René) / Charleton (Gautier)
597	0619	Charleton (Gautier)
598	0620	Charleton (Gautier) / Charmes (les)
599	0621	Charmes (les) / Charmeton (Jean-Baptiste) / Charmis
600	0622	Charmis / Charpentier, (Jacques)
601	0623	Charpentier, (Jacques) / Charriere, (Joseph De La) / Chartier (René)
602	0624	Chartier (René)
603	0625	Chartier (René) / Chartier, (Jean) / Chartier, (Philippe)
604	0626	Chartier, (Philippe) / Chastanet (Léonard) / Chastel. (Honoré Du) Voyez Castellan / Chastelain
605	0627	Chastelain / Chatel. (Pierre Du) Voyez Castellan / Chaulieu. (Gui De) Voyez Cauliac / Chaumette, (Antoine)
606	0628	Chaumette, (Antoine) / Chemnitius (Jean) / Cherler, (Jean-Henri)
607	0629	Cherler, (Jean-Henri) / Cheselden (Guillaume)
608	0630	Cheselden (Guillaume) / Chesne (Denis Du)
609	0631	Chesne (Denis Du) / Chesne dit Quercetanus, (Joseph Du)
610	0632	Chesne dit Quercetanus, (Joseph Du) / Chesneau dit Quercetanus, (Nicolas)
611	0633	Chesneau dit Quercetanus, (Nicolas) / Chevalier (Louis Mondoly) / Chevalier, (Jean-Damien)
612	0634	Chevalier, (Jean-Damien) / Cheyne, (George)
613	0635	Cheyne, (George) / Chavellus, (René-Scipion) / Chicoyneau, (Michel)
614	0636	Chicoyneau, (Michel) / Chicoyneau, (François)
615	0637	Chicoyneau, (François)
616	0638	Chicoyneau, (François) / Chicoyneau, (Aimé-François)
617	0639	Chicoyneau, (Aimé-François) / Chifflet, (Jean-Jacques)
618	0640	Chifflet, (Jean-Jacques) / Chiocco, (André) / Chirac (Pierre)
619	0641	Chirac (Pierre)
620	0642	Chirac (Pierre)
621	0643	Chirac (Pierre)
622	0644	Chirac (Pierre)
623	0645	Chirac (Pierre)
624	0646	Chirac (Pierre) / Chiron le centaure
625	0647	Chiron le centaure / Chirurgie
626	0648	Chirurgie
627	0649	Chirurgie
628	0650	Chirurgie / Chirurgie à Paris
629	0651	Chirurgie à Paris
630	0652	Chirurgie à Paris
631	0653	Chirurgie à Paris
632	0654	Chirurgie à Paris
633	0655	Chirurgie à Paris
634	0656	Chirurgie à Paris
635	0657	Chirurgie à Paris
636	0658	Chirurgie à Paris
637	0659	Chirurgie à Paris
638	0660	Chirurgie à Paris
639	0661	Chirurgie à Paris
640	0662	Chirurgie à Paris
641	0663	Chirurgie à Paris
642	0664	Chirurgien (premier)
643	0665	Chirurgien (premier)
644	0666	Chirurgien (premier) / Chmielecius (Martin) / Chomel, (Jacques-François) / Chomel, (Pierre-Jean-Baptiste)
645	0667	Chomel, (Pierre-Jean-Baptiste) / Chrétien, (Florent) / Chrétien, (Gervais)
646	0668	Chrétien, (Gervais) / Christian (André) / Christin (Bernardin)
647	0669	Christin (Bernardin) / Chrouet, (Warner) / Chrysermus / Chrysippe
648	0670	Chrysippe / Chrysococca, (George) / Chymie
649	0671	Chymie
650	0672	Chymie
651	0673	Chymie
652	0674	Chymie / Cigalinus (François) / Cigna (Jean-François) / Cinningo, ou Xin-Num
653	0675	Cinningo, ou Xin-Num / Circé
654	0676	Circé / Citois, (François) / Clarke (Guillaume)
655	0677	Clauder, (Gabriel)
656	0678	Clauder, (Gabriel) / Claudini, (Jules-César) / Claudius Agaternus
657	0679	Claudius Agaternus / Claudius Aelianus / Clauzier, (Jean-Louis) / Clayton (Thomas)
658	0680	Clayton (Thomas) / Clément (Jean) / Clément (Julien)
659	0681	Clément (Julien) / Clementinus, (Clément) / Cleombrotus, ou Theombrotus / Cléopatre
660	0682	Cléopatre
661	0683	Cléopatre / Cleophantus / Clerc, (N.)
662	0684	Clerc, (N.) / Clerc (Le) Voyez Leclerc / Cleyer, (André)
663	0685	Clifton, (François)
664	0686	Clinique (médecine) / Clowes (Guillaume) / Clusius, ou L'Escluse, (Charles)
665	0687	Clusius, ou L'Escluse, (Charles)
666	0688	Clusius, ou L'Escluse, (Charles)
667	0689	Clusius, ou L'Escluse, (Charles)
668	0690	Clusius, ou L'Escluse, (Charles)
669	0691	Clusius, ou L'Escluse, (Charles) / Clutius, ou Cluyt (Ogier)
670	0692	Clutius, ou Cluyt (Ogier) / Cnidiens / Cnobloch, (Jean)
671	0693	Cnobloch, (Jean) / Cnoeffel, (André)
672	0694	Cnoeffel, (André) / Cnopf (Jean-Jacques) / Cocchi, (Camille) / Cocchi, (Antoine-Célestin)
673	0695	Cocchi, (Antoine)
674	0696	Cocchi, (Antoine) / Coccius (Thomas) / Cockburn, (Guillaume)
675	0697	Cockburn, (Guillaume) / Cocles, (Barthélémi) / Coctier, (Jacques)
676	0698	Coctier, (Jacques) / Codronchius (Baptiste)
677	0699	Codronchius (Baptiste) / Coeli, (Antoine) / Coeur (Jacques) / Cogan, (Thomas)
678	0700	Cogan, (Thomas) / Cogrossi, (Charles-François) / Cohausen (Jean-Henri)
679	0701	Cohausen (Jean-Henri) / Coiter (Volcherus)
680	0702	Coiter (Volcherus) / Col de Villars. Voyez Villars. (Elie Col De) / Colbatch, (Jean)
681	0703	Colbatch, (Jean) / Cole (Guillaume)
682	0704	Cole (Guillaume) / Collado, (Louis)
683	0705	Colle (Jean) / Collimitz, (George)
684	0706	Collimitz, (George) / Collin, (Sébastien) / Collins, (Samuel)
685	0707	Colombier, (Jean) / Colomna, (Fabio)
686	0708	Colomna, (Fabio) / Colot, (Germain) / Colot, (Laurent)
687	0709	Colot, (Laurent) / Colot, (François)
688	0710	Colot, (François)
689	0711	Colot, (François)
690	0712	Colot, (François) / Columba, (Gerard) / Columbus, (François)
691	0713	Columbus, (François) / Columbus, (Realdus)
692	0714	Columbus, (Realdus) / Columella. Voyez Lucius Junius-Moderatus Columella / Combalusier, (François de Paule)
693	0715	Combalusier, (François de Paule) / Come, (Frere Jean de Saint)
694	0716	Come, (Frere Jean de Saint) / Commelin, (Jean)
695	0717	Commelin, (Jean) / Commelin, (Gaspar) / Concoregio (Jean De)
696	0718	Confalonerius (Jean-Baptiste) / Connil (François) / Connor, (Bernard)
697	0719	Connor, (Bernard) / Conringius, (Herman)
698	0720	Conringius, (Herman)
699	0721	Conringius, (Herman) / Consentinus (Thomas Cornelius) / Constantin
700	0722	Constantin / Constantin, (Robert)
701	0723	Constantin, (Robert) / Conty, (Evrard De) / Cop (Guillaume)
702	0724	Cop (Guillaume) / Copernic, (Nicolas)
703	0725	Copernic, (Nicolas) / Cophon / Corde, (Maurice De La)
704	0726	Corde, (Maurice De La) / Cordo. (Simon à) Voyez Simon de Genes
705	0727	Cordus, (Erycius) / Cordus, (Valerius)
706	0728	Cordus, (Valerius)
707	0729	Cordus, (Valerius) / Corella, (Alphonse De)
708	0730	Corella, (Alphonse De) / Cornachini, (Thomas) / Cornarius (Jean)
709	0731	Cornarius (Jean)
710	0732	Cornarius (Jean) / Cornaro, (Louis)
711	0733	Cornaro, (Louis) / Cornax, (Matthias) / Cornelius. (Thomas) Voyez Consentinus / Cornuti, (Jacques-Philippe)
712	0734	Cornuti, (Jacques-Philippe) / Corte dit Curtius (Barthélémi) / Cortes, (Pierre)
713	0735	Cortes, (Pierre) / Cortesi (Jean-Baptiste)
714	0736	Cortesi (Jean-Baptiste)
715	0737	Cortesi (Jean-Baptiste) / Cortusus, (Jacques-Antoine) / Cos. (médecins de l'isle de) / Cos, (le temple de)
716	0738	Cos, (le temple de) / Coschwitz, (George-Daniel) / Costa, (Christophe à)
717	0739	Costa, (Christophe à) / Costaeus (Jean)
718	0740	Costaeus (Jean) / Coste, (N.)
719	0741	Coste, (N.) / Costerus (Jean) / Coudemberg, (Pierre) / Coudin, (Laurent) / Covillard, (Joseph)
720	0742	Covillard, (Joseph) / Courcelles, (Etienne Chardon De) / Courtaud, (Siméon)
721	0743	Courtaud, (Siméon)
722	0744	Courtaud, (Siméon) / Courtial, (Jean-Joseph) / Courtin (Germain)
723	0745	Courtin (Germain) / Courvée, (Jean-Claude De La) / Cousinot (Jacques)
724	0746	Cousinot (Jacques) / Coward (Guillaume) / Cowper, (Guillaume)
725	0747	Cowper, (Guillaume)
726	0748	Cowper, (Guillaume) / Cox, (Thomas) / Craanen, (Théodore)
727	0749	Craanen, (Théodore) / Cramer (Gabriel) / Crasso, (Jules-Paul)
728	0750	Crasso, (Jules-Paul) / Craterus / Cratevas, ou Crativas
729	0751	Cratevas, ou Crativas / Craton, surnommé de Crafftheim (Jean)
730	0752	Craton, surnommé de Crafftheim (Jean) / Craus, ou Kraus (Rodolphe-Guillaume)
731	0753	Craus, ou Kraus (Rodolphe-Guillaume) / Crema, (Liberalis) / Crescentius, (François) / Cretenet, (Jacques)
732	0754	Cretenet, (Jacques) / Crinas, ou Critias / Crinous, (Paul) / Crispus (Antoine)
733	0755	Crispus (Antoine) / Critias. Voyez Crinas / Cristobule / Cristodeme / Criton
734	0756	Criton / Croci, ou Cruceius (Jean-André) / Croix (les Freres de la Rose)
735	0757	Croix (les Freres de la Rose) / Croix, (Marc De La)
736	0758	Croix, (Marc De La) / Crollius, (Oswald) / Croone (Guillaume)
737	0759	Crucius, ou A Cruse, (Vincent) / Cruger, (Daniel)
738	0760	Cruger, (Daniel) / Cruscianus, ou Trusainus / Cruser, ou De Croeser, (Herman)
739	0761	Cruser, ou De Croeser, (Herman) / Crusius (David) / Cruyninghen (Jean De)
740	0762	Cruyninghen (Jean De) / Ctesias / Cuneus, (Gabriël)
741	0763	Cuno (Clément-Jean) / Cupanus (François) / Cureau de La Chambre. Voyez Chambre. (Marin Cureau de La) / Cureus, (Joachim)
742	0764	Cureus, (Joachim) / Curion, (Jacques)
743	0765	Curion, (Jacques) / Curtius, (Matthieu)
744	0766	Cuspinien, (Jean) / Cyprianus (Abraham) / Cyr, (Saint)
745	0767	Cyrene (Temple de) / Cyrus
746	0768	
747	0769	Errata
748	0770	
749	0771	
