page	refimg	chapitre
[sans numérotation]	0001	[Page de faux-titre]
[sans numérotation]	0002	
[sans numérotation]	0003	[Page de titre]
[sans numérotation]	0004	
[sans numérotation]	0005	D / Dacquet, (Pierre) / Daelmann, (Gilles)
2	0006	Dale, (Samuel) / Daleschamps, (Jacques)
3	0007	Daleschamps, (Jacques) / Dalen, (Antoine De) / Dallion, ou Dallon
4	0008	Damascene, (Jean) / Damocrates. Voyez Servilius Damocrates / Danielli (Etienne)
5	0009	Danielli (Etienne) / Daphnus / Dappers, (Olivier)
6	0010	Dappers, (Olivier) / Daquin (Antoine)
7	0011	Daquin (Antoine) / Dariot, (Claude)
8	0012	Datt, (Nicolas) / Daval, (Jean) / Daubenton, (Louis-Marie)
9	0013	Daubenton, (Louis-Marie) / D'Aubigné de La Fosse, (Nathan) / David, ou Davis (Jean) / David, (Jean-Pierre)
10	0014	David, (Jean-Pierre) / Daviel (Jacques)
11	0015	Daviel (Jacques)
12	0016	Daviel (Jacques) / Davisson (Guillaume) / Déane (Edmond) / Dée, (Jean)
13	0017	Dée, (Jean) / Dée, (Arthur) / Déesses de la Médecine
14	0018	Déesses de la Médecine
15	0019	Déesses de la Médecine / Deidier, (Antoine)
16	0020	Deidier, (Antoine)
17	0021	Deidier, (Antoine) / Dekkers, (Frédéric) / Delepierre, (Jacques) / Delort (Jean)
18	0022	Delort (Jean) / Demetrius Pepagomene / Démocede
19	0023	Démocede / Démocrite
20	0024	Démocrite
21	0025	Démocrite / Démosthene / Demours, (Pierre)
22	0026	Demours, (Pierre)
23	0027	Demours, (Pierre) / Denton (Guillaume)
24	0028	Denton (Guillaume) / Denys, (Jean) / Denys, (Jacques)
25	0029	Denys, (Jacques) / Depré (Jean-Frédéric) / Derham (Samuel)
26	0030	Derham (Samuel) / Desault, (Pierre)
27	0031	Descartes (René)
28	0032	Descartes (René)
29	0033	Descartes (René) / Desessartz, (Jean-Charles)
30	0034	Desessartz, (Jean-Charles) / Des Jardins, ou Hortensius (Jean) / Desmars, (N.)
31	0035	Desmars, (N.) / Desmilleville, (N.)
32	0036	Desmilleville, (N.) / Desnoues, (Guillaume) / Despars, ou De Partibus (Jacques)
33	0037	Despars, ou De Partibus (Jacques) / Desportes, (Jean-Baptiste) / Dessenius, dit De Cronenbourg, (Bernard)
34	0038	Dessenius, dit De Cronenbourg, (Bernard) / Detharding (George)
35	0039	Detharding (George) / Devaux (Jean)
36	0040	Devaux (Jean) / Devaux, (Jean)
37	0041	Devaux, (Jean)
38	0042	Devaux, (Jean)
39	0043	Devaux, (Jean)
40	0044	Devaux, (Jean) / Deventer, (Henri)
41	0045	Deventer, (Henri) / Deuller, (J.) / Deusingius (Antoine)
42	0046	Deusingius (Antoine
43	0047	Deusingius (Antoine
44	0048	Deusingius (Antoine
45	0049	Deusingius (Antoine
46	0050	Deusingius (Antoine
47	0051	Dexippus, ou Dioxippus / Diagoras / Dickinson (Edmond)
48	0052	Dickinson (Edmond) / Didelot, (N.) / Diemerbroeck (Isbrand De)
49	0053	Diemerbroeck (Isbrand De) / Dietericus (Helvicus)
50	0054	Dietericus (Helvicus) / Dieuchés
51	0055	Dieux de la médecine
52	0056	Dieux de la médecine / Digby, (Kenelme)
53	0057	Digby, (Kenelme) / Dillen, (Jean-Jacques)
54	0058	Dillen, (Jean-Jacques) / Dinghens De Dinghen, (Léonard-François) / Dinus de Garbo. Voyez Garbo / Diocles
55	0059	Diocles
56	0060	Diocles / Diogene Apolloniate / Dionis, (Pierre)
57	0061	Dionis, (Pierre) / Dionysius
58	0062	Dionysius / Dioscoride, (Pedacius)
59	0063	Dioscoride, (Pedacius)
60	0064	Dioscoride, (Pedacius)
61	0065	Dioscoride, (Pedacius) / Dioscoride, surnommé Phacas, ou Lentinus / Diotime / Dioxippus. Voyez Dexippus / Dippel (Jean-Conrad)
62	0066	Dippel (Jean-Conrad) / Disaire / Disdier, (François-Michel)
63	0067	Divry, (Jean) / Döbelius, (Jean-Jacques)
64	0068	Döbelius, (Jean-Jacques) / Dodart, (Denis)
65	0069	Dodart, (Denis) / Dodoens, (Rambert)
66	0070	Dodoens, (Rambert)
67	0071	Dodoens, (Rambert)
68	0072	Dodoens, (Rambert) / Doeveren, (Gautier Van) / Doglioli, (Renaud) / Dogmatique. (secte)
69	0073	Dogmatique. (secte)
70	0074	Dogmatique. (secte)
71	0075	Dogmatique. (secte)
72	0076	Dogmatique. (secte)
73	0077	Dogmatique. (secte)
74	0078	Dogmatique. (secte)
75	0079	Dogmatique. (secte)
76	0080	Dogmatique. (secte) / Doionus, (Jules) / Doison, (Marc)
77	0081	Doison, (Marc) / Dolaeus, ou Dolée, (Jean) / Doldius (Léonard) / Donatus. Voyez Marcellus Donatus / Dondus, ou De Dondis (Jacques)
78	0082	Dondus, ou De Dondis (Jacques)
79	0083	Dondus, ou De Dondis (Jacques) / Donduzzi, (Jérôme-Marie-Laurent) / Donia, (Matthieu)
80	0084	Donoli, (François-Alphonse) / Donzellini, (Jérôme)
81	0085	Donzellini, (Jérôme) / Doody, (Samuël) / Dordonus, (George)
82	0086	Dorer, (André) / Doring, (Michel) / Dornavius (Gaspar)
83	0087	Dornavius (Gaspar) / Dornkrell D'Eberhertz, (Tobie) / Dorstenius (Théodoric) / Dortoman, (Nicolas)
84	0088	Dortoman, (Nicolas) / Dortoman, (Pierre)
85	0089	Dortoman, (Pierre) / Douglas, (Jacques)
86	0090	Douglas, (Jacques)
87	0091	Douglas, (Jean)
88	0092	Dracon / Draconis de Beaucaire / Drake, (Jacques)
89	0093	Dran. (Henri Le) Voyez Le Dran / Drebelius, ou Van Drebbel, (Corneille)
90	0094	Drebelius, ou Van Drebbel, (Corneille) / Drelincourt, (Charles)
91	0095	Drelincourt, (Charles)
92	0096	Drelincourt, (Charles)
93	0097	Drelincourt, (Charles)
94	0098	Drelincourt, (Charles) / Driander, (Jean) / Drivere, (Jérémie)
95	0099	Drivere, (Jérémie)
96	0100	Drivere, (Jérémie)
97	0101	Drouin (Vincent-Denis) / Druides (les)
98	0102	Dubois de Le Boë (François)
99	0103	Dubois de Le Boë (François)
100	0104	Dubois de Le Boë (François) / Dubois, ou Sylvius, (Jacques)
101	0105	Dubois, ou Sylvius, (Jacques)
102	0106	Dubois, ou Sylvius, (Jacques)
103	0107	Dubois, ou Sylvius, (Jacques)
104	0108	Dubois, ou Sylvius, (Jacques) / Dubois (Jean) / Duccini, (Joseph) / Duclos (Samuel Cottereau)
105	0109	Duclos (Samuel Cottereau) / Ducret, ou Dukret, (Toussaint) / Dudley, (Robert) / Dudon, ou Dudes
106	0110	Dudon, ou Dudes / Dufour, (Philippe-Silvestre) / Du Laurens, (André)
107	0111	Du Laurens, (André)
108	0112	Du Laurens, (André) / Dumoulin, ou Molin, (Jacques)
109	0113	Dumoulin, ou Molin, (Jacques) / Duncan, (Marc)
110	0114	Duncan, (Marc) / Duncan, (Daniel) / Dupuis, (Guillaume)
111	0115	Dupuis, (Guillaume) / Dupuy, (Jean Cochon) / Dupuy, ou Puteanus, (Louis) / Durant, (Jacques)
112	0116	Durant, (Jacques) / Durantes, (Castor) / Durer (Albert)
113	0117	Duret, (Louis)
114	0118	Duret, (Louis)
115	0119	Duret, (Louis)
116	0120	Duret, (Louis)
117	0121	Duret, (Louis)
118	0122	Duret, (Louis)
119	0123	Duret, (Louis) / Du Roy, dit Regius (Henri)
120	0124	Du Roy, dit Regius (Henri) / Duval, (Guillaume)
121	0125	Duval, (Guillaume) / Duval, (Jean) / Du Verney, (Joseph-Guischard)
122	0126	Du Verney, (Joseph-Guischard)
123	0127	Du Verney, (Joseph-Guischard)
124	0128	Du Verney, (Joseph-Guischard) / Du Verney, (Pierre) / Duvernoy, (Jean-George)
125	0129	E / Eben Rodan. Voyez Haly Rodoham / Ebenus (Philippe-Louis) / Echtius (Jean) / Eclectique. (secte)
126	0130	Eclectique. (secte) / Ecrivain, (Roland L') / Eetvelde, (Jean Van Den)
127	0131	Eetvelde, (Jean Van Den) / Eggs, (Frédéric)
128	0132	Eggs, (Frédéric) / Eginete. Voyez Paul D'Egine / Egyptiens. (etat de la médecine chez les)
129	0133	Egyptiens. (etat de la médecine chez les)
130	0134	Egyptiens. (etat de la médecine chez les)
131	0135	Egyptiens. (etat de la médecine chez les)
132	0136	Egyptiens. (etat de la médecine chez les)
133	0137	Egyptiens. (etat de la médecine chez les) / Eichstad (Laurent) / Eisemman (George)
134	0138	Eisemman (George) / Eisen (Charles-Christophe) / Eisenmenger, (Samuel) / Eisenschmid, (Jean-Gaspar)
135	0139	Eisenschmid, (Jean-Gaspar) / Elama, (Reinier D') / Elephantis / Elichman (Jean) / Elkenani
136	0140	Elkenani / Ellain, (Nicolas) / Ellebodius, ou Van Ellebode (Nicaise)
137	0141	Eller, (Jean-Théodore) / Ellinger, (André) / Elpidius. Voyez Rustique Elpide / Elsholz (Jean-Sigismond)
138	0142	Elsholz (Jean-Sigismond) / Emmerez, (Paul) / Empedocle
139	0143	Empedocle
140	0144	Empedocle / Empirique. (secte)
141	0145	Empirique. (secte)
142	0146	Empirique. (secte) / Emram / Enone / Ent, (George)
143	0147	Ent, (George) / Epicharme / Epidaure, (temple d')
144	0148	Epidaure, (temple d') / Epimenide
145	0149	Epimenide / Epine, (Guillaume-Joseph De L') / Episcopus, (Jean-Dominique) / Episynthetique, (secte) / Erasistrate
146	0150	Erasistrate
147	0151	Erasistrate
148	0152	Erasistrate
149	0153	Erasistrate / Erasme (Didier)
150	0154	Erasme (Didier) / Eraste, (Thomas)
151	0155	Eraste, (Thomas) / Eratosthene / Erckern, (Lazare)
152	0156	Eribotes / Ericius Cordus. Voyez Cordus / Ermengaud, ou Armegandus Blasius / Erndl, (Christian-Henri)
153	0157	Erndl, (Christian-Henri) / Erotianus
154	0158	Eryximachus / Escluse, (Charles De L') Voyez Clusius / Esculape
155	0159	Esculape
156	0160	Esculape
157	0161	Esculape
158	0162	Esculape
159	0163	Esculape
160	0164	Esculape
161	0165	Esculape / Esseniens / Esseriph Essachali
162	0166	Esseriph Essachali / Esteve, (Pierre-Jacques) / Esth (Lubert) / Etienne, (Charles)
163	0167	Etienne, (Charles)
164	0168	Etienne, (Charles) / Ettabarani / Ettmuller (Michel)
165	0169	Ettmuller (Michel)
166	0170	Evax / Eucharius Rhodion / Eudeme
167	0171	Eudeme / Eudeme / Eudoxe
168	0172	Eudoxe / Evelyn, (Jean) / Everaerts, (Martin) / Everard, (Gilles)
169	0173	Everard, (Gilles) / Eugalenus, (Séverin) / Eugenus, (Lactance)
170	0174	Eunapius / Euphorbe / Euryphon
171	0175	Eustachi, (Barthélémi)
172	0176	Eustachi, (Barthélémi)
173	0177	Eustachi, (Barthélémi) / Eutichius Philotheus. Voyez Niphus / Eysel (Jean-Philippe) / Eysson (Henri)
174	0178	Eysson (Henri) / Ezarharagui
175	0179	F / Fabbra (Louis Della) / Faber, (Albert-Othon)
176	0180	Faber, (Albert-Othon) / Fabius, (Guillaume)
177	0181	Fabius, (Guillaume) / Fabre, (Pierre) / Fabri, (Jean) / Fabri, (Honoré)
178	0182	Fabri, (Honoré) / Fabrice (François) / Fabrice. (Guillaume) Voyez Hildan / Fabrice, (Henri)
179	0183	Fabrice, (Henri) / Fabricio, (Jérôme)
180	0184	Fabricio, (Jérôme)
181	0185	Fabricio, (Jérôme) / Fabricius (Jérôme)
182	0186	Fabricius (Jacques)
183	0187	Fabricius (Jacques) / Fabricius, (Jean-Georges)
184	0188	Fabricius, (Erneste-Frédéric) / Fabricius, (Philippe Conrad) / Fabricius, (Jean-Albert)
185	0189	Fabricius, (Jean-Albert) / Fabricius Hildanus. Voyez Hildan / Faget, (Jean)
186	0190	Faget, (Jean) / Fagon (Gui-Crescent)
187	0191	Fagon (Gui-Crescent)
188	0192	Fagon (Gui-Crescent) / Falco, ou Faucon (Jean) / Falconet, (Charles)
189	0193	Falconet, (Charles) / Falconet, (André) / Falconet, (Noël)
190	0194	Falconet, (Noël) / Falconet, (Camille)
191	0195	Falconet, (Camille)
192	0196	Falconet, (Camille)
193	0197	Falconet, (Camille) / Fallopio, (Gabriël)
194	0198	Fallopio, (Gabriël)
195	0199	Fallopio, (Gabriël)
196	0200	Fallopio, (Gabriël)
197	0201	Fantoni, (Jean)
198	0202	Farraguth, Farragus, ou Ferragius / Farvacques (Robert De) / Faschius (Augustin-Henri) / Fauchard, (Pierre)
199	0203	Fauchard, (Pierre) / Faudacq (Charles-François) / Favelet (Jean-François)
200	0204	Favelet (Jean-François)
201	0205	Favelet (Jean-François) / Faulisio (Joseph) / Favolius, ou Favoli, (Hugues)
202	0206	Favolius, ou Favoli, (Hugues) / Faye, (George De La) / Fehr (Jean-Michel)
203	0207	Fehr (Jean-Michel) / Felicianus, (Jean-Bernard) / Félix de Tassy, (François)
204	0208	Félix de Tassy, (François) / Femmes (médecine exercée par les)
205	0209	Femmes (médecine exercée par les)
206	0210	Femmes (médecine exercée par les) / Fendius, (Melchior) / Ferdinandi, (Epiphane)
207	0211	Ferdinandi, (Epiphane) / Ferg, ou Freg, (Christophe)
208	0212	Fernel, (Jean)
209	0213	Fernel, (Jean)
210	0214	Fernel, (Jean)
211	0215	Fernel, (Jean)
212	0216	Fernel, (Jean)
213	0217	Fernel, (Jean)
214	0218	Fernel, (Jean)
215	0219	Fernel, (Jean)
216	0220	Fernel, (Jean)
217	0221	Fernel, (Jean)
218	0222	Fernel, (Jean)
219	0223	Fernel, (Jean)
220	0224	Fernel, (Jean)
221	0225	Fernel, (Jean) / Ferrand, (Jacques) / Ferrara, (Antoine) / Ferrari, (Jean-Matthieu)
222	0226	Ferrari, (Jean-Matthieu) / Ferrario, (Octavien) / Ferrarius, (Jean-Baptiste)
223	0227	Ferrarius, (Jean-Baptiste) / Ferrein, (Antoine)
224	0228	Ferrein, (Antoine) / Ferreira, (Antoine)
225	0229	Ferret, (Laurent) / Ferrier (Auger)
226	0230	Ferrier (Auger) / Ferrius, ou Ferrus, (Alphonse)
227	0231	Ferrius, ou Ferrus, (Alphonse) / Fervehan, (Nicolas) / Fesquet, (Gaspar) / Feuillée, (Louis)
228	0232	Feuillée, (Louis) / Feynes, (François) / Fiancé, (Antoine)
229	0233	Fiancé, (Antoine) / Fick (Jean-Jacques) / Fidelis, (Fortunatus)
230	0234	Fidelis, (Fortunatus) / Fienus, ou Fyens, (Jean) / Fienus, (Thomas)
231	0235	Fienus, (Thomas)
232	0236	Fienus, (Thomas)
233	0237	Fincelius, (Job) / Finch (Jean) / Finck (Thomas)
234	0238	Finck (Thomas)
235	0239	Finck (Thomas) / Finot (Raimond) / Fioravanti, (Léonard)
236	0240	Fioravanti, (Léonard) / Fischer (Jean-André)
237	0241	Fitz-Gerald, (Gerard) / Fitzmann (Jean) / Fizes (Antoine)
238	0242	Fizes (Antoine)
239	0243	Fizes (Antoine)
240	0244	Fizes (Antoine)
241	0245	Fizes (Antoine) / Flacius, (Matthias) / Flaminius Gasto. Voyez Gaston / Flammel, (Nicolas)
242	0246	Flammel, (Nicolas) / Flemming, (Paul) / Flessele, (Philippe De)
243	0247	Flessele, (Philippe De) / Floriti (Augustin) / Florus
244	0248	Florus / Floyer, (Jean)
245	0249	Floyer, (Jean) / Fludd, ou De Fluctibus, (Robert) / Foës, (Anuce)
246	0250	Foës, (Anuce)
247	0251	Foës, (Anuce) / Fogel, (Martin) / Foglia, (Jean-Antoine)
248	0252	Foglia, (Jean-Antoine) / Follinus, (Herman) / Follius (Caecilius)
249	0253	Follius (Caecilius) / Fonseca (Gabriel De) / Fonsorbe, (Arnauld)
250	0254	Fonsorbe, (Arnauld) / Fontaine, (Jacques) / Fontanon, (Denis)
251	0255	Fontanon, (Denis) / Fontanus (Nicolas) / Fontenettes (Louis)
252	0256	Forest, ou Van Foreest, (Pierre)
253	0257	Forest, ou Van Foreest, (Pierre)
254	0258	Forest, ou Van Foreest, (Pierre) / Forge, (Louis De La) / Forget, (Jean)
255	0259	Forget, (Jean) / Forli, (Jacques De) / Forman (Simon)
256	0260	Formy, (Samuel) / Fort, (Jean Amédée Le) / Fort, dit Janfortius, (Raimond-Jean)
257	0261	Fort, dit Janfortius, (Raimond-Jean)
258	0262	Fortius, (Ange) / Fosco, (Placide) / Four. (Philippe-Silvestre Du) Voyez Dufour / Fournier (André)
259	0263	Fournier (André) / Fournier, (Denis) / Fracantianus (Antoine)
260	0264	Fracantianus (Antoine) / Fracassatus, (Charles) / Fracastor, (Jérôme)
261	0265	Fracastor, (Jérôme)
262	0266	Fracastor, (Jérôme) / Fragoso, (Jean)
263	0267	Fragoso, (Jean) / Framboisiere, (Nicolas Abraham De La) / Franchimont de Frankenfelt, (Nicolas) / Francionus (Sauveur) / Francisci (Jean)
264	0268	Francisci (Jean) / Franck de Franckenau (George)
265	0269	Franck de Franckenau (George) / Franco (Jean)
266	0270	Franco (Jean) / Franco, (François) / Franco, (Pierre)
267	0271	Franco, (Pierre) / Frankenius, (Jean)
268	0272	Frankenius, (Jean) / Frascata, (Gabriel) / Fravendorffer, (Philippe) / Freg. Voyez Ferg / Freher (Paul) / Freind, (Jean)
269	0273	Freind, (Jean)
270	0274	Freind, (Jean)
271	0275	Freind, (Jean) / Freitag (Arnould)
272	0276	Freitag (Arnould) / Freitag (Jean)
273	0277	Freitag (Jean) / Freitag (Jean)
274	0278	French, (Jean) / Frentzel, ou Frencelius (Joachim)
275	0279	Frentzel, ou Frencelius (Joachim) / Friccius, (Melchior)
276	0280	Friderici (Jean-Arnould) / Frigimelica, (François) / Frisius (Laurent)
277	0281	Frisius (Laurent) / Fuch, ou Fuchsius, (Léonard)
278	0282	Fuch, ou Fuchsius, (Léonard)
279	0283	Fuch, ou Fuchsius, (Léonard) / Fuchs, ou Fuschius, (Remacle)
280	0284	Fuchs, ou De Limbourg. (Gilbert) Voyez Philarete / Fuchsius (Samuel) / Fuiren (George)
281	0285	Fuiren (George)
282	0286	Fuiren (George) / Fulbert
283	0287	Fulbert / Fumanellus (Antoine) / Fumée, (Adam)
284	0288	Fumée, (Adam)
285	0289	Fumée, (Adam) / Furstenau (Jean-Herman) / Fuscus. (Placide) Voyez Fosco
286	0290	G / Gabelchover, (Oswald) / Gaborreau, (Louis) / Gabrieli, (Pierre-Marie) / Gabrieli, (Gabriël)
287	0291	Gaburet, (Nicolas) / Gaddesden, (Jean De)
288	0292	Gaddesden, (Jean De) / Gagliardi, (Jean-Antoine)
289	0293	Gagliardi, (Jean-Antoine) / Galeano, (Joseph)
290	0294	Galeano, (Joseph) / Galeatius de Sancta Sophia. Voyez Sophia / Galeottus Martius / Galien (Claude)
291	0295	Galien (Claude)
292	0296	Galien (Claude)
293	0297	Galien (Claude)
294	0298	Galien (Claude)
295	0299	Galien (Claude)
296	0300	Galien (Claude)
297	0301	Galien (Claude)
298	0302	Galien (Claude)
299	0303	Galien (Claude) / Galien (etat de la médecine du tems de)
300	0304	Galien (etat de la médecine du tems de)
301	0305	Galien (etat de la médecine du tems de) / Galluci (Charles) / Gallus. Voyez Le Coq / Gammeren, (Hannard Van) / Gandoger, (Pierre-Louis)
302	0306	Gandoger, (Pierre-Louis) / Garbo (Dinus Del)
303	0307	Garbo (Dinus Del) / Gardane, (Joseph-Jacques)
304	0308	Gardane, (Joseph-Jacques) / Gardin, (Louis Du) / Garelli, (Nicolas-Pie De)
305	0309	Garelli, (Nicolas-Pie De) / Garencieres, (Théophile De) / Garengeot (René Croissant De)
306	0310	Garengeot (René Croissant De)
307	0311	Garengeot (René Croissant De)
308	0312	Garengeot (René Croissant De)
309	0313	Garengeot (René Croissant De) / Garet, (Henri) / Garidel, (Pierre)
310	0314	Garidel, (Pierre) / Gariopontus / Garmann (Christian-Frédéric) / Garmers, (Jean)
311	0315	Garmers, (Jean) / Garnier, (Pierre) / Garsin. (Jean) Voyez Grassin / Garth, (Samuel)
312	0316	Garth, (Samuel) / Garzoni, (Fabrice) / Gassarius, ou Gasser, (Achille-Pirmine) / Gassendi, (Pierre)
313	0317	Gassendi, (Pierre)
314	0318	Gassendi, (Pierre)
315	0319	Gassendi, (Pierre) / Gastaldy (Jérôme) / Gastaldy, (Jean-Baptiste)
316	0320	Gastaldy, (Jean-Baptiste) / Gaston / Gatinaria, (Marc)
317	0321	Gatinaria, (Marc) / Gavasseti, (Michel) / Gaubius, (Jérôme-David) / Gauricus (Luc)
318	0322	Gauricus (Luc) / Gauthier, (Hugues) / Gayant, (Louis) / Gayton (Edmond)
319	0323	Gayton (Edmond) / Gaza, (Théodore) / Gazius, (Antoine) / Gazola (Joseph)
320	0324	Gazola (Joseph) / Geber
321	0325	Geber
322	0326	Geber / Gehema, (Jean-Abraham) / Gelée, (Théophile)
323	0327	Gelée, (Théophile) / Gemini, (Thomas) / Gemma, (Reinier)
324	0328	Gemma, (Reinier) / Gemma, (Corneille)
325	0329	Gemma, (Corneille) / Gemma, (Jean-Baptiste) / Gemusaeus, (Jérôme)
326	0330	Gemusaeus, (Jérôme) / Gendron, (Claude Deshais)
327	0331	Gendron, (Claude Deshais) / Genes. Voyez Simon de Genes / Genethliac, (Maugant) / Genga, (Bernardin)
328	0332	Genga, (Bernardin) / Gennepius, (André) / Gentilis, ou De Gentilibus, (Gentilis)
329	0333	Gentilis, (Gentilis)
330	0334	Gentilis, (Gentilis) / Geoffroy, (Etienne-François)
331	0335	Geoffroy, (Etienne-François)
332	0336	Geoffroy, (Etienne-François)
333	0337	Geoffroy, (Etienne-François)
334	0338	Geoffroy, (Etienne-François) / George / Gerard, (Jean) / Gerard, (Thierry)
335	0339	Gerard, (Thierry) / Gerbert / Gerbezius, (Marc) / Gerike, (Pierre) / Gersdorf, ou Gerstorf (Jean)
336	0340	Gersdorf, ou Gerstorf (Jean) / Gertner (Vite) / Gervais (Nicolas) / Gervais, (Robert)
337	0341	Gervais, (Robert) / Gervaise, (Nicolas) / Gesner, (Conrad)
338	0342	Gesner, (Conrad)
339	0343	Gesner, (Conrad)
340	0344	Gesner, (Conrad)
341	0345	Gesner, (Conrad)
342	0346	Gesner, (Conrad)
343	0347	Gesner, (Conrad)
344	0348	Gesner, (Conrad) / Gesselus, (Timann) / Geuder (Melchior-Fréderic)
345	0349	Geulinck (Arnould)
346	0350	Geulinck (Arnould) / Gherin, (Jacques)
347	0351	Ghering, (Philippe) / Ghini, (Luc) / Ghiselin. (Victor) Voyez Gisselin / Giannini (Thomas) / Gibbes (Jacques-Alban)
348	0352	Gibbes (Jacques-Alban) / Gibbs, Gibbesius, ou Guib, (Jean-Frédéric) / Gibson, (Thomas)
349	0353	Gibson, (Thomas) / Gieseler, ou Giesler, (Laurent) / Gilbert de Limbourg. Voyez Philarete / Gilbert L'Anglois
350	0354	Gilbert L'Anglois / Gilbert, (Guillaume) / Gilles, (Jacques) / Gilles de Corbeil. Voyez Aegidius Corboliensis / Giraldi (Jean-Baptiste)
351	0355	Giraldi (Jean-Baptiste) / Gisselin, ou Ghiselin, (Victor)
352	0356	Gisselin, ou Ghiselin, (Victor) / Givre (Pierre Le)
353	0357	Givre (Pierre Le) / Glacan, (Neil ô Glacan, autrement Nellanus Glacanus) / Glandorp (Matthias-Louis)
354	0358	Glandorp (Matthias-Louis) / Glanville, (Barthélémi)
355	0359	Glanville, (Barthélémi) / Glaser (Jean-Henri) / Glaser, (Christophe)
356	0360	Glaser, (Christophe) / Glauber, (Jean-Rodolphe)
357	0361	Glauber, (Jean-Rodolphe) / Glaucias / Glaucus, ou Glaucias / Gliscenti, (Fabio) / Glisson, (François)
358	0362	Glisson, (François)
359	0363	Göbel (Séverin) / Gockel. Voyez Gokelius / Goclenius (Rodolphe)
360	0364	Goclenius (Rodolphe) / Goddard (Jonathas)
361	0365	Goddard (Jonathas) / Godin, (Nicolas) / Goedaert, (Albert) / Goelicke, (André-Otton)
362	0366	Goelicke, (André-Otton)
363	0367	Goelicke, (André-Otton) / Goerée, (Hugues-Guillaume) / Gogava, (Antoine-Herman) / Goiffon, (Jean-Baptiste)
364	0368	Gokelius, ou Gockel, (Christian-Louis) / Golles, (Adrien) / Gomez (Alphonse)
365	0369	Gomez (Alphonse) / Gomez Pereira. Voyez Pereira / Gonthier D'Andernach. Voyez Guinther (Jean) / Goossens (Charles) / Gordon, (Bernard)
366	0370	Gordon, (Bernard)
367	0371	Gordon, (Bernard) / Gornia, (Jean-Baptiste)
368	0372	Gornia, (Jean-Baptiste) / Goropius. Voyez Becan / Gorris (Jean De)
369	0373	Gorris (Jean De) / Gorter, (Jean De)
370	0374	Gorter, (Jean De) / Gostlyn, (Jean) / Gottsched, (Jean)
371	0375	Gottsched, (Jean) / Gottwaldt, (Christophe) / Gouan, (Antoine) / Goulin (Jean)
372	0376	Goulin (Jean)
373	0377	Goulin (Jean) / Goulston, (Théodore) / Goulu, (Jérôme) / Goupil, (Jacques)
374	0378	Goupil, (Jacques) / Gourmelen (Etienne) / Gourraigne, (Hugues)
375	0379	Gourraigne, (Hugues) / Graaf, (Nicolas De) / Graaf, (Reiner De)
376	0380	Graaf, (Reiner De)
377	0381	Graaf, (Reiner De) / Graba, (Jean-André)
378	0382	Graba, (Jean-André) / Gradi, (Antoine De) / Gradibus. (Jean-Matthieu De) Voyez Ferrari / Graindorge, (André) / Grammius (Caeso)
379	0383	Grammius (Caeso) / Grand. (Nicolas De) Voyez Le Grand / Grandclas, (Maurice) / Grassek, ou Grasseccius, (George) / Grassin, ou Garcin, (Jean)
380	0384	Grassin, ou Garcin, (Jean) / Grassius (Samuel) / Gratarole (Guillaume)
381	0385	Gratarole (Guillaume)
382	0386	Gratarole (Guillaume) / Gratianus, (Jean) / Gravius, (Louis) / Gravius, ou Greaves, (Edouard)
383	0387	Grebner (David) / Gregoire, (Martin) / Greide, ou Greidanus (Jean Vande)
384	0388	Greide (Jean Vande) / Greif, (Frédéric)
385	0389	Greisel, (Jean-George) / Grevin (Jacques)
386	0390	Grevin (Jacques)
387	0391	Grew, (Néhémie)
388	0392	Grew, (Néhémie) / Griffit, ou Griphi, (Gilbert) / Griffith (Richard) / Grillus. (Laurent) Voyez Gryll / Grimm, (Herman-Nicolas)
389	0393	Grimm, (Herman-Nicolas) / Grisant, ou Grisaunt, (Guillaume) / Groenevelt, (Jean)
390	0394	Groenevelt, (Jean) / Grospré, (Robert) / Grosse, (N.)
391	0395	Grosse, (N.) / Grou (Jean) / Grube, (Herman) / Gruiwardt, (Ferdinand)
392	0396	Gruiwardt, (Ferdinand) / Gruling, (Philippe) / Grumler, ou Grundler, (André)
393	0397	Grumler, ou Grundler, (André) / Grundel, (Jean-Benoit) / Gruner, (Christian-Godefroid)
394	0398	Gruner, (Christian-Godefroid) / Gruter (Pierre) / Gryll, (Laurent) / Guainer, (Antoine)
395	0399	Guainer, (Antoine) / Guarinone, (Christophe) / Guastavini (Jules)
396	0400	Guastavini (Jules) / Guettard, (Jean-Etienne) / Guglielmini (Dominique)
397	0401	Guglielmini (Dominique)
398	0402	Guglielmini (Dominique) / Guibert, (Nicolas)
399	0403	Guibert, (Nicolas)
400	0404	Guibert, (Nicolas) / Guidott, (Thomas) / Guiffart, (Pierre)
401	0405	Guilandini (Melchior)
402	0406	Guilandini (Melchior) / Guillaume IV dit De Beaufet / Guillaume de Bresse, ou De Bresis / Guillaumet, (Thevenin) / Guillemeau (Jacques)
403	0407	Guillemeau (Jacques)
404	0408	Guillemeau (Jacques)
405	0409	Guillemeau (Jacques) / Guillemeau, (Charles)
406	0410	Guillemeau, (Charles) / Guinther, (Jean)
407	0411	Guinther, (Jean)
408	0412	Guinther, (Jean)
409	0413	Guinther, (Jean)
410	0414	Guinther, (Jean)
411	0415	Guinther, (Jean)
412	0416	Guinther, (Jean)
413	0417	Guinther, (Jean)
414	0418	Guinther, (Jean)
415	0419	Guinther, (Jean)
416	0420	Guinther, (Jean) / Guisard (Pierre) / Gundelsheimer (André De)
417	0421	Gundelsheimer (André De) / Gunz (Juste-Godefroid)
418	0422	Gunz (Juste-Godefroid)
419	0423	Gunz (Juste-Godefroid)
420	0424	Gunz (Juste-Godefroid) / Gwinne (Matthieu) / Gymnasius, (François) / Gymnastique. (médecine)
421	0425	Gymnastique. (médecine)
422	0426	Gymnastique. (médecine) / Gymnosophistes (les)
423	0427	Gymnosophistes (les)
424	0428	H / Habdaramahnus, ou Habdarrahmamus / Habicot (Nicolas)
425	0429	Habicot (Nicolas)
426	0430	Habicot (Nicolas)
427	0431	Habicot (Nicolas) / Haen, (Antoine De)
428	0432	Haen, (Antoine De)
429	0433	Haen, (Antoine De)
430	0434	Haen, (Antoine De) / Hafenreffer, (Samuel) / Hagecius, ou De Hayck, (Thadée)
431	0435	Hagecius, ou De Hayck, (Thadée) / Hagendorn (Erfroy) / Haguenot (Henri)
432	0436	Haguenot (Henri) / Hahn, (Jean-Godefroid) / Hainlin (Sébastien) / Hales, (Etienne)
433	0437	Hales, (Etienne) / Hall (Jean) / Haller, (Albert De)
434	0438	Haller, (Albert De)
435	0439	Haller, (Albert De)
436	0440	Haller, (Albert De)
437	0441	Haller, (Albert De)
438	0442	Haller, (Albert De)
439	0443	Haller, (Albert De)
440	0444	Haller, (Albert De)
441	0445	Haller, (Albert De) / Haly-Abbas / Haly-Rodoham, ou Eben-Rodan
442	0446	Hamberger, (George) / Hamberger, (George-Erhard)
443	0447	Hamberger, (George-Erhard) / Hamel (Jean-Baptiste Du)
444	0448	Hamel (Jean-Baptiste Du) / Hamey, (Baudouin) / Hammen (Louis Von) / Hammon / Hamon, (Jean)
445	0449	Hamon, (Jean)
446	0450	Hamon, (Jean) / Hancocke, (Jean) / Hannemann, (Jean-Louis)
447	0451	Hannemann, (Jean-Louis)
448	0452	Hannemann, (Jean-Louis) / Harchies, (Josse) / Harder (Jean-Jacques)
449	0453	Harder (Jean-Jacques) / Harmant, (N.) / Haron
450	0454	Haron / Harpocrate, Harpocras, ou Harpocration / Harris (Vautier)
451	0455	Harris (Vautier) / Hartmann (Jean)
452	0456	Hartmann (Jean) / Hartmann (Philippe-Jacques) / Hartsoeker, (Nicolas)
453	0457	Hartsoeker, (Nicolas) / Harvet, (Israël) / Harvey (Gédéon)
454	0458	Harvey (Gédéon)
455	0459	Harvey (Gédéon) / Harvey, ou Harvée, (Guillaume)
456	0460	Harvey, ou Harvée, (Guillaume)
457	0461	Harvey, ou Harvée, (Guillaume)
458	0462	Harvey, ou Harvée, (Guillaume) / Haschardus, ou Haschaert (Pierre)
459	0463	Haschardus, ou Haschaert (Pierre) / Hattemius, ou Van Hattem, (Olivier)
460	0464	Hattemius, ou Van Hatten, (Olivier) / Havenreuter (Sebaldus) / Havers, (Clopton)
461	0465	Havers, (Clopton) / Haupas , (Nicolas Du)
462	0466	Haupas, (Nicolas Du) / Hauptmann, (Auguste) / Hayck. Voyez Hagecius / Hazon, (Jacques-Albert) / Hebat Allah
463	0467	Hebat Allah / Hebenstreit, (Jean-Ernest) / Hécaté
464	0468	Hécaté / Hecquet (Philippe)
465	0469	Hecquet (Philippe)
466	0470	Hecquet (Philippe)
467	0471	Hecquet (Philippe)
468	0472	Hecquet (Philippe)
469	0473	Hecquet (Philippe)
470	0474	Hecquet (Philippe)
471	0475	Hecquet (Philippe) / Heems, (Jean) / Heer (Martin) / Heers, (Henri De)
472	0476	Heers, (Henri De) / Heimreich (Jean)
473	0477	Heimreich (Jean) / Heinsius, ou Von Heins, (Nicolas) / Heister, (Laurent)
474	0478	Heister, (Laurent)
475	0479	Heister, (Laurent)
476	0480	Heister, (Laurent)
477	0481	Heister, (Laurent)
478	0482	Heister, (Laurent) / Helcher, (Jean-Henri) / Hélene / Hellot, (Jean) / Helmont, ou Van Helmont, (Jean-Baptiste)
479	0483	Helmont, ou Van Helmont, (Jean-Baptiste)
480	0484	Helmont, ou Van Helmont, (Jean-Baptiste)
481	0485	Helmont, ou Van Helmont, (Jean-Baptiste)
482	0486	Helmont, ou Van Helmont, (Jean-Baptiste) / Helmont, (François-Mercure Van) / Helsham, (Richard) / Helvetius, (Jean-Fréderic)
483	0487	Helvetius, (Jean-Fréderic)
484	0488	Helvetius, (Jean-Fréderic)
485	0489	Helvetius, (Jean-Fréderic) / Helvetius, (Jean-Adrien)
486	0490	Helvetius, (Jean-Adrien)
487	0491	Helvetius, (Jean-Adrien) / Helvetius, (Jean-Claude-Adrien)
488	0492	Helvetius, (Jean-Claude-Adrien) / Helwich (Christian De) / Helwig, (Jean)
489	0493	Helwig, (Jean) / Helwig (Jean-Otton) / Helwig, (Christophe)
490	0494	Helwig, (Christophe) / Hemard, (Urbain) / Hemming (Sixte De) / Hemsterhuis, (Siboldus) / Henault, (Guillaume)
491	0495	Henault, (Guillaume) / Henerus, (René) / Henischius, (George) / Henninger (Jean-Sigismond)
492	0496	Henninger (Jean-Sigismond) / Henningus Arnisaeus. Voyez Arnisaeus / Henriquez, (Henri) / Héraclide de Pont / Héraclide de Tarente
493	0497	Héraclide de Tarente / Héraclite
494	0498	Héraclite / Heras / Herculanus. Voyez Arculanus / Hercule
495	0499	Hercule / Herden, (Balthasar Von) / Heredia, (Pierre-Michel De) / Heret, (Mathurin)
496	0500	Hérissant, (François-David) / Hérissant (Louis-Antoine-Prosper)
497	0501	Hérissant (Louis-Antoine-Prosper)
498	0502	Hérissant (Louis-Antoine-Prosper)
499	0503	Hérissant (Louis-Antoine-Prosper)
500	0504	Hérissant (Louis-Antoine-Prosper) / Herlich (David)
501	0505	Herlich (David) / Herman
502	0506	Herman / Herman, (Jean)
503	0507	Herman, (Jean) / Hermann, (Paul)
504	0508	Herman, (Paul) / Hermes, Thot, Thouth, ou Mercure
505	0509	Hermes, Thot, Thouth, ou Mercure / Hermes Trismegistus
506	0510	Hermes Trismegistus
507	0511	Hermogene / Hermolaus Barbarus. Voyez Barbaro / Hermondaville, (Henri De)
508	0512	Hermondaville, (Henri De) / Hernandez, ou Ferdinand, (François)
509	0513	Hernandez, ou Ferdinand, (François) / Héroard (Jean) / Herodicus
510	0514	Herodicus
511	0515	Herodicus / Hérodote / Héroguelle, (François De)
512	0516	Héroguelle, (François De) / Hérold (Jérôme) / Hérophile
513	0517	Hérophile
514	0518	Hérophile / Herrera, (Christophe Perez De)
515	0519	Herrera, (Christophe Perez De) / Hertodt de Todtenfeld, (Jean-Ferdinand) / Hertoghe, (Gilles De)
516	0520	Hertoghe, (Gilles De) / Hery (Thierry De)
517	0521	Hery (Thierry De) / Heurnius, ou Van Heurne (Jean)
518	0522	Heurnius, ou Van Heurne (Jean)
519	0523	Heurnius, ou Van Heurne (Jean)
520	0524	Heurnius, ou Van Heurne (Jean) / Heurnius, (Othon)
521	0525	Heurnius, (Othon) / Heyden (Herman Vander)
522	0526	Heyden (Herman Vander) / Hiarna ou Hierne, (Urbain)
523	0527	Hiarna ou Hierne, (Urbain) / Hicesius / Hich (N.) / Hidalguo de Aguerro, (Barthélémi) / Hiel, (Laurent)
524	0528	Hiel, (Laurent) / Hierne. (Urbain) Voyez Hiarna / Higgyns, (Jean) / Highmore (Nathanaël)
525	0529	Highmore (Nathanaël) / Hildan, (Guillaume Fabrice) / Hilling (Grégoire) / Hippocrate
526	0530	Hippocrate
527	0531	Hippocrate
528	0532	Hippocrate
529	0533	Hippocrate
530	0534	Hippocrate
531	0535	Hippocrate
532	0536	Hippocrate
533	0537	Hippocrate
534	0538	Hippocrate / Hire, (Jean-Nicolas De La) / Hispanus, (Pierre)
535	0539	Hispanus, (Pierre)
536	0540	Hispanus, (Pierre) / Hoam-Ti
537	0541	Hoam-Ti / Hoboken (Nicolas)
538	0542	Hoboken (Nicolas) / Hock de Brackenau, (Wendelinus) / Hodges (Nathanaël)
539	0543	Hodges (Nathanaël) / Hoechstetter (Philippe) / Hoernigk (Louis Von) / Hofer, (Wolfgang)
540	0544	Hofer, (Wolfgang) / Hoffmann (Gaspar)
541	0545	Hoffmann (Gaspar)
542	0546	Hoffmann (Gaspar)
543	0547	Hoffmann (Maurice)
544	0548	Hoffmann (Maurice) / Hoffmann, (Jean-Maurice)
545	0549	Hoffmann, (Jean-Maurice) / Hoffmann, (Christophe-Maurice) / Hoffmann, (Laurent)
546	0550	Hoffmann, (Laurent) / Hoffmann, (Frédéric)
547	0551	Hoffmann, (Frédéric)
548	0552	Hoffmann, (Frédéric)
549	0553	Hoffmann, (Frédéric)
550	0554	Hoffmann, (Frédéric)
551	0555	Hoffmann, (Frédéric) / Hogerbet, (Pierre) / Hoghelande, (Thibaut De)
552	0556	Hoghelande, (Thibaut De) / Holland, (Philémon) / Hollerus, (Blaise) / Holling, (Edmond)
553	0557	Holst (Jacques) / Holtzemius, (Pierre)
554	0558	Holtzemius, (Pierre) / Homberg (Guillaume)
555	0559	Homberg (Guillaume)
556	0560	Homberg (Guillaume) / Honain, ou Honain-Ben-Isac-Costha Ben-Luca-Isa-Ben-Jahia
557	0561	Honain-Ben-Isac-Costha Ben-Luca-Isa-Ben-Jahia / Honuphriis, (Honuphre De)
558	0562	Hoock (Robert)
559	0563	Hoock (Robert) / Hoogendyk, (Sébastien) / Hoogstraten, (David Van) / Hoorne, (Jean Van)
560	0564	Hoorne, (Jean Van)
561	0565	Hoorne, (Jean Van) / Horatianus. Voyez Octavianus Horatianus / Horman, (Guillaume) / Horn (Gaspar) / Horneck, (Burchard)
562	0566	Horneck, (Burchard) / Hornung, (Jean) / Horozco (Christophe De) / Horstius, (Gisbert)
563	0567	Horstius, (Gisbert) / Horstius (Jacques) / Horstius, (Grégoire)
564	0568	Horstius, (Grégoire)
565	0569	Horstius, (Grégoire) / Horstius, (Jean-Daniel)
566	0570	Horstius, (Jean-Daniel) / Horstius, (Grégoire) / Horta, (Gracie D')
567	0571	Horta, (Gracie D') / Hortensius. (Jean) Voyez Des Jardins / Horus. Voyez Apollon / Hotton, (Pierre)
568	0572	Hovius (Jacques) / Houllier, (Jacques)
569	0573	Houllier, (Jacques)
570	0574	Howe (Guillaume) / Howen, (Pierre Vander) / Hoy (Thomas) / Hoyer, (Jean-George)
571	0575	Hoyer, (Jean-George) / Huarte, (Jean) / Huaume, (Etienne D') / Hubert (Etienne)
572	0576	Hubert (Etienne) / Hucher (Jean)
573	0577	Huckelius (Jean-Jacques) / Hugues de Sienne. Voyez Bencius / Humeau (François)
574	0578	Humeau (François) / Humelberg, (Gabriël) / Hunauld, (Pierre) / Hunauld (François-Joseph)
575	0579	Hunauld (François-Joseph)
576	0580	Hunauld (François-Joseph)
577	0581	Hunauld (François-Joseph)
578	0582	Hunauld (François-Joseph)
579	0583	Hunauld (François-Joseph) / Hund, (Magnus) / Hundertmark (Henri-Elie) / Hunerwolf, (Jacques-Auguste)
580	0584	Hunter, (Guillaume) / Hutten, (Ulric De)
581	0585	Hutten, (Ulric De) / Hyll, (Aubin) / Hymenée
582	0586	J / Jacchey ou Jacchaeus, (Gilbert) /Jacchinus, (Léonard)
583	0587	Jacchinus, (Léonard) / Jachen / Jacoboeus, (Matthias)
584	0588	Jacoboeus, (Matthias) / Jacoboeus, (Olivier)
585	0589	Jacques / Jacques (Jean) / Jacques (Frere)
586	0590	Jacques (Frere)
587	0591	Jacques (Frere)
588	0592	Jacques (Frere)
589	0593	Jacques (Frere)
590	0594	Jacques (Frere)
591	0595	Jacques (Frere)
592	0596	Jacques (Frere) / Jacques, (Pierre)
593	0597	Jacques de Forli. Voyez Forli / Jacques de Partibus. Voyez Despars / Jaenisch, (Jean)
594	0598	Jaenisch, (Jean) / Jamot, (Frédéric) / Janfortius. Voyez Fort. (Raimond-Jean) / Janichius, (Pierre) / Janus de Damas / Janus, (Jacques) / Japis
595	0599	Japis / Jarava, (Jean De) / Jarchi, (Salomon) / Jason / Jassolinus, (Jules)
596	0600	Jassolinus, (Jules) / Jault, (Augustin-François)
597	0601	Jault, (Augustin-François) / Ibnu El Baithar. Voyez Beitharides / Ibnu Saigh / Ibnu Thophail / Ibnu Zohar
598	0602	Ibnu Zohar / Iccus / Jean XXI. Voyez Hispanus. (Pierre) / Jean D'Alais / Jean Damascene. Voyez Damascene / Jean de Romanis. Voyez Romanis / Jean de Saint Alban. Voyez Alban (Jean de Saint) / Jean de Saint Amand. Voyez Amand (Jean de Saint) / Jean L'Anglois. Voyez Gaddesden
599	0603	Jean de Valverde ou De Amusco. Voyez Valverda / Jean Le Milanois / Jessenius de Jessen, (Jean)
600	0604	Jessenius de Jessen, (Jean) / Jesus-Haly / Imbert, (Jean-François) / Imperato, (Ferrantes)
601	0605	Imperato, (Ferrantes) / Imperiali, (Jean-Baptiste) / Inchy (Jean D')
602	0606	Inchy (Jean D') / Ingolstetter (Jean) / Ingrassias (Jean-Philippe)
603	0607	Ingrassias (Jean-Philippe)
604	0608	Ingrassias (Jean-Philippe) / Joanna. Voyez Mésué / Joel, (François)
605	0609	Joel, (François) / Johanninus, (Jean-Baptiste) / Johnson, (Christophe) / Johnson (Thomas)
606	0610	Johnson (Thomas) / Johren (Conrad)
607	0611	Jollas ou Jolaus / Jollif, (George) / Jona / Joncquet, (Denis) / Jones (Jean)
608	0612	Jones (Jean) / Jonghe ou Junius (Adrien)
609	0613	Jonghe ou Junius (Adrien) / Jongtys, (Daniel)
610	0614	Jongtys, (Daniel) / Jonicus / Jonston, (Jean)
611	0615	Jonston, (Jean) / Jordan, (Thomas)
612	0616	Jordan, (Thomas) / Jorden, (Edouard) / Josnet, (Pierre)
613	0617	Josselin, (Jean) / Joubert, (Laurent)
614	0618	Joubert, (Laurent)
615	0619	Jove, (Paul)
616	0620	Jove, (Paul) / Joyeux, (Pierre)
617	0621	Isaac dit Benimiram / Isaac / Isaac Le Hollandois
618	0622	Isaac Le Hollandois / Isis
619	0623	Isis / Ismaël Al Adib
620	0624	Ismaël Al Adib / Issa / Ittigius, (Jean-Frédéric) / Juif, (Jean)
621	0625	Juif, (Jean) / Juifs. (etat ancien de la médecine chez les)
622	0626	Juifs. (etat de la médecine chez les) / Juliarius, (Paul)
623	0627	Juliarius, (Paul) / Julien / Julien. (Pierre) Voyez Hispanus / Julius Bassus / Julius Pollux
624	0628	Julius Pollux / Juncker (Jean) / Jungerman, (Louis)
625	0629	Jungerman, (Louis) / Jungius (Joachim)
626	0630	Jungius (Joachim) / Jungken, (Jean-Helfric)
627	0631	Jungken, (Jean-Helfric) / Junius. Voyez Jonghe / Jurin, (Jacques)
628	0632	Jurin, (Jacques) / Jussieu, (Antoine De)
629	0633	Jussieu, (Antoine De) / Jussieu, (Bernard De)
630	0634	Jussieu, (Bernard De) / Justus, ou Joostens, (Pacquier) / Justus, (Wolfgang)
631	0635	K / Kaau-Boerhaave, (Abraham)
632	0636	Kaau-Boerhaave, (Abraham) / Kaempffer. Voyez Koempfer / Kanold, (Jean) / Kaye. Voyez Caïus / Keil, dit Cunaeus, (André) / Keill, (Jean)
633	0637	Keill, (Jean)
634	0638	Keill, (Jean) / Kelley, (Edouard) / Kellner, (David) / Kempe, (André)
635	0639	Kentmann, (Jean) / Kepler, (Jean)
636	0640	Kepler, (Jean) / Kepler, (Louis) / Kerckring, (Théodore)
637	0641	Kerckring, (Théodore) / Ketelaer, (Vincent)
638	0642	Ketelaer, (Vincent) / Ketham, (Jean De) / Keufner, (Jean) / King, (Edmond) / Kircher (Athanase)
639	0643	Kircher (Athanase) / Kirchmaier, (George-Gaspar) / Kirstenius (Pierre)
640	0644	Kirstenius (Pierre)
641	0645	Kirstenius, (George) / Klaunig (Godefroid)
642	0646	Klaunig (Godefroid) / Knaut, (Christophe) / Knipsmacoppe, (Alexandre) / Knobloch. Voyez Cnobloch / Knyf, (Guillaume-Jean) / Koempfer, (Englebert)
643	0647	Koempfer, (Englebert)
644	0648	Kolner, (Jean) / Konig (Emmanuel) / Kouwenburg, (Jean)
645	0649	Kozak, (Jean-Sophrone) / Krag, (André) / Kraus. (Rodolphe-Guillaume) Voyez Craus / Krug, (Théodore-Christophe)
646	0650	Krug, (Théodore-Christophe) / Kruger, (Jean-Gottlieb) / Kulm, (Jean-Adam) / Kunkel de Loewenstern, (Jean)
647	0651	Kunkel de Loewenstern, (Jean) / Kunraht, (Henri)
648	0652	Kunraht, (Henri) / Kyper (Albert)
649	0653	
[sans numérotation]	0654	Errata
[sans numérotation]	0655	
[sans numérotation]	0656	
[sans numérotation]	0657	
