page	refimg	chapitre
[sans numérotation]	0001	[Page de faux-titre]
[page blanche]	0002	
[sans numérotation]	0003	[Page de titre]
[sans numérotation]	0004	Avertissement
1	0005	Daignan (Guillaume)
2	0006	Daignan (Guillaume) / Dalechamps (Joseph)
3	0007	Dalechamps (Joseph)
4	0008	Dalechamps (Joseph) / Dalmas (Antoine)
5	0009	Dalmas (Antoine)
6	0010	Dalmas (Antoine) / Damilano (Charles-Joseph) / Dance (J.-B.)
7	0011	Dance (J.-B.)
8	0012	Dance (J.-B.)
9	0013	Dance (J.-B.) / Daniel (Chrétien-Frédéric)
10	0014	Daniel (Chrétien-Frédéric) / Daniel (Chrétien-Frédéric)
11	0015	Daniel (Chrétien-Frédéric) / Danz (George-Ferdinand) / Daquin (Joseph)
12	0016	Daquin (Joseph) / Daran (Jacques)
13	0017	Daran (Jacques)
14	0018	Daran (Jacques) / Darbefeuille (A.)
15	0019	Darbefeuille (A.) / Darcet ou D'Arcet (Jean)
16	0020	Darcet ou D'Arcet (Jean)
17	0021	Darcet ou D'Arcet (Jean) / Dardana (Joseph-Antoine) / Darluc (Michel)
18	0022	Darluc (Michel) / Darwin (Erasme)
19	0023	Darwin (Erasme)
20	0024	Darwin (Erasme)
21	0025	Darwin (Erasme) / Darwin (Charles) / Daubenton (Louis-Jean-Marie)
22	0026	Daubenton (Louis-Jean-Marie)
23	0027	Daubenton (Louis-Jean-Marie) / David (Jean-Pierre)
24	0028	David (Jean-Pierre) / Davidson (Wolf)
25	0029	Davidson (Wolf) / Daviel (Jacques)
26	0030	Daviel (Jacques) / Dawkes (Thomas) / Dawson (Thomas)
27	0031	Dawson (Thomas) / Dawson (Ambroise) / Daza ou Daça-Chacon (Denis)
28	0032	Daza ou Daça-Chacon (Denis)
29	0033	Daza ou Daça-Chacon (Denis) / Dazille (Jean-Barthélemy) / Dease (Guillaume)
30	0034	Dease (Guillaume)
31	0035	Dease (Guillaume) / Decker (Frédéric) / Degener (Jean-Hartmann)
32	0036	Degener (Jean-Hartmann) / Dehne (Jean-Chrétien-Conrad) / Deidier (Antoine)
33	0037	Deidier (Antoine)
34	0038	Deidier (Antoine) / Deiman (Jean-Rodolphe)
35	0039	Deiman (Jean-Rodolphe) / Deisch (Jean-André)
36	0040	Deisch (Jean-André)
37	0041	Deisch (Jean-André) / Delaroche (Daniel)
38	0042	Delaroche (Daniel) / Delaroche (François-E.) / Delaruelle ou Duruel (Jean)
39	0043	Delaruelle ou Duruel (Jean) / Deleurye (François-Auguste) / Delius (Henri-Frédéric)
40	0044	Delius (Henri-Frédéric) / Delpech (Jacques)
41	0045	Delpech (Jacques)
42	0046	Delpech (Jacques)
43	0047	Delpech (Jacques)
44	0048	Delpech (Jacques)
45	0049	Delpech (Jacques) / Demetrius (Pepagomène)
46	0050	Demetrius (Pepagomène) / Demorcy-Dellêtre (J.-B.-E.) / Demours (Pierre)
47	0051	Demours (Pierre)
48	0052	Demours (Pierre) / Denis (Jean-Baptiste) / Dentiste (Histoire de l'art du)
49	0053	Dentiste (Histoire de l'art du)
50	0054	Dentiste (Histoire de l'art du)
51	0055	Dentiste (Histoire de l'art du)
52	0056	Dentiste (Histoire de l'art du)
53	0057	Denys (Jacques) / Denman (Thomas)
54	0058	Denman (Thomas) / Desault (Pierre)
55	0059	Desault (Pierre) / Desault (Pierre-Joseph)
56	0060	Desault (Pierre-Joseph)
57	0061	Desault (Pierre-Joseph)
58	0062	Desault (Pierre-Joseph)
59	0063	Desault (Pierre-Joseph)
60	0064	Desault (Pierre-Joseph)
61	0065	Desault (Pierre-Joseph) / Desbois de Rochefort (Louis) / Desbordeaux (Pierre-François-Frédéric)
62	0066	Desbordeaux (Pierre-François-Frédéric) / Desbret
63	0067	Desbret / Descemet (Jean)
64	0068	Descemet (Jean) / Deschamps (Joseph-François-Louis)
65	0069	Deschamps (Joseph-François-Louis) / Descherny (David)
66	0070	Descherny (David) / Desessartz (Jean-Charles)
67	0071	Desessartz (Jean-Charles)
68	0072	Desessartz (Jean-Charles) / Desèze (Victor)
69	0073	Desèze (Victor) / Desgranges (Jean-Baptiste)
70	0074	Desgranges (Jean-Baptiste)
71	0075	Desgranges (Jean-Baptiste)
72	0076	Desgranges (Jean-Baptiste)
73	0077	Desgranges (Jean-Baptiste) / Deshaies-Gendron (Louis-Florent)
74	0078	Deshaies-Gendron (Louis-Florent) / Desmars / Desmilleville / Desmonceaux (l'abbé)
75	0079	Desmonceaux (l'abbé) / Desmoulins (Louis-Antoine)
76	0080	Desmoulins (Louis-Antoine)
77	0081	Desmoulins (Louis-Antoine)
78	0082	Desmoulins (Louis-Antoine) / Desnoues (Guillaume) / Desormeaux (Marie-Alexandre)
79	0083	Desormeaux (Marie-Alexandre)
80	0084	Desormeaux (Marie-Alexandre) / Despars (Jacques)
81	0085	Despars (Jacques) / Desport (François) / Desportes (Jean-Baptiste-René-Pouppé)
82	0086	Desportes (Jean-Baptiste-René-Pouppé) / Detharding (George) / Detharding (Georges-Christophe)
83	0087	Detharding (Georges-Christophe) / Deusingius (Antoine)
84	0088	Deusingius (Antoine)
85	0089	Deusingius (Antoine)
86	0090	Deusingius (Antoine) / Devaux (Jean)
87	0091	Devaux (Jean)
88	0092	Devaux (Jean) / Deventer (Henri)
89	0093	Deventer (Henri) / Devèze (Jean)
90	0094	Devèze (Jean) / Dezon
91	0095	Dezoteux (François)
92	0096	Dezoteux (François) / Dickson (Thomas) / Didelot (Nicolas)
93	0097	Didelot (Nicolas) / Diemerbroeck (Isbrand de)
94	0098	Diemerbroeck (Isbrand de) / Dienert (Alexandre-Louis)
95	0099	Dienert (Alexandre-Louis) / Dimsdale (Thomas, baron de)
96	0100	Dimsdale (Thomas, baron de) / Dionis (Pierre)
97	0101	Dionis (Pierre)
98	0102	Dionis (Pierre) / Dioscorides (Pedacius, ou mieux Pedanius)
99	0103	Dioscorides (Pedacius, ou mieux Pedanius)
100	0104	Dioscorides (Pedacius, ou mieux Pedanius)
101	0105	Dioscorides (Pedacius, ou mieux Pedanius) / Disdier (François-Michel)
102	0106	Disdier (François-Michel) / Diversus, Salio Diverso (Pierre) / Doazan (Pierre-Éloy)
103	0107	Doazan (Pierre-Éloy) / Dodart (Denis)
104	0108	Dodart (Denis)
105	0109	Dodart (Denis) / Dodoens (Rembert)
106	0110	Dodoens (Rembert)
107	0111	Dodoens (Rembert)
108	0112	Doebeln (Jean-Jacques de) / Doemling (Jean-Joseph)
109	0113	Doemling (Jean-Joseph)
110	0114	Doemling (Jean-Joseph) / Doering (Michel)
111	0115	Doering (Michel) / Doerner (Chrétien-Frédéric)
112	0116	Doerner (Chrétien-Frédéric) / Doeveren (Gautier Van)
113	0117	Doeveren (Gautier Van) / Dogmatisme
114	0118	Dogmatisme
115	0119	Dogmatisme / Dolée (Jean)
116	0120	Donatus (Marcellus) / Dondis (Jacques de) ou Dondus
117	0121	Dondis (Jacques de) ou Dondus / Donzellini (Jérôme)
118	0122	Donzellini (Jérôme) / Donzellini (Joseph-Antoine) / Doppet (François-Amédée)
119	0123	Doppet (François-Amédée) / Dorsey (John) / Dortoman (Nicolas)
120	0124	Dossie (Robert) / Doublet (François)
121	0125	Doublet (François) / Douglas (Andrew)
122	0126	Douglas (Andrew) / Douglas (Jacques)
123	0127	Douglas (Jacques)
124	0128	Douglas (Jacques) / Douglas (Jean)
125	0129	Douglas (Jean) / Douglas (Jean)
126	0130	Douglas (Jean) / Douglas (William) / Douglas (Robert)
127	0131	Douglas (Robert) / Doulcet (Denis-Claude) / Drake (Jacques)
128	0132	Drake (Jacques) / Drelincourt (Charles)
129	0133	Drelincourt (Charles)
130	0134	Drelincourt (Charles)
131	0135	Drelincourt (Charles)
132	0136	Dreyssig (Guillaume-Frédéric) / Dubois (Jacques)
133	0137	Dubois (Jacques)
134	0138	Dubois (Jacques)
135	0139	Dubois (Jacques) / Duboscq de la Roberdière (J.-F.-G.)
136	0140	Duboscq de la Roberdière (J.-F.-G.) / Duboueix
137	0141	Duboueix / Du Breil (André)
138	0142	Du Breil (André) / Ducamp (Théodore-Joseph)
139	0143	Ducamp (Théodore-Joseph)
140	0144	Ducamp (Théodore-Joseph) / Duchanoy (Claude-François)
141	0145	Duchanoy (Claude-François) / Duchesne (Joseph)
142	0146	Duchesne (Joseph) / Duclos (Samuel Cottereau)
143	0147	Duclos (Samuel Cottereau) / Dufau (M.-A.-J.)
[sans numérotation]	0148	
144	0149	Dufau (M.-A.-J.) / Dufieu (Jean Ferapied)
145	0150	Dufieu (Jean Ferapied) / Dufouart (Pierre)
146	0151	Dufouart (Pierre) / Dufour (Jean-François)
147	0152	Dufour (Jean-François) / Duhamel du Monceau
148	0153	Duhamel du Monceau
149	0154	Duhamel du Monceau / Dujardin (François)
150	0155	Dujardin (François) / Dulaurens (André)
151	0156	Dulaurens (André)
152	0157	Dulaurens (André) / Dumas (Charles-Louis)
153	0158	Dumas (Charles-Louis)
154	0159	Dumas (Charles-Louis)
155	0160	Dumas (Charles-Louis)
156	0161	Dumas (Charles-Louis)
157	0162	Dumas (Charles-Louis) / Duncan (Daniel)
158	0163	Duncan (Daniel) / Dupin / Duplanil (J.-D.)
159	0164	Duplanil (J.-D.) / Dupré de l'Isle
160	0165	Dupré de l'Isle / Durand
161	0166	Durand / Durande (Jean-François)
162	0167	Durande (Jean-François) / Duret (Louis)
163	0168	Duret (Louis)
164	0169	Duret (Louis) / Duret (Jean) / Du Rondeau (Jean-Baptiste)
165	0170	Du Rondeau (Jean-Baptiste) / Duroy, De Roy, ou Le Roy (Henri)
166	0171	Duroy, De Roy, ou Le Roy (Henri) / Dussausoy (André)
167	0172	Dussausoy (André) / Duvergé
168	0173	Duvergé / Duverney (Jean Guichard)
169	0174	Duverney (Jean Guichard)
170	0175	Duverney (Jean Guichard) / Dyrsen (Jean-Henri)
171	0176	Dyrsen (Jean-Henri) / Earle (Sir Jakes)
172	0177	Earle (Sir Jakes)
173	0178	Earle (Sir Jakes)
174	0179	Earle (Sir Jakes) / Ébel (J.-Godef)
175	0180	Ébell (Georges-Auguste) / Éberhart (J.-P.)
176	0181	Éberhart (J.-P.)
177	0182	Éberhart (J.-P.) / Ebermaier (Jean-Erdwin-Christophe)
178	0183	Ebermaier (Jean-Erdwin-Christophe)
179	0184	Ebermaier (Jean-Erdwin-Christophe) / Eckner (Charles-Christophe)
180	0185	Eckner (Charles-Christophe) / Eckoldt (Jean-Gottlieb)
181	0186	Eckoldt (Jean-Gottlieb) / Éclectisme
182	0187	Éclectisme
183	0188	Éclectisme
184	0189	Éclectisme / Écluse (François de l')
185	0190	Écluse (François de l')
186	0191	Écluse (François de l') / Ehrhart (Balthasar)
187	0192	Ehrhart (Balthasar) / Ehrhart (Josse) / Ehrmann (Jean-Chrétien)
188	0193	Ehrmann (Jean-Chrétien) / Ehrmann (J.-Chrétien)
189	0194	Ehrmann (J.-Chrétien) / Ehrmann (J.-Frédéric) / Eichhorn (Henry)
190	0195	Eichhorn (Henry)
191	0196	Eichhorn (Henry) / Eisenmann (Georges-Henri)
192	0197	Eisenmann (Georges-Henri) / Eisfeld (Jean-Frédéric-Auguste)
193	0198	Eisfeld (Jean-Frédéric-Auguste) / Elben (Ernest) / Eller (J.-Théodore)
194	0199	Eller (J.-Théodore)
195	0200	Eller (J.-Théodore) / Elliott ou Elliot (John)
196	0201	Elliott ou Elliot (John)
197	0202	Elliott ou Elliot (John) / Ellis (William) / Éloy (Nicolas-François-Joseph)
198	0203	Éloy (Nicolas-François-Joseph)
199	0204	Éloy (Nicolas-François-Joseph) / Else (Joseph)
200	0205	Else (Joseph) / Elsholtz (Jean Sigismond)
201	0206	Elsholtz (Jean Sigismond) / Elsner (Christophe-Frédéric)
202	0207	Elsner (Christophe-Frédéric)
203	0208	Elsner (Christophe-Frédéric) / Emmert (Charles Frédéric)
204	0209	Emmert (Charles Frédéric)
205	0210	Emmert (Charles Frédéric)
206	0211	Emmert (Charles Frédéric)
207	0212	Emmert (Charles Frédéric)
208	0213	Emmert (Charles Frédéric)
209	0214	Emmert (Charles Frédéric) / Empirique (École)
210	0215	Empirique (École)
211	0216	Empirique (École)
212	0217	Empirique (École)
213	0218	Empirique (École)
214	0219	Empirique (École)
215	0220	Empirique (École)
216	0221	Empirique (École)
217	0222	Empirique (École)
218	0223	Empirique (École) / Énaux
219	0224	Énaux
220	0225	Énaux / Engel (Charles-Chrétien)
221	0226	Engel (Charles-Chrétien) / Ent (George)
222	0227	Erasistrate
223	0228	Erasistrate
224	0229	Erasistrate
225	0230	Erasistrate / Eraste (Thomas)
226	0231	Eraste (Thomas)
227	0232	Eraste (Thomas) / Erndtel (Chrétien-Henri) / Ernsting (Arthur-Conrad)
228	0233	Ernsting (Arthur-Conrad) / Erxleben (Dorothée-Chrétienne)
229	0234	Erxleben (Dorothée-Chrétienne) / Erxleben (Jean-Chrétien-Polycarpe)
230	0235	Erxleben (Jean-Chrétien-Polycarpe) / Eschenbach (Christian-Ehrenfried)
231	0236	Eschenbach (Christian-Ehrenfried)
232	0237	Eschenbach (Christian-Ehrenfried) / Essich (Jean-Godefroy)
233	0238	Essich (Jean-Godefroy)
[sans numérotation]	0239	
234	0240	Essich (Jean-Godefroy)
235	0241	Essich (Jean-Godefroy) / Estienne (Charles)
236	0242	Estienne (Charles)
237	0243	Estienne (Charles) / Ettmuller (Michel)
238	0244	Ettmuller (Michel)
239	0245	Ettmuller (Michel)
240	0246	Ettmuller (Michel) / Ettmuller (Michel-Ernest)
241	0247	Ettmuller (Michel-Ernest)
242	0248	Ettmuller (Michel-Ernest) / Eugalenus (Séverin) / Eustachi (Barthélemy)
243	0249	Eustachi (Barthélemy)
244	0250	Eustachi (Barthélemy)
245	0251	Eustachi (Barthélemy) / Evers (Otto-Justus)
246	0252	Evers (Otto-Justus) / Eyerel (Joseph)
247	0253	Eyerel (Joseph) / Eysel (Jean-Philippe)
248	0254	Eysel (Jean-Philippe) / Eysson (Henri)
249	0255	Eysson (Henri) / Faber (Jean-Matthias)
250	0256	Fabre (Pierre)
251	0257	Fabre (Pierre)
252	0258	Fabre (Pierre) / Fabrice (Guillaume)
253	0259	Fabrice (Guillaume)
254	0260	Fabrice (Guillaume)
255	0261	Fabrice (Guillaume)
256	0262	Fabrice (Guillaume)
257	0263	Fabrice (Guillaume)
258	0264	Fabrice (Guillaume) / Fabricius (Philippe-Conrad)
259	0265	Fabricius (Philippe-Conrad)
260	0266	Fabricius (Philippe-Conrad)
261	0267	Fabricius (Philippe-Conrad) / Fabrizio d'Acquapendente (Jérôme)
262	0268	Fabrizio d'Acquapendente (Jérôme)
263	0269	Fabrizio d'Acquapendente (Jérôme)
264	0270	Fabrizio d'Acquapendente (Jérôme)
265	0271	Fabrizio d'Acquapendente (Jérôme) / Fahner (J. Christophe)
266	0272	Fahner (J. Christophe) / Falck (N.-D.)
267	0273	Falck (N.-D.)
268	0274	Falconer (William)
269	0275	Falconer (William)
270	0276	Falconer (William)
271	0277	Falconer (William) / Falconer (Macnus)
272	0278	Falconer (Macnus) / Falcucci (Niccolo)
273	0279	Falcucci (Niccolo) / Falloppio (Gabriel)
274	0280	Falloppio (Gabriel)
275	0281	Falloppio (Gabriel)
276	0282	Falloppio (Gabriel)
277	0283	Falloppio (Gabriel) / Fantoni (Jean-Baptiste)
278	0284	Fantoni (Jean-Baptiste) / Fantoni (Jean)
279	0285	Fantoni (Jean)
280	0286	Fantoni (Jean)
281	0287	Fantoni (Jean) / Farmer (John)
282	0288	Farmer (John) / Farr (Samuel)
283	0289	Farr (Samuel) / Fasano (Thomas)
284	0290	Fasano (Thomas) / Faselius (J. Frédéric)
285	0291	Faselius (J. Frédéric) / Fattori (Santo) / Fauchard (Pierre)
286	0292	Fauchard (Pierre) / Faudacq (C. Franc) / Fauken (Jean-Pierre-François-Xavier)
287	0293	Fauken (Jean-Pierre-François-Xavier) / Fearon (Henri)
288	0294	Fearon (Henri) / Fehr (Jean-Michel)
289	0295	Fehr (Jean-Michel) / Feller (Christian-Gotthold)
290	0296	Feller (Christian-Gotthold) / Ferdinandi (Epiphane)
291	0297	Ferdinandi (Epiphane) / Fermin (Philippe)
292	0298	Fermin (Philippe)
293	0299	Fernel (Jean)
294	0300	Fernel (Jean)
295	0301	Fernel (Jean)
296	0302	Fernel (Jean) / Ferrara (Pasqali)
297	0303	Ferrara (Pasqali) / Ferrein (Antoine)
298	0304	Ferrein (Antoine)
299	0305	Ferrein (Antoine)
300	0306	Ferrein (Antoine) / Ferri (Alphonse)
301	0307	Ferri (Alphonse) / Ferriar (John)
302	0308	Ferriar (John) / Ferro (Pascal-Joseph de)
303	0309	Ferro (Pascal-Joseph de)
304	0310	Ferro (Pascal-Joseph de) / Fichet de Flechy (Philippe)
305	0311	Fichet de Flechy (Philippe) / Ficker (Guillaume-Antoine)
306	0312	Ficker (Guillaume-Antoine)
307	0313	Ficker (Guillaume-Antoine) / Fidelis ou Fedele (Fortuné)
308	0314	Fidelis ou Fedele (Fortuné) / Fieliz ou Fielitz (Gottfried Heinrich)
309	0315	Fieliz ou Fielitz (Gottfried Heinrich)
310	0316	Fieliz ou Fielitz (Gottfried Heinrich) / Fienus ou Fyens (Jean)
311	0317	Fienus ou Fyens (Jean) / Fienus ou Fyens (Thomas)
312	0318	Fienus ou Fyens (Thomas) / Fine (Pierre)
313	0319	Fine (Pierre)
314	0320	Fine (Pierre)
315	0321	Fine (Pierre) / Fischer (Jean-Bernard)
316	0322	Fischer (Jean-Bernard)
317	0323	Fischer (Jean-Bernard) / Fischer (Daniel)
318	0324	Fischer (Daniel) / Fischer (Jean-Henri de)
319	0325	Fischer (Jean-Henri de) / Fizes (Antoine)
320	0326	Fizes (Antoine) / Flachsland (Jacques-Conrad)
321	0327	Flachsland (Jacques-Conrad) / Flajani (Joseph)
322	0328	Flajani (Joseph) / Flamant (R.-P.)
323	0329	Flamant (R.-P.)
324	0330	Flamant (R.-P.) / Fleisch (Charles-Bernard)
325	0331	Fleisch (Charles-Bernard) / Flemyng, ou Fleming (Malcolm)
326	0332	Flemyng, ou Fleming (Malcolm) / Floyer (Jean)
327	0333	Floyer (Jean)
328	0334	Floyer (Jean) / Fludd ou de Fluctibus (Robert)
329	0335	Fludd ou de Fluctibus (Robert)
330	0336	Fludd ou de Fluctibus (Robert)
331	0337	Fludd ou de Fluctibus (Robert) / Flurant (Claude)
332	0338	Flurant (Claude) / Foes (Anuce)
333	0339	Foes (Anuce)
334	0340	Foes (Anuce) / Foglia (Jean-Antoine) / Folio ou Fuoli
335	0341	Folio ou Fuoli
336	0342	Folio ou Fuoli / Fonseca (Rodericus de)
337	0343	Fonseca (Rodericus de) / Fonseca Henriques (Francisco da)
338	0344	Fonseca Henriques (Francisco da) / Fontaine (Jacques) / Fontaine (Gabriel)
339	0345	Fontaine (Gabriel) / Fontana (Nicolas) / Fontana (Félix)
340	0346	Fontana (Félix)
341	0347	Fontana (Félix) / Fontanus, Fonteyn (Nicolas)
342	0348	Fontanus, Fonteyn (Nicolas) / Fonte (Laflius A)
343	0349	Fonte (Laflius A) / Foot (Jesse)
344	0350	Foot (Jesse)
345	0351	Foot (Jesse) / Ford (Edward) / Fordyce (William)
346	0352	Fordyce (William) / Fordyce (George)
347	0353	Fordyce (George)
348	0354	Fordyce (George) / Foreest (Pierre-Van)
349	0355	Foreest (Pierre-Van)
350	0356	Foreest (Pierre-Van) / Formey (Louis)
351	0357	Formey (Louis) / Formy (Samuel)
352	0358	Formy (Samuel) / Forti (Raymond-Jean)
353	0359	Foster (Edward) / Fothergill (Jean)
354	0360	Fothergill (Jean)
355	0361	Fothergill (Jean)
356	0362	Fothergill (Jean)
357	0363	Fothergill (Jean)
358	0364	Fothergill (Jean)
359	0365	Fothergill (Jean) / Fothergill (Antony)
360	0366	Fothergill (Antony)
361	0367	Fothergill (Antony) / Fouquet (Henri)
362	0368	Fouquet (Henri)
363	0369	Fouquet (Henri)
364	0370	Fouquet (Henri) / Fourcroy (Antoine-François, comte de)
365	0371	Fourcroy (Antoine-François, comte de)
366	0372	Fourcroy (Antoine-François, comte de)
367	0373	Fourcroy (Antoine-François, comte de)
368	0374	Fourcroy (Antoine-François, comte de)
369	0375	Fourcroy (Antoine-François, comte de)
370	0376	Fourcroy (Antoine-François, comte de)
371	0377	Fourcroy (Antoine-François, comte de)
372	0378	Fourcroy (Antoine-François, comte de)
373	0379	Fourcroy (Antoine-François, comte de)
374	0380	Fourcroy (Antoine-François, comte de)
[sans numérotation]	0381	Tome II - 2e partie
[page blanche]	0382	
[sans numérotation]	0383	[Page de titre]
[page blanche]	0384	
[sans numérotation]	0385	[Préface]
vj	0386	[Préface]
vij	0387	[Préface]
viij	0388	[Préface]
ix	0389	Ouvrages cités. Catalogue Des ouvrages souvent cités dans ce deuxième volume
x	0390	Ouvrages cités. Catalogue Des ouvrages souvent cités dans ce deuxième volume
xj	0391	Ouvrages cités. Catalogue Des ouvrages souvent cités dans ce deuxième volume
xij	0392	Ouvrages cités. Catalogue Des ouvrages souvent cités dans ce deuxième volume
xiij	0393	Ouvrages cités. Catalogue Des ouvrages souvent cités dans ce deuxième volume
xiv	0394	Ouvrages cités. Catalogue Des ouvrages souvent cités dans ce deuxième volume
375	0395	Fournier (Nicolas)
376	0396	Fournier (Nicolas) / Fowler (Thomas)
377	0397	Fowler (Thomas) / Fracanzano (Antoine)
378	0398	Fracanzano (Antoine) / Fracassati (Charles)
379	0399	Fracassati (Charles) / Fracassini (Ant.)
380	0400	Fracassini (Ant.) / Fracastor (Jérôme)
381	0401	Fracastor (Jérôme) / Fragoso (Jean)
382	0402	Fragoso (Jean) / Franck de Franckenau (George)
383	0403	Franck de Franckenau (George)
384	0404	Francke (Jean)
385	0405	Francke (Jean) / Frank (Jean-Pierre)
386	0406	Frank (Jean-Pierre)
387	0407	Frank (Jean-Pierre)
388	0408	Frank (Jean-Pierre)
389	0409	Frank (Jean-Pierre) / Frank (Louis)
390	0410	Frank (Louis)
391	0411	Frank (Louis) / Franco (Gaspard de Los Reyrs) / Franco (Pierre)
392	0412	Franco (Pierre) / Franz (Jean-George-Frédéric)
393	0413	Franz (Jean-George-Frédéric)
394	0414	Franz (Jean-George-Frédéric) / Freeman (S) / Freind (Jean)
395	0415	Freind (Jean)
396	0416	Freind (Jean)
397	0417	Freind (Jean) / Freitag (Jean)
398	0418	Freitag (Jean) / Freke (Jean)
399	0419	Freke (Jean) / Frenzel (Jean-Samuel-Traugott) / Frenzel (Jean-Théodore-Gottlob)
400	0420	Frenzel (Jean-Théodore-Gottlob) / Fréteau (Jean-Marie-Nicolas)
401	0421	Fréteau (Jean-Marie-Nicolas)
402	0422	Fréteau (Jean-Marie-Nicolas) / Frick (Melchior)
403	0423	Frick (Melchior) / Fried (Jean-Jacques) / Fried (George-Albert)
404	0424	Fried (George-Albert) / Friedlaender (Michel)
405	0425	Friedlaender (Michel)
406	0426	Friedlaender (Michel) / Friese (Frederich-Gotthilp)
407	0427	Friese (Frederich-Gotthilp) / Fritze (Jean-Théophile)
408	0428	Fritze (Jean-Théophile) / Fritze (Jean-Frédéric)
409	0429	Fritze (Jean-Frédéric) / Fritze (Frédérich-Auguste) / Fuchs (Léonard)
410	0430	Fuchs (Léonard)
411	0431	Fuchs (Léonard)
412	0432	Fuchs (Léonard)
413	0433	Fuchs (Léonard) / Fuchs ou Fuchsius (Remacle)
414	0434	Fuchs ou Fuchsius (Remacle) / Fuchs (George-Frédéric-Chrestien)
415	0435	Fuchs (George-Frédéric-Chrestien)
416	0436	Fuchs (George-Frédéric-Chrestien) / Fuchs (Jean-Frédéric) / Fuller (Thomas)
417	0437	Fuller (Thomas) / Fürstenau (Jean-Hermann)
418	0438	Fürstenau (Jean-Hermann)
419	0439	Fürstenau (Jean-Hermann)
420	0440	Fürstenau (Jean-Hermann)
421	0441	Fürstenau (Jean-Hermann) / Fürstenau (Jean-Frédéric)
422	0442	Fürstenau (Jean-Frédéric) / Fyfe (André)
423	0443	Fyfe (André) / Gabelchover ou Gabelkhover (Oswald) / Gabelchover (Wolffgang)
424	0444	Gabelchover (Wolffgang) / Gabuccini (Jérôme) / Gachet
425	0445	Gachet / Gaddesden (Jean de) ou Jean l'Anglais
426	0446	Gaddesden (Jean de) ou Jean l'Anglais / Gagliardi (Dominique)
427	0447	Gagliardi (Dominique) / Galeano (Joseph)
428	0448	Galeano (Joseph) / Gale (Thomas)
429	0449	Gale (Thomas)
430	0450	Gale (Thomas) / Galeoti (Pio Urbano) / Galien (Claude)
431	0451	Galien (Claude)
432	0452	Galien (Claude)
433	0453	Galien (Claude)
434	0454	Galien (Claude)
435	0455	Galien (Claude)
436	0456	Galien (Claude)
437	0457	Galien (Claude)
438	0458	Galien (Claude)
439	0459	Galien (Claude)
440	0460	Galien (Claude)
441	0461	Galien (Claude)
442	0462	Galien (Claude)
443	0463	Galien (Claude)
444	0464	Galien (Claude)
445	0465	Galien (Claude)
446	0466	Galien (Claude)
447	0467	Galien (Claude)
448	0468	Galien (Claude)
449	0469	Galien (Claude)
450	0470	Galien (Claude)
451	0471	Galien (Claude)
452	0472	Galien (Claude)
453	0473	Galien (Claude)
454	0474	Galien (Claude)
455	0475	Galien (Claude)
456	0476	Galien (Claude)
457	0477	Galien (Claude)
458	0478	Galien (Claude)
459	0479	Galien (Claude)
460	0480	Galien (Claude)
461	0481	Galien (Claude)
462	0482	Galien (Claude)
463	0483	Galien (Claude)
464	0484	Galien (Claude)
465	0485	Galien (Claude)
466	0486	Galien (Claude)
467	0487	Galien (Claude)
468	0488	Galien (Claude)
469	0489	Galien (Claude)
470	0490	Galien (Claude)
471	0491	Galien (Claude) / Gall (François-Joseph)
472	0492	Gall (François-Joseph)
473	0493	Gall (François-Joseph)
474	0494	Gall (François-Joseph) / Gallandat (David-Henry)
475	0495	Gallandat (David-Henry) / Gallatin (Jean-Louis) / Gallesky (Jean-Godefroy)
476	0496	Gallesky (Jean-Godefroy) / Gallot (Jean-Gabriel)
477	0497	Gallot (Jean-Gabriel) / Galvani (Louis)
478	0498	Galvani (Louis) / Gandini (Charles)
479	0499	Gandoger de Foigny (Pierre-Louis) / Garbo (Dino del)
480	0500	Garbo (Dino del) / Garbo (Thomas del) / Gardane (Joseph-Jacques)
481	0501	Gardane (Joseph-Jacques)
482	0502	Gardane (Joseph-Jacques)
483	0503	Gardane (Joseph-Jacques) / Gardeil (Jean-Baptiste) / Gardiner (John)
484	0504	Gardiner (John) / Gardini (François-Joseph)
485	0505	Gardini (François-Joseph)
486	0506	Gardini (François-Joseph) / Garengeot (Réné-Jacques Croissant de)
487	0507	Garengeot (Réné-Jacques Croissant de)
488	0508	Garengeot (Réné-Jacques Croissant de) / Gariopontus / Gariot (Jean-Baptiste)
489	0509	Garlich (Thomas) / Garmann (Chretien-Frédéric) / Garn (Jean-André)
490	0510	Garn (Jean-André) / Garnet (Thomas)
491	0511	Garnet (Thomas)
492	0512	Garnet (Thomas)
493	0513	Garnier (Pierre)
494	0514	Garnier (Pierre) / Garnier (Laurent) / Gartshore (Maxwill)
495	0515	Gartshore (Maxwill) / Gasc (Jean-Baptiste)
496	0516	Gasc (Jean-Baptiste) / Gastaldy (Jean-Baptiste)
497	0517	Gastaldy (Jean-Baptiste)
498	0518	Gastaldy (Jean-Baptiste) / Gastelier (René-George)
499	0519	Gastelier (René-George)
500	0520	Gastelier (René-George) / Gataker (Thomas)
501	0521	Gataker (Thomas) / Gattenhof (Georges-Mathieu)
502	0522	Gattenhof (Georges-Mathieu)
503	0523	Gattenhof (Georges-Mathieu) / Gatti (Angelo) / Gattinara ou Gattinaria (Marc)
504	0524	Gattinara ou Gattinaria (Marc)
505	0525	Gattinara ou Gattinaria (Marc) / Gaubius (Gerôme-David)
506	0526	Gaubius (Gerôme-David) / Gaukes (Yves)
507	0527	Gaukes (Yves) / Gauthier (Hugues)
508	0528	Gauthier (Hugues) / Gautier d'Agoty (Jacques)
509	0529	Gautier d'Agoty (Jacques) / Gavard (Hyacinthe)
510	0530	Gavard (Hyacinthe) / Gazola (Joseph)
511	0531	Gazola (Joseph) / Geach (François)
512	0532	Geach (François) / Gebauer (Jean-Chrétien Ehrenfried) / Gebhard (Jacques-Louis)
513	0533	Gebhard (Jacques-Louis) / Gebhard (François) / Gehler (Jean-Charles)
514	0534	Gehler (Jean-Charles)
515	0535	Gehler (Jean-Charles)
516	0536	Gehler (Jean-Charles) / Gemma (Jean-Baptiste)
517	0537	Gemma (Jean-Baptiste) / Gendron (Claude Deshais) / Gendron (Louis-Florentin Deshais) / Genga (Bernardin)
518	0538	Genga (Bernardin) / Gentile da Foligno
519	0539	Gentile da Foligno
520	0540	Gentile da Foligno / Geoffroy (Etienne François)
521	0541	Geoffroy (Etienne François) / Geoffroy (Etienne Louis)
522	0542	Geoffroy (Etienne Louis)
523	0543	Geoffroy (Etienne Louis) / Georget (Etienne-Jean)
524	0544	Georget (Etienne-Jean)
525	0545	Georget (Etienne-Jean) / Gerbesius (Marcus)
526	0546	Gerbesius (Marcus) / Gericke (Pierre)
527	0547	Gericke (Pierre)
528	0548	Gericke (Pierre) / Gersdorf (Jean)
529	0549	Gersdorf (Jean) / Gerson (Joseph)
530	0550	Gerson (Joseph) / Gervaise (Nicolas) / Gesenius (Guillaume)
531	0551	Gesenius (Guillaume)
532	0552	Gesenius (Guillaume) / Gesner (Conrad)
533	0553	Gesner (Conrad)
534	0554	Gesner (Conrad)
535	0555	Gesner (Conrad)
536	0556	Gesner (Conrad) / Gesner (Jean Augustin Philippe)
537	0557	Gesner (Jean Augustin Philippe) / Gesscher (David Van)
538	0558	Gesscher (David Van)
539	0559	Gesscher (David Van) / Geuns (Mathias Van)
540	0560	Geuns (Mathias Van)
541	0561	Geuns (Mathias Van) / Geuns (Etienne Jean Van)
542	0562	Geuns (Etienne Jean Van) / Gherardini (Michel)
543	0563	Ghisi (Martin) / Gianella (Charles)
544	0564	Giannella (Charles) / Giannini (Joseph)
545	0565	Giannini (Joseph) / Gibbons (Thomas) / Gibson (Benjamin)
546	0566	Gibson (Benjamin) / Gibson (John) / Giffard (William)
547	0567	Giffard (William) / Gilbert
548	0568	Gilbert / Gilbert (Nicolas Pierre)
549	0569	Gilbert (Nicolas Pierre) / Gilchrist (Ebenezer)
550	0570	Gilchrist (Ebenezer) / Gilibert (Jean Emmanuel)
551	0571	Gilibert (Jean Emmanuel)
552	0572	Gilibert (Jean Emmanuel) / Gilles de Corbeil
553	0573	Gilles de Corbeil
554	0574	Gilles de Corbeil / Girard (Barthelemi)
555	0575	Girard (Barthelemi) / Girardi (Michel)
556	0576	Girardi (Michel) / Giraud (Bruno)
557	0577	Giraud (Bruno) / Giraud (Claude-Marie)
558	0578	Giraud (Claude-Marie) / Girault (Benigne) / Girtaner (Christophe)
559	0579	Girtaner (Christophe)
560	0580	Girtaner (Christophe) / Glacan (Neil O')
561	0581	Glacan (Neil O') / Gladbach (Jean-Bernard de)
562	0582	Gladbach (Jean-Bernard de) / Glandorp (Mathias-Louis)
563	0583	Glandorp (Mathias-Louis) / Glaser (Gotthard-Johann)
564	0584	Glaser (Friedrich-Reinhold von) / Glass (Thomas) / Gleize
565	0585	Gleize / Glisson (François)
566	0586	Glisson (François)
567	0587	Glisson (François) / Gmelin (Jean-Frédéric)
568	0588	Gmelin (Jean-Frédéric)
569	0589	Gmelin (Jean-Frédéric) / Gockel (Eberhard)
570	0590	Gockel (Eberhard) / Goclenius (Rodolphe)
571	0591	Goclenius (Rodolphe)
572	0592	Goclenius (Rodolphe) / Godard (Guillaume Lambert) / Goeden (Hans-Adolphe)
573	0593	Goeden (Hans-Adolphe)
574	0594	Goeden (Hans-Adolphe) / Goelicke (André-Ottomar)
575	0595	Goelicke (André-Ottomar)
576	0596	Goelicke (André-Ottomar)
577	0597	Goelicke (André-Ottomar) / Goercke (Jean)
578	0598	Goercke (Jean)
579	0599	Goercke (Jean) / Goertz (Jean-Frédéric)
580	0600	Goetz (François-Ignace) / Gohl (Jean-Daniel)
581	0601	Gohl (Jean-Daniel)
582	0602	Gohl (Jean-Daniel) / Goldhagen (Jean-Frédéric-Gottlieb)
583	0603	Goldhagen (Jean-Frédéric-Gottlieb)
584	0604	Goldhagen (Jean-Frédéric-Gottlieb) / Goldson (William) / Goldwiz (Sebastien)
585	0605	Goldwiz (Sebastien) / Gölis (Léopold-Antoine)
586	0606	Gölis (Léopold-Antoine) / Gonthier (Jean)
587	0607	Gonthier (Jean)
588	0608	Gonthier (Jean)
589	0609	Gonthier (Jean) / Gooch (Benjamin)
590	0610	Gooch (Benjamin) / Good (John-Mason)
591	0611	Good (John-Mason) / Goodwyn (Edmond)
592	0612	Goodwyn (Edmond) / Gorcy (Pierre-Christophe) / Gordon (Bernard de)
593	0613	Gordon (Bernard de)
594	0614	Gordon (Bernard de) / Gordon (John)
595	0615	Gordon (John) / Gorris (Jean de)
596	0616	Gorris (Jean de) / Gorter (Jean de)
597	0617	Gorter (Jean de)
598	0618	Gorter (Jean de)
599	0619	Gorter (Jean de) / Gosse (Henri-Albert)
600	0620	Gosse (Henri-Albert) / Goubelly (Claude-André)
601	0621	Goubelly (Claude-André) / Gouey (Louis-Léger de) / Goulard (Thomas)
602	0622	Goulard (Thomas)
603	0623	Goulard (Thomas) / Goulin (Jean)
604	0624	Goulin (Jean)
605	0625	Goulin (Jean)
606	0626	Goulin (Jean) / Gourmelen (Etienne)
607	0627	Gourmelen (Etienne) / Gourraigne (Hugues)
608	0628	Gourraigne (Hugues) / Goursaud
609	0629	Graaf ou Graef (Reinier de) / Graba (Jean-André)
610	0630	Graba (Jean-André) / Grabner ou Grebner (David de)
611	0631	Grabner ou Grebner (David de) / Gradi ou Gradibus (Jean-Mathieu de)
612	0632	Gradi ou Gradibus (Jean-Mathieu de) / Graham (James) / Grainger (Jacques)
613	0633	Grainger (Jacques) / Gramberg (Gerhard-Antoine)
614	0634	Gramberg (Gerhard-Antoine) / Grant (William)
615	0635	Grant (William)
616	0636	Grant (William)
617	0637	Grant (William) / Grapengiesser (Charles-Jean-Chrétien)
618	0638	Grapengiesser (Charles-Jean-Chrétien) / Grashuis (Jean)
619	0639	Grashuis (Jean) / Grasmeyer (Paul-Fr.-Hermann) / Gratarolo (Guillaume)
620	0640	Gratarolo (Guillaume)
621	0641	Gratarolo (Guillaume) / Grau (Jean-David)
622	0642	Grau (Jean-David) / Graumann (Pierre-Benoist-Chrétien)
623	0643	Graumann (Pierre-Benoist-Chrétien) / Graves (Robert) / Greding (Jean-Ernest)
624	0644	Greding (Jean-Ernest)
625	0645	Greding (Jean-Ernest) / Gregory (Jean) / Gregory (Jacques)
626	0646	Gregory (Jacques)
627	0647	Gregory (Jacques) / Grevin (Jacques) / Grima (Michel-Ange)
628	0648	Grima (Michel-Ange) / Grimaud (Jean-Charles-Marguerite-Guillaume de)
629	0649	Grimaud (Jean-Charles-Marguerite-Guillaume de)
630	0650	Grimaud (Jean-Charles-Marguerite-Guillaume de)
631	0651	Grimaud (Jean-Charles-Marguerite-Guillaume de) / Grimm (Hermann-Nicolas)
632	0652	Grimm (Hermann-Nicolas) / Grimm (Jean-Frédéric-Charles) / Groenevelt (Jean)
633	0653	Groenevelt (Jean) / Grossi (Ernest de)
634	0654	Grossi (Ernest de) / Grossin du Haume (Etienne)
635	0655	Grossin du Haume (Etienne) / Gruling (Philippe)
636	0656	Gruling (Philippe) / Grundmann (Jean-Théophile)
637	0657	Grundmann (Jean-Théophile) / Gruner (Chretien-Godefroy)
638	0658	Gruner (Chretien-Godefroy)
639	0659	Gruner (Chretien-Godefroy)
640	0660	Gruner (Chretien-Godefroy)
641	0661	Gruner (Chretien-Godefroy)
642	0662	Gruner (Chretien-Godefroy) / Guainerio (Antoine)
643	0663	Guainerio (Antoine)
644	0664	Guainerio (Antoine)
645	0665	Guainerio (Antoine) / Guarinone (Christophe)
646	0666	Guarinone (Christophe) / Guattani (Charles)
647	0667	Guattani (Charles) / Guckenberger (Ludolph)
648	0668	Guckenberger (Ludolph) / Guerard (Bernard)
649	0669	Guerard (Bernard) / Guerin de Mamers (H.)
650	0670	Guerin de Mamers (H.) / Guérin / Guérin (Pierre ( ?))
651	0671	Guérin (Pierre ( ?)) / Guglielmini (Dominique)
652	0672	Guglielmini (Dominique)
653	0673	Guglielmini (Dominique) / Guidetti (Jean-Thomas)
654	0674	Guidetti (Jean-Thomas) / Guidi (Guido)
655	0675	Guidi (Guido)
656	0676	Guidi (Guido) / Guidot ou Guidott (Thomas)
657	0677	Guidot ou Guidott (Thomas) / Guillaume de Salicet
658	0678	Guillaume de Salicet
659	0679	Guillaume de Salicet / Guillaumet (Tannegui)
660	0680	Guillaumet (Tannegui) / Guillemeau (Jacques)
661	0681	Guillemeau (Jacques)
662	0682	Guillemeau (Jacques)
663	0683	Guillemeau (Jacques)
664	0684	Guillemeau (Jacques) / Guillemeau (Charles)
665	0685	Guillemeau (Charles) / Guindant (Toussaint)
666	0686	Guindant (Toussaint) / Guisard (Pierre)
667	0687	Guisard (Pierre) / Guldbrand (Jean-Guillaume)
668	0688	Guldbrand (Jean-Guillaume) / Gumpert (Christian-Gottlieb)
669	0689	Gumpert (Christian-Gottlieb) / Günz (Justus-Gottfried)
670	0690	Günz (Justus-Gottfried) / Günz (Just-Wilhelm)
671	0691	Günz (Just-Wilhelm) / Güntz (Edouard-Wilhelm) / Gutermann (Georges-Frédéric)
672	0692	Gutermann (Georges-Frédéric) / Gutfeld (Frédéric-Augustin-Philippe)
673	0693	Gutfeld (Frédéric-Augustin-Philippe) / Guy de Chauliac
674	0694	Guy de Chauliac
675	0695	Guy de Chauliac
676	0696	Guy de Chauliac / Haaff (Gérard Ten)
677	0697	Haaff (Gérard Ten)
678	0698	Haaff (Gérard Ten) / Haar (Jacques van der)
679	0699	Haar (Jacques van der)
680	0700	Haar (Jacques van der) / Haartmann (Jean-Johanson) / Haase (Jean-Gottlob)
681	0701	Haase (Jean-Gottlob)
682	0702	Haase (Jean-Gottlob) / Habicot (Nicolas)
683	0703	Habicot (Nicolas)
684	0704	Habicot (Nicolas) / Haeberl (François-Xavier)
685	0705	Haen (Antoine de)
686	0706	Haen (Antoine de)
687	0707	Haen (Antoine de) / Haenel (Albert-Frédéric)
688	0708	Haenel (Albert-Frédéric) / Haffenreffer (Samuel) / Hagen (Jean-Philippe)
689	0709	Hagen (Jean-Philippe)
690	0710	Hagen (Jean-Philippe)
