page	refimg	chapitre
[sans numérotation]	0001	[Page de faux-titre]
[sans numérotation]	0002	
[sans numérotation]	0003	[Page de titre]
[page blanche]	0004	
1	0005	Baader (Les) [A. Chéreau] (bibliographie)
2	0006	Baader (Les) [A. Chéreau] (bibliographie) / Baba. Voy. Mimosa / Babary. Voy. Poivre / Bablabs ou Bablah [H. Baillon]
3	0007	Bablot (Louis-Nicolas-Benjamin) [A. Chéreau] (bibliographie) / Babouny [H. Baillon] / Baccae Norlandicae [H. Baillon] / Baccharis [H. Baillon] / Bacci ou Baccio (André) [A. Chéreau]
4	0008	Bacci ou Baccio (André) [A. Chéreau] (bibliographie) / Bache. Voy. Mauritia / Bacher (Les deux) [A. Chéreau]
5	0009	Bacher (Les deux) [A. Chéreau] (bibliographie) / Bacheracht (Henri) [A. Chéreau] / Bachot (Les) [A. Chéreau] / Bachstrom (Jean-Frédéric) [A. Chéreau]
6	0010	Bachstrom (Jean-Frédéric) [A. Chéreau] (bibliographie) / Bacile. Voy. Perce-Pierre / Back (Jacques de) [A. Chéreau] / Backer (George) [A. Chéreau] / Bacmeister (Les deux) [A. Chéreau] / Bacon (Roger) [A. Chéreau]
7	0011	Bacon (Roger) [A. Chéreau]
8	0012	Bacon (Roger) [A. Chéreau]
9	0013	Bacon (Roger) [A. Chéreau] (bibliographie) / Bacon (François) [A. Chéreau]
10	0014	Bacon (François) [A. Chéreau]
11	0015	Bacon (François) [A. Chéreau]
12	0016	Bacon (François) [A. Chéreau] (bibliographie) / Bacopa [H. Baillon]
13	0017	Bacquois [H. Baillon] / Bactérie, Bactéridie [C. Davaine]
14	0018	Bactérie, Bactéridie [C. Davaine]
15	0019	Bactérie, Bactéridie [C. Davaine]
16	0020	Bactérie, Bactéridie [C. Davaine]
17	0021	Bactérie, Bactéridie [C. Davaine]
18	0022	Bactérie, Bactéridie [C. Davaine]
19	0023	Bactérie, Bactéridie [C. Davaine]
20	0024	Bactérie, Bactéridie [C. Davaine]
21	0025	Bactérie, Bactéridie [C. Davaine]
22	0026	Bactérie, Bactéridie [C. Davaine]
23	0027	Bactérie, Bactéridie [C. Davaine]
24	0028	Bactérie, Bactéridie [C. Davaine]
25	0029	Bactérie, Bactéridie [C. Davaine]
26	0030	Bactérie, Bactéridie [C. Davaine]
27	0031	Bactérie, Bactéridie [C. Davaine]
28	0032	Bactérie, Bactéridie [C. Davaine]
29	0033	Bactérie, Bactéridie [C. Davaine]
30	0034	Bactérie, Bactéridie [C. Davaine]
31	0035	Bactérie, Bactéridie [C. Davaine]
32	0036	Bactérie, Bactéridie [C. Davaine]
33	0037	Bactérie, Bactéridie [C. Davaine]
34	0038	Bactérie, Bactéridie [C. Davaine]
35	0039	Bactérie, Bactéridie [C. Davaine]
36	0040	Bactérie, Bactéridie [C. Davaine]
37	0041	Bactérie, Bactéridie [C. Davaine]
38	0042	Bactérie, Bactéridie [C. Davaine] (bibliographie)
39	0043	Bactérie, Bactéridie [C. Davaine] (bibliographie) / Bactyrilobium [H. Baillon] / Badamier. Voy. Myrobolans et Terminalia / Bade (Grand-duché de) / Géographie médicale [Jacques Bertillon]
40	0044	Bade (Grand-duché de). Géographie médicale [Jacques Bertillon]
41	0045	Bade (Grand-duché de). Géographie médicale [Jacques Bertillon]
42	0046	Bade (Grand-duché de). Géographie médicale [Jacques Bertillon]
43	0047	Bade (Grand-duché de). Géographie médicale [Jacques Bertillon]
44	0048	Bade (Grand-duché de). Géographie médicale [Jacques Bertillon]
45	0049	Bade (Grand-duché de). Géographie médicale [Jacques Bertillon]
46	0050	Bade (Grand-duché de). Géographie médicale [Jacques Bertillon]
47	0051	Bade (Grand-duché de). Géographie médicale [Jacques Bertillon]
48	0052	Bade (Grand-duché de). Géographie médicale [Jacques Bertillon]
49	0053	Bade (Grand-duché de). Géographie médicale [Jacques Bertillon]
50	0054	Bade (Grand-duché de). Géographie médicale [Jacques Bertillon]
51	0055	Bade (Grand-duché de). Géographie médicale [Jacques Bertillon]
52	0056	Bade (Grand-duché de). Géographie médicale [Jacques Bertillon]
53	0057	Bade (Grand-duché de). Géographie médicale [Jacques Bertillon]
54	0058	Bade (Grand-duché de). Géographie médicale [Jacques Bertillon]
55	0059	Bade (Grand-duché de). Géographie médicale [Jacques Bertillon]
56	0060	Bade (Grand-duché de). Géographie médicale [Jacques Bertillon]
57	0061	Bade (Grand-duché de). Géographie médicale [Jacques Bertillon]
58	0062	Bade (Grand-duché de). Géographie médicale [Jacques Bertillon] (bibliographie) / Baden (Argovie) (Eaux minérales de) [A. Rotureau]
59	0063	Baden (Argovie) (Eaux minérales de) [A. Rotureau]
60	0064	Baden (Argovie) (Eaux minérales de) [A. Rotureau]
61	0065	Baden (Argovie) (Eaux minérales de) [A. Rotureau]
62	0066	Baden (Argovie) (Eaux minérales de) [A. Rotureau]
63	0067	Baden (Argovie) (Eaux minérales de) [A. Rotureau]
64	0068	Baden (Argovie) (Eaux minérales de) [A. Rotureau]
65	0069	Baden (Argovie) (Eaux minérales de) [A. Rotureau]
66	0070	Baden (Argovie) (Eaux minérales de) [A. Rotureau] (bibliographie)
67	0071	Baden (Argovie) (Eaux minérales de) [A. Rotureau] (bibliographie) / Baden-Baden (Eaux minérales, boues et cure de petit-lait de) [A. Rotureau]
68	0072	Baden-Baden (Eaux minérales, boues et cure de petit-lait de) [A. Rotureau]
69	0073	Baden-Baden (Eaux minérales, boues et cure de petit-lait de) [A. Rotureau]
70	0074	Baden-Baden (Eaux minérales, boues et cure de petit-lait de) [A. Rotureau]
71	0075	Baden-Baden (Eaux minérales, boues et cure de petit-lait de) [A. Rotureau]
72	0076	Baden-Baden (Eaux minérales, boues et cure de petit-lait de) [A. Rotureau] (bibliographie) / Baden bei Wien, Baden près de Vienne (Eaux minérales et cure de petit-lait de) [A. Rotureau]
73	0077	Baden bei Wien, Baden près de Vienne (Eaux minérales et cure de petit-lait de) [A. Rotureau]
74	0078	Baden bei Wien, Baden près de Vienne (Eaux minérales et cure de petit-lait de) [A. Rotureau]
75	0079	Baden bei Wien, Baden près de Vienne (Eaux minérales et cure de petit-lait de) [A. Rotureau]
76	0080	Baden bei Wien, Baden près de Vienne (Eaux minérales et cure de petit-lait de) [A. Rotureau]
77	0081	Baden bei Wien, Baden près de Vienne (Eaux minérales et cure de petit-lait de) [A. Rotureau]
78	0082	Baden bei Wien, Baden près de Vienne (Eaux minérales et cure de petit-lait de) [A. Rotureau] (bibliographie)
79	0083	Baden bei Wien, Baden près de Vienne (Eaux minérales et cure de petit-lait de) [A. Rotureau]
80	0084	Baden bei Wien, Baden près de Vienne (Eaux minérales et cure de petit-lait de) [A. Rotureau] (bibliographie) / Badenweiler (Eau minérale et cure de petit-lait de) [A. Rotureau]
81	0085	Badiane / Botanique [H. Baillon]
82	0086	Badiane. Botanique [H. Baillon]
83	0087	Badiane. Botanique [H. Baillon]
84	0088	Badiane. Botanique [H. Baillon] (bibliographie) / Emploi médical [Amédée Dechambre] / Badigeonnages [Boinet]
85	0089	Badigeonnages [Boinet]
86	0090	Badigeonnages [Boinet]
87	0091	Badigeonnages [Boinet]
88	0092	Badigeonnages [Boinet]
89	0093	Badigeonnages [Boinet] / Baeck (Abraham) [A. Chéreau] (bibliographie) / Baersdorp (Corneille de) [A. Chéreau] / Baffos (Alexis-René) [E. Beaugrand]
90	0094	Baffos (Alexis-René) [E. Beaugrand] (bibliographie) / Bagard (Charles) [A. Chéreau] / Baget (les) [A. Chéreau] / Bagieu (Jacques) [A. Chéreau] / Baglivi (George) [A. Chéreau]
91	0095	Baglivi (George) [A. Chéreau]
92	0096	Baglivi (George) [A. Chéreau] (bibliographie) / Bagne [A. Le Roy de Méricourt]
93	0097	Bagne [A. Le Roy de Méricourt]
94	0098	Bagne [A. Le Roy de Méricourt]
95	0099	Bagne [A. Le Roy de Méricourt]
96	0100	Bagne [A. Le Roy de Méricourt]
97	0101	Bagne [A. Le Roy de Méricourt]
98	0102	Bagne [A. Le Roy de Méricourt]
99	0103	Bagne [A. Le Roy de Méricourt]
100	0104	Bagne [A. Le Roy de Méricourt]
101	0105	Bagne [A. Le Roy de Méricourt] (bibliographie) / Bagnères-de-Bigorre ou Bagnères-sur-l'Adour (Eaux minérales de (Station d'hiver)) [A. Rotureau]
102	0106	Bagnères-de-Bigorre ou Bagnères-sur-l'Adour (Eaux minérales de (Station d'hiver)) [A. Rotureau]
103	0107	Bagnères-de-Bigorre ou Bagnères-sur-l'Adour (Eaux minérales de (Station d'hiver)) [A. Rotureau]
104	0108	Bagnères-de-Bigorre ou Bagnères-sur-l'Adour (Eaux minérales de (Station d'hiver)) [A. Rotureau]
105	0109	Bagnères-de-Bigorre ou Bagnères-sur-l'Adour (Eaux minérales de (Station d'hiver)) [A. Rotureau]
106	0110	Bagnères-de-Bigorre ou Bagnères-sur-l'Adour (Eaux minérales de (Station d'hiver)) [A. Rotureau]
107	0111	Bagnères-de-Bigorre ou Bagnères-sur-l'Adour (Eaux minérales de (Station d'hiver)) [A. Rotureau]
108	0112	Bagnères-de-Bigorre ou Bagnères-sur-l'Adour (Eaux minérales de (Station d'hiver)) [A. Rotureau]
109	0113	Bagnères-de-Bigorre ou Bagnères-sur-l'Adour (Eaux minérales de (Station d'hiver)) [A. Rotureau]
110	0114	Bagnères-de-Bigorre ou Bagnères-sur-l'Adour (Eaux minérales de (Station d'hiver)) [A. Rotureau]
111	0115	Bagnères-de-Bigorre ou Bagnères-sur-l'Adour (Eaux minérales de (Station d'hiver)) [A. Rotureau]
112	0116	Bagnères-de-Bigorre ou Bagnères-sur-l'Adour (Eaux minérales de (Station d'hiver)) [A. Rotureau] (bibliographie) / Bagnères-de-Luchon (Eaux minérales de) [A. Rotureau]
113	0117	Bagnères-de-Luchon (Eaux minérales de) [A. Rotureau]
114	0118	Bagnères-de-Luchon (Eaux minérales de) [A. Rotureau]
115	0119	Bagnères-de-Luchon (Eaux minérales de) [A. Rotureau]
116	0120	Bagnères-de-Luchon (Eaux minérales de) [A. Rotureau]
117	0121	Bagnères-de-Luchon (Eaux minérales de) [A. Rotureau]
118	0122	Bagnères-de-Luchon (Eaux minérales de) [A. Rotureau]
119	0123	Bagnères-de-Luchon (Eaux minérales de) [A. Rotureau]
120	0124	Bagnères-de-Luchon (Eaux minérales de) [A. Rotureau]
121	0125	Bagnères-de-Luchon (Eaux minérales de) [A. Rotureau]
122	0126	Bagnères-de-Luchon (Eaux minérales de) [A. Rotureau]
123	0127	Bagnères-de-Luchon (Eaux minérales de) [A. Rotureau]
124	0128	Bagnères-de-Luchon (Eaux minérales de) [A. Rotureau]
125	0129	Bagnères-de-Luchon (Eaux minérales de) [A. Rotureau]
126	0130	Bagnères-de-Luchon (Eaux minérales de) [A. Rotureau]
127	0131	Bagnères-de-Luchon (Eaux minérales de) [A. Rotureau]
128	0132	Bagnères-de-Luchon (Eaux minérales de) [A. Rotureau]
129	0133	Bagnères-de-Luchon (Eaux minérales de) [A. Rotureau]
130	0134	Bagnères-de-Luchon (Eaux minérales de) [A. Rotureau]
131	0135	Bagnères-de-Luchon (Eaux minérales de) [A. Rotureau] (bibliographie) / Bagni di Lucca, Bains-de-Lucques (Eaux minérales de) [A. Rotureau]
132	0136	Bagni di Lucca, Bains-de-Lucques (Eaux minérales de) [A. Rotureau]
133	0137	Bagni di Lucca, Bains-de-Lucques (Eaux minérales de) [A. Rotureau]
134	0138	Bagni di Lucca, Bains-de-Lucques (Eaux minérales de) [A. Rotureau]
135	0139	Bagni di Lucca, Bains-de-Lucques (Eaux minérales de) [A. Rotureau]
136	0140	Bagni di Lucca, Bains-de-Lucques (Eaux minérales de) [A. Rotureau]
137	0141	Bagni di Lucca, Bains-de-Lucques (Eaux minérales de) [A. Rotureau] (bibliographie) / Bagnoles-de-l'Orne (Eaux minérales de) [A. Rotureau]
138	0142	Bagnoles-de-l'Orne (Eaux minérales de [A. Rotureau]
139	0143	Bagnoles-de-l'Orne (Eaux minérales de [A. Rotureau]
140	0144	Bagnoles-de-l'Orne (Eaux minérales de [A. Rotureau]
141	0145	Bagnoles-de-l'Orne (Eaux minérales de [A. Rotureau]
142	0146	Bagnoles-de-l'Orne (Eaux minérales de [A. Rotureau] (bibliographie) / Bagnols (Eaux minérales de) [A. Rotureau]
143	0147	Bagnols (Eaux minérales de) [A. Rotureau]
144	0148	Bagnols (Eaux minérales de) [A. Rotureau]
145	0149	Bagnols (Eaux minérales de) [A. Rotureau]
146	0150	Bagnols (Eaux minérales de) [A. Rotureau]
147	0151	Bagnols (Eaux minérales de) [A. Rotureau]
148	0152	Bagnols (Eaux minérales de) [A. Rotureau]
149	0153	Bagnols (Eaux minérales de) [A. Rotureau] (bibliographie) / Baguenaudier [H. Baillon]
150	0154	Baguenaudier [H. Baillon] (bibliographie) / Baier (Les) [A. Chéreau] / Bailey (Walter) [A. Chéreau]
151	0155	Baillement / Physiologie [B. Brochin]
152	0156	Baillement. Physiologie [B. Brochin] / Séméiologie [B. Brochin]
153	0157	Baillement. Séméiologie [B. Brochin]
154	0158	Baillement. Séméiologie [B. Brochin] / Baillif de la Rivière (Roch) [A. Chéreau]
155	0159	Baillif de la Rivière (Roch) [A. Chéreau] (bibliographie) / Baillou (Guillaume) [A. Chéreau] / Bains (Des) / En général [A. Tartivel]
156	0160	Bains (Des). En général [A. Tartivel]
157	0161	Bains (Des). En général [A. Tartivel]
158	0162	Bains (Des). En général [A. Tartivel]
159	0163	Bains (Des). En général [A. Tartivel]
160	0164	Bains (Des). En général [A. Tartivel]
161	0165	Bains (Des). En général [A. Tartivel]
162	0166	Bains (Des). En général [A. Tartivel]
163	0167	Bains (Des). En général [A. Tartivel]
164	0168	Bains (Des). En général [A. Tartivel]
165	0169	Bains (Des). En général [A. Tartivel]
166	0170	Bains (Des). En général [A. Tartivel]
167	0171	Bains (Des). En général [A. Tartivel]
168	0172	Bains (Des). En général [A. Tartivel]
169	0173	Bains (Des). En général [A. Tartivel]
170	0174	Bains (Des). En général [A. Tartivel]
171	0175	Bains (Des). En général [A. Tartivel]
172	0176	Bains (Des). En général [A. Tartivel]
173	0177	Bains (Des). En général [A. Tartivel]
174	0178	Bains (Des). En général [A. Tartivel]
175	0179	Bains (Des). En général [A. Tartivel]
176	0180	Bains (Des). En général [A. Tartivel]
177	0181	Bains (Des). En général [A. Tartivel]
178	0182	Bains (Des). En général [A. Tartivel]
179	0183	Bains (Des). En général [A. Tartivel]
180	0184	Bains (Des). En général [A. Tartivel]
181	0185	Bains (Des). En général [A. Tartivel]
182	0186	Bains (Des). En général [A. Tartivel]
183	0187	Bains (Des). En général [A. Tartivel]
184	0188	Bains (Des). En général [A. Tartivel]
185	0189	Bains (Des). En général [A. Tartivel]
186	0190	Bains (Des). En général [A. Tartivel]
187	0191	Bains (Des). En général [A. Tartivel]
188	0192	Bains (Des). En général [A. Tartivel]
189	0193	Bains (Des). En général [A. Tartivel]
190	0194	Bains (Des). En général [A. Tartivel]
191	0195	Bains (Des). En général [A. Tartivel]
192	0196	Bains (Des). En général [A. Tartivel]
193	0197	Bains (Des). En général [A. Tartivel]
194	0198	Bains (Des). En général [A. Tartivel]
195	0199	Bains (Des). En général [A. Tartivel] (bibliographie) [E. Beaugrand]
196	0200	Bains (Des). En général [A. Tartivel] (bibliographie) [E. Beaugrand]
197	0201	Bains (Des). En général [A. Tartivel] (bibliographie) [E. Beaugrand]
198	0202	Bains (Des). En général [A. Tartivel] (bibliographie) [E. Beaugrand] / Des bains publics dans l'antiquité, dans le moyen âge et dans les temps modernes. Réglementation [E. Beaugrand]
199	0203	Bains (Des). Des bains publics dans l'antiquité, dans le moyen âge et dans les temps modernes. Réglementation [E. Beaugrand]
200	0204	Bains (Des). Des bains publics dans l'antiquité, dans le moyen âge et dans les temps modernes. Réglementation [E. Beaugrand]
201	0205	Bains (Des). Des bains publics dans l'antiquité, dans le moyen âge et dans les temps modernes. Réglementation [E. Beaugrand]
202	0206	Bains (Des). Des bains publics dans l'antiquité, dans le moyen âge et dans les temps modernes. Réglementation [E. Beaugrand]
203	0207	Bains (Des). Des bains publics dans l'antiquité, dans le moyen âge et dans les temps modernes. Réglementation [E. Beaugrand]
204	0208	Bains (Des). Des bains publics dans l'antiquité, dans le moyen âge et dans les temps modernes. Réglementation [E. Beaugrand]
205	0209	Bains (Des). Des bains publics dans l'antiquité, dans le moyen âge et dans les temps modernes. Réglementation [E. Beaugrand]
206	0210	Bains (Des). Des bains publics dans l'antiquité, dans le moyen âge et dans les temps modernes. Réglementation [E. Beaugrand]
207	0211	Bains (Des). Des bains publics dans l'antiquité, dans le moyen âge et dans les temps modernes. Réglementation [E. Beaugrand]
208	0212	Bains (Des). Des bains publics dans l'antiquité, dans le moyen âge et dans les temps modernes. Réglementation [E. Beaugrand]
209	0213	Bains (Des). Des bains publics dans l'antiquité, dans le moyen âge et dans les temps modernes. Réglementation [E. Beaugrand]
210	0214	Bains (Des). Des bains publics dans l'antiquité, dans le moyen âge et dans les temps modernes. Réglementation [E. Beaugrand]
211	0215	Bains (Des). Des bains publics dans l'antiquité, dans le moyen âge et dans les temps modernes. Réglementation [E. Beaugrand]
212	0216	Bains (Des). Des bains publics dans l'antiquité, dans le moyen âge et dans les temps modernes. Réglementation [E. Beaugrand] (bibliographie) / Bains Médicamenteux / Pharmacologie [C. Lutz]
213	0217	Bains Médicamenteux. Pharmacologie [C. Lutz]
214	0218	Bains Médicamenteux. Pharmacologie [C. Lutz]
215	0219	Bains Médicamenteux / Emploi médical [Tartivel]
216	0220	Bains Médicamenteux. Emploi médical [Tartivel]
217	0221	Bains Médicamenteux. Emploi médical [Tartivel]
218	0222	Bains Médicamenteux. Emploi médical [Tartivel]
219	0223	Bains Médicamenteux. Emploi médical [Tartivel]
220	0224	Bains Médicamenteux. Emploi médical [Tartivel]
221	0225	Bains Médicamenteux. Emploi médical [Tartivel]
222	0226	Bains Médicamenteux. Emploi médical [Tartivel]
223	0227	Bains Médicamenteux. Emploi médical [Tartivel]
224	0228	Bains Médicamenteux. Emploi médical [Tartivel]
225	0229	Bains Médicamenteux. Emploi médical [Tartivel]
226	0230	Bains Médicamenteux. Emploi médical [Tartivel] / Bains de mer [Dutrouleau]
227	0231	Bains de mer [Dutrouleau]
228	0232	Bains de mer [Dutrouleau]
229	0233	Bains de mer [Dutrouleau]
230	0234	Bains de mer [Dutrouleau]
231	0235	Bains de mer [Dutrouleau]
232	0236	Bains de mer [Dutrouleau]
233	0237	Bains de mer [Dutrouleau]
234	0238	Bains de mer [Dutrouleau]
235	0239	Bains de mer [Dutrouleau]
236	0240	Bains de mer [Dutrouleau]
237	0241	Bains de mer [Dutrouleau]
238	0242	Bains de mer [Dutrouleau]
239	0243	Bains de mer [Dutrouleau]
240	0244	Bains de mer [Dutrouleau]
241	0245	Bains de mer [Dutrouleau]
242	0246	Bains de mer [Dutrouleau]
243	0247	Bains de mer [Dutrouleau]
244	0248	Bains de mer [Dutrouleau]
245	0249	Bains de mer [Dutrouleau]
246	0250	Bains de mer [Dutrouleau]
247	0251	Bains de mer [Dutrouleau]
248	0252	Bains de mer [Dutrouleau]
249	0253	Bains de mer [Dutrouleau]
250	0254	Bains de mer [Dutrouleau]
25	0255	Bains de mer [Dutrouleau]
252	0256	Bains de mer [Dutrouleau] (bibliographie) [E. Beaugrand]
253	0257	Bains de mer [Dutrouleau] (bibliographie) [E. Beaugrand] / Bains-en-Vosges (Eaux minérales de) [A. Rotureau]
254	0258	Bains-en-Vosges (Eaux minérales de) [A. Rotureau]
255	0259	Bains-en-Vosges (Eaux minérales de) [A. Rotureau]
256	0260	Bains-en-Vosges (Eaux minérales de) [A. Rotureau]
257	0261	Bains-en-Vosges (Eaux minérales de) [A. Rotureau]
258	0262	Bains-en-Vosges (Eaux minérales de) [A. Rotureau]
259	0263	Bains-en-Vosges (Eaux minérales de) [A. Rotureau]
260	0264	Bains-en-Vosges (Eaux minérales de) [A. Rotureau]
261	0265	Bains-en-Vosges (Eaux minérales de) [A. Rotureau]
262	0266	Bains-en-Vosges (Eaux minérales de) [A. Rotureau] (bibliographie) / Bajon (N...) [A. Chéreau] / Baker (Les) [A. Chéreau]
263	0267	Balane [A. Laboulbène] / Balanite, Balano-posthite [J. Rollet]
264	0268	Balanite, Balano-posthite [J. Rollet]
265	0269	Balanite, Balano-posthite [J. Rollet]
266	0270	Balanite, Balano-posthite [J. Rollet]
267	0271	Balanite, Balano-posthite [J. Rollet]
268	0272	Balanite, Balano-posthite [J. Rollet]
269	0273	Balanite, Balano-posthite [J. Rollet]
270	0274	Balanite, Balano-posthite [J. Rollet]
271	0275	Balanite, Balano-posthite [J. Rollet]
272	0276	Balanite, Balano-posthite [J. Rollet]
273	0277	Balanite, Balano-posthite [J. Rollet]
274	0278	Balanite, Balano-posthite [J. Rollet]
275	0279	Balanite, Balano-posthite [J. Rollet]
276	0280	Balanite, Balano-posthite [J. Rollet] / Balanites (Del.) [H. Baillon]
277	0281	Balanites (Del.) [H. Baillon] (bibliographie) / Balanus Myrepsica. Voy. Ben (Noix de) / Balaruc (Eau minérale et boues de) [A. Rotureau]
278	0282	Balaruc (Eau minérale et boues de) [A. Rotureau]
279	0283	Balaruc (Eau minérale et boues de) [A. Rotureau]
280	0284	Balaruc (Eau minérale et boues de) [A. Rotureau]
281	0285	Balaruc (Eau minérale et boues de) [A. Rotureau]
282	0286	Balaruc (Eau minérale et boues de) [A. Rotureau]
283	0287	Balaruc (Eau minérale et boues de) [A. Rotureau]
284	0288	Balaruc (Eau minérale et boues de) [A. Rotureau] (bibliographie) / Balaton-Füred (Eaux minérales, bains du lac, bains et frictions de boue, cure de petit-lait de) [A. Rotureau]
285	0289	Balaton-Füred (Eaux minérales, bains du lac, bains et frictions de boue, cure de petit-lait de) [A. Rotureau]
286	0290	Balaton-Füred (Eaux minérales, bains du lac, bains et frictions de boue, cure de petit-lait de) [A. Rotureau]
287	0291	Balaton-Füred (Eaux minérales, bains du lac, bains et frictions de boue, cure de petit-lait de) [A. Rotureau]
288	0292	Balaton-Füred (Eaux minérales, bains du lac, bains et frictions de boue, cure de petit-lait de) [A. Rotureau]
289	0293	Balaton-Füred (Eaux minérales, bains du lac, bains et frictions de boue, cure de petit-lait de) [A. Rotureau] (bibliographie)
290	0294	Balaton-Füred (Eaux minérales, bains du lac, bains et frictions de boue, cure de petit-lait de) [A. Rotureau] (bibliographie) / Balaustes. Voy. Grenadier / Balayage. Voy. Villes / Baldi (Les) [A. Chéreau]
291	0295	Baldi (Les) [A. Chéreau] (bibliographie) / Baldinger (Ernest-Godefroy) [A. Chéreau]
292	0296	Baldinger (Ernest-Godefroy) [A. Chéreau] (bibliographie) / Baléares (Iles) / Géographie médicale [Achille Guillard]
293	0297	Baléares (Iles). Géographie médicale [Achille Guillard]
294	0298	Baléares (Iles). Géographie médicale [Achille Guillard]
295	0299	Baléares (Iles). Géographie médicale [Achille Guillard]
296	0300	Baléares (Iles). Géographie médicale [Achille Guillard]
297	0301	Baléares (Iles). Géographie médicale [Achille Guillard]
298	0302	Baléares (Iles). Géographie médicale [Achille Guillard]
299	0303	Baléares (Iles). Géographie médicale [Achille Guillard]
300	0304	Baléares (Iles). Géographie médicale [Achille Guillard]
301	0305	Baléares (Iles). Géographie médicale [Achille Guillard] (bibliographie)
302	0306	Baleine [A. Laboulbène] / Balessan [H. Baillon] / Balfour (François) [A. Chéreau] (bibliographie)
303	0307	Balfour (François) [A. Chéreau] (bibliographie) / Bali-Babolahs [H. Baillon] / Balisier [H. Baillon]
304	0308	Balisier [H. Baillon] (bibliographie)
305	0309	Ball (Les deux) [A. Chéreau] / Ballexserd (Jacques) [A. Chéreau] (bibliographie) / Ballons [P. Schützenberger] / Ballonnement. Voy. Météorisme et Tympanite / Ballote [H. Baillon]
306	0310	Ballote [H. Baillon] (bibliographie) / Ballottement. Voy. Grossesse / Bally (Fr. Victor) [E. Beaugrand]
307	0311	Bally (Fr. Victor) [E. Beaugrand] (bibliographie)
308	0312	Bally (Fr. Victor) [E. Beaugrand] (bibliographie) / Balme (Les deux) [A. Chéreau] / Balsamier. Voy. Baumier / Balsamifluées. Voy. Liquidambar / Balsamite [H. Baillon]
309	0313	Balsamite [H. Baillon] (bibliographie) / Balsamodendrum ou Balsamodendron [H. Baillon]
310	0314	Balsamodendrum ou Balsamodendron [H. Baillon]
311	0315	Balsamodendrum ou Balsamodendron [H. Baillon]
312	0316	Balsamodendrum ou Balsamodendron [H. Baillon]
313	0317	Balsamodendrum ou Balsamodendron [H. Baillon]
314	0318	Balsamodendrum ou Balsamodendron [H. Baillon] (bibliographie)
315	0319	Balsamodendrum ou Balsamodendron [H. Baillon] (bibliographie) / Balsamon. Voy. Pistachiers / Balsamophloeos. Voy. Balsamodendron [H. Baillon] / Bambou [H. Baillon] / Bambusa. Voy. Bambou / Bananier / Botanique [H. Baillon]
316	0320	Bananier. Botanique [H. Baillon]
317	0321	Bananier. Botanique [H. Baillon] (bibliographie) / Bromatologie [Fonssagrives]
318	0322	Bananier. Bromatologie [Fonssagrives]
319	0323	Bananier. Bromatologie [Fonssagrives] / Banau (Jean-Baptiste) [E. Beaugrand]
320	0324	Banau (Jean-Baptiste) [E. Beaugrand] (bibliographie) / Banc d'Hippourate. Voy. Ambi / Bancoul [H. Baillon] / Bandages [P. Tillaux]
321	0325	Bandages [P. Tillaux]
322	0326	Bandages [P. Tillaux]
323	0327	Bandages [P. Tillaux]
324	0328	Bandages [P. Tillaux]
325	0329	Bandages [P. Tillaux]
326	0330	Bandages [P. Tillaux]
327	0331	Bandages [P. Tillaux]
328	0332	Bandages [P. Tillaux]
329	0333	Bandages [P. Tillaux]
330	0334	Bandages [P. Tillaux]
331	0335	Bandages [P. Tillaux]
332	0336	Bandages [P. Tillaux]
333	0337	Bandages [P. Tillaux]
334	0338	Bandages [P. Tillaux]
335	0339	Bandages [P. Tillaux]
336	0340	Bandages [P. Tillaux] (bibliographie) [E. Beaugrand]
337	0341	Bandages [P. Tillaux] (bibliographie) [E. Beaugrand] / Bandelettes [P. Tillaux] / Bandes. Voy. Bandages
338	0342	Bang, Bangue [H. Baillon] / Banguiling. Voy. Chéramélier [H. Baillon] / Banister (Les deux) [A. Chéreau] (bibliographie) / Baptisie [H. Baillon] / Bar [A. Laboulbène]
339	0343	Bar [A. Laboulbène] / Baratron. Voy. Genévrier / Baraillon (Jean-François) [A. Chéreau] (bibliographie) / Barbarée [H. Baillon]
340	0344	Barbarée [H. Baillon] (bibliographie) / Barbatimao [H. Baillon]
340	0345	Barbatimao [H. Baillon] (bibliographie) / Barbaut (Antoine-François) [E. Beaugrand] / Barbazan (Eaux minérales de) [A. Rotureau]
342	0346	Barbazan (Eaux minérales de) [A. Rotureau]
343	0347	Barbazan (Eaux minérales de) [A. Rotureau] (bibliographie) / Barbe / Anthropologie [E. Dally]
344	0348	Barbe. Anthropologie [E. Dally] (bibliographie) / Hygiène [E. Beaugrand]
345	0349	Barbe. Hygiène [E. Beaugrand]
346	0350	Barbe. Hygiène [E. Beaugrand]
347	0351	Barbe. Hygiène [E. Beaugrand]
348	0352	Barbe. Hygiène [E. Beaugrand] (bibliographie) / Barbeau [A. Laboulbène]
349	0353	Barbeau [A. Laboulbène] / Barbette (Paul) [E. Beaugrand]
350	0354	Barbette (Paul) [E. Beaugrand] (bibliographie) / Barbeu-Dubourg (Jacques) [A. Chéreau] / Barbeyrac (Charles) [A. Chéreau]
351	0355	Barbeyrac (Charles) [A. Chéreau] (bibliographie) / Barbier (Jean-Baptiste-Grégoire) [E. Beaugrand] / Barbiers. Voy. Chirurgie (Histoire de la) / Barbiers. Voy. Béribéri / Barbotan (Eaux minérales et boues de) [A. Rotureau]
352	0356	Barbotan (Eaux minérales et boues de) [A. Rotureau]
353	0357	Barbotan (Eaux minérales et boues de) [A. Rotureau]
354	0358	Barbotan (Eaux minérales et boues de) [A. Rotureau] (bibliographie) / Barbotine. Voy. Semen-contra / Barbue [A. Laboulbène] / Barcaman. Voy. Turbith / Barchusen ou mieux Barckhausen (Joh. Conrad) [E. Beaugrand]
355	0359	Barchusen ou mieux Barckhausen (Joh. Conrad) [E. Beaugrand] (bibliographie) / Bardane / Botanique [H. Baillon]
356	0360	Bardane. Botanique [H. Baillon]
357	0361	Bardane. Botanique [H. Baillon] (bibliographie) / Emploi médical [Amédée Dechambre]
358	0362	Bardane. Emploi médical [Amédée Dechambre] / Barèges (Eaux minérales de) [A. Rotureau]
359	0363	Barèges (Eaux minérales de) [A. Rotureau]
360	0364	Barèges (Eaux minérales de) [A. Rotureau]
361	0365	Barèges (Eaux minérales de) [A. Rotureau]
362	0366	Barèges (Eaux minérales de) [A. Rotureau]
363	0367	Barèges (Eaux minérales de) [A. Rotureau]
364	0368	Barèges (Eaux minérales de) [A. Rotureau]
365	0369	Barèges (Eaux minérales de) [A. Rotureau]
366	0370	Barèges (Eaux minérales de) [A. Rotureau]
367	0371	Barèges (Eaux minérales de) [A. Rotureau]
368	0372	Barèges (Eaux minérales de) [A. Rotureau]
369	0373	Barèges (Eaux minérales de) [A. Rotureau] (bibliographie) / Barégine [J. Léon Soubeiran]
370	0374	Barégine [J. Léon Soubeiran]
371	0375	Barégine [J. Léon Soubeiran]
372	0376	Barégine [J. Léon Soubeiran] (bibliographie) / Barfleur (station marine) [A. Rotureau] / Barium. Voy. Baryum / Barlérie [H. Baillon]
373	0377	Barlérie [H. Baillon] (bibliographie) / Baromètre [J. Gavarret]
374	0378	Baromètre [J. Gavarret]
375	0379	Baromètre [J. Gavarret]
376	0380	Baromètre [J. Gavarret]
377	0381	Baromètre [J. Gavarret]
378	0382	Baromètre [J. Gavarret] / Barometz. Voy. Agneau de Scythie / Baron (Les) [A. Chéreau]
379	0383	Baron (Les) [A. Chéreau] (bibliographie) / Baron (Jacques-François) [E. Beaugrand]
380	0384	Baron (Napoléon-Charles) [E. Beaugrand] (bibliographie) / Barosma [H. Baillon]
381	0385	Barosma [H. Baillon] (bibliographie) / Barras (Jean-Pierre-Tobie) [E. Beaugrand]
382	0386	Barras (Jean-Pierre-Tobie) [E. Beaugrand] (bibliographie) / Barrère (Pierre) [E. Beaugrand]
383	0387	Barthélemy (Éloi) [E. Beaugrand] / Barthez (Paul-Joseph) [E. Beaugrand]
384	0388	Barthez (Paul-Joseph) [E. Beaugrand]
385	0389	Barthez (Paul-Joseph) [E. Beaugrand]
386	0390	Barthez (Paul-Joseph) [E. Beaugrand] (bibliographie) / Bartholin (Les cinq) [A. Chéreau]
387	0391	Bartholin (Les cinq) [A. Chéreau] (bibliographie)
388	0392	Bartholin (Les cinq) [A. Chéreau] (bibliographie)
389	0393	Bartholin (Les cinq) [A. Chéreau] (bibliographie)
390	0394	Bartholin (Les cinq) [A. Chéreau] (bibliographie) / Barwich (Pierre) [A. Chéreau] / Baryum / Chimie [Orfila]
391	0395	Baryum. Chimie [Orfila]
392	0396	Baryum. Chimie [Orfila]
393	0397	Baryum. Chimie [Orfila] / Pharmacologie [T. Gobley]
394	0398	Baryum / Thérapeutique [Fonssagrives]
395	0399	Baryum. Thérapeutique [Fonssagrives]
396	0400	Baryum. Thérapeutique [Fonssagrives]
397	0401	Baryum. Thérapeutique [Fonssagrives]
398	0402	Baryum. Thérapeutique [Fonssagrives]
399	0403	Baryum. Thérapeutique [Fonssagrives] / Toxicologie [Orfila]
400	0404	Baryum. Toxicologie [Orfila]
401	0405	Baryum. Toxicologie [Orfila] (bibliographie) / Barzud. Voy. Galbanum / Base / Chimie [Schützenberger]
402	0406	Base. Chimie [Schützenberger] / Baselle [H. Baillon]
403	0407	Baselle [H. Baillon] (bibliographie) / Baseilhac (Jean) [A. Chéreau]
404	0408	Baseilhac (Jean) [A. Chéreau] (bibliographie) / Basilaire (Apophyse) [Marc Sée]
405	0409	Basilaire (Apophyse) [Marc Sée] / Basilaire (Artère) [Marc Sée]
406	0410	Basilaire (Artère) [Marc Sée] / Basile (Valentin) [A. Chéreau] (bibliographie)
407	0411	Basile (Valentin) [A. Chéreau] (bibliographie) / Basilic / Botanique [H. Baillon] / Basilic / Pharmacologie [T. Gobley] / Basilic / Zoologie [A. Laboulbène] / Basilicum (Onguent) [T. Gobley]
408	0412	Basilicum (Onguent) [T. Gobley] / Basilique (Veine) [Marc Sée] / Baskerville (Simon) [A. Chéreau] / Basques / Ethnologie [Gustave Lagneau]
409	0413	Basques. Ethnologie [Gustave Lagneau]
410	0414	Basques. Ethnologie [Gustave Lagneau]
411	0415	Basques. Ethnologie [Gustave Lagneau]
412	0416	Basques. Ethnologie [Gustave Lagneau]
413	0417	Basques. Ethnologie [Gustave Lagneau] (bibliographie) / Bass (Heinrich) [E. Beaugrand]
414	0418	Bass (Heinrich) [E. Beaugrand] (bibliographie) / Bassia. Voy. Illipé / Bassin / Anatomie et physiologie [Depaul]
415	0419	Bassin. Anatomie et physiologie [Depaul]
416	0420	Bassin. Anatomie et physiologie [Depaul]
417	0421	Bassin. Anatomie et physiologie [Depaul]
418	0422	Bassin. Anatomie et physiologie [Depaul]
419	0423	Bassin. Anatomie et physiologie [Depaul]
420	0424	Bassin. Anatomie et physiologie [Depaul]
421	0425	Bassin. Anatomie et physiologie [Depaul]
422	0426	Bassin. Anatomie et physiologie [Depaul]
423	0427	Bassin. Anatomie et physiologie [Depaul]
424	0428	Bassin. Anatomie et physiologie [Depaul]
425	0429	Bassin. Anatomie et physiologie [Depaul]
426	0430	Bassin. Anatomie et physiologie [Depaul]
427	0431	Bassin. Anatomie et physiologie [Depaul]
428	0432	Bassin. Anatomie et physiologie [Depaul]
429	0433	Bassin. Anatomie et physiologie [Depaul]
430	0434	Bassin. Anatomie et physiologie [Depaul]
431	0435	Bassin. Anatomie et physiologie [Depaul]
432	0436	Bassin. Anatomie et physiologie [Depaul]
433	0437	Bassin. Anatomie et physiologie [Depaul]
434	0438	Bassin. Anatomie et physiologie [Depaul]
435	0439	Bassin. Anatomie et physiologie [Depaul]
436	0440	Bassin. Anatomie et physiologie [Depaul]
437	0441	Bassin. Anatomie et physiologie [Depaul]
438	0442	Bassin. Anatomie et physiologie [Depaul]
439	0443	Bassin. Anatomie et physiologie [Depaul]
440	0444	Bassin. Anatomie et physiologie [Depaul]
441	0445	Bassin. Anatomie et physiologie [Depaul]
442	0446	Bassin. Anatomie et physiologie [Depaul]
443	0447	Bassin. Anatomie et physiologie [Depaul]
444	0448	Bassin. Anatomie et physiologie [Depaul]
445	0449	Bassin. Anatomie et physiologie [Depaul]
446	0450	Bassin. Anatomie et physiologie [Depaul]
447	0451	Bassin. Anatomie et physiologie [Depaul]
448	0452	Bassin. Anatomie et physiologie [Depaul]
449	0453	Bassin. Anatomie et physiologie [Depaul]
450	0454	Bassin. Anatomie et physiologie [Depaul]
451	0455	Bassin. Anatomie et physiologie [Depaul]
452	0456	Bassin. Anatomie et physiologie [Depaul] (bibliographie) / Développement [Campana]
453	0457	Bassin. Développement [Campana]
454	0458	Bassin. Développement [Campana]
455	0459	Bassin. Développement [Campana]
456	0460	Bassin. Développement [Campana]
457	0461	Bassin. Développement [Campana]
458	0462	Bassin. Développement [Campana] / Vices de conformation [Depaul]
459	0463	Bassin. Vices de conformation [Depaul]
460	0464	Bassin. Vices de conformation [Depaul]
461	0465	Bassin. Vices de conformation [Depaul]
462	0466	Bassin. Vices de conformation [Depaul]
463	0467	Bassin. Vices de conformation [Depaul]
464	0468	Bassin. Vices de conformation [Depaul]
465	0469	Bassin. Vices de conformation [Depaul]
466	0470	Bassin. Vices de conformation [Depaul]
467	0471	Bassin. Vices de conformation [Depaul]
468	0472	Bassin. Vices de conformation [Depaul]
469	0473	Bassin. Vices de conformation [Depaul]
470	0474	Bassin. Vices de conformation [Depaul]
471	0475	Bassin. Vices de conformation [Depaul]
472	0476	Bassin. Vices de conformation [Depaul]
473	0477	Bassin. Vices de conformation [Depaul]
474	0478	Bassin. Vices de conformation [Depaul]
475	0479	Bassin. Vices de conformation [Depaul]
476	0480	Bassin. Vices de conformation [Depaul]
477	0481	Bassin. Vices de conformation [Depaul]
478	0482	Bassin. Vices de conformation [Depaul]
479	0483	Bassin. Vices de conformation [Depaul]
480	0484	Bassin. Vices de conformation [Depaul]
481	0485	Bassin. Vices de conformation [Depaul]
482	0486	Bassin. Vices de conformation [Depaul]
483	0487	Bassin. Vices de conformation [Depaul]
484	0488	Bassin. Vices de conformation [Depaul]
485	0489	Bassin. Vices de conformation [Depaul]
486	0490	Bassin. Vices de conformation [Depaul]
487	0491	Bassin. Vices de conformation [Depaul]
488	0492	Bassin. Vices de conformation [Depaul]
489	0493	Bassin. Vices de conformation [Depaul]
490	0494	Bassin. Vices de conformation [Depaul]
491	0495	Bassin. Vices de conformation [Depaul]
492	0496	Bassin. Vices de conformation [Depaul]
493	0497	Bassin. Vices de conformation [Depaul]
494	0498	Bassin. Vices de conformation [Depaul]
495	0499	Bassin. Vices de conformation [Depaul]
496	0500	Bassin. Vices de conformation [Depaul]
497	0501	Bassin. Vices de conformation [Depaul]
498	0502	Bassin. Vices de conformation [Depaul]
499	0503	Bassin. Vices de conformation [Depaul]
500	0504	Bassin. Vices de conformation [Depaul]
501	0505	Bassin. Vices de conformation [Depaul]
502	0506	Bassin. Vices de conformation [Depaul]
503	0507	Bassin. Vices de conformation [Depaul]
504	0508	Bassin. Vices de conformation [Depaul]
505	0509	Bassin. Vices de conformation [Depaul]
506	0510	Bassin. Vices de conformation [Depaul]
507	0511	Bassin. Vices de conformation [Depaul]
508	0512	Bassin. Vices de conformation [Depaul]
509	0513	Bassin. Vices de conformation [Depaul]
510	0514	Bassin. Vices de conformation [Depaul]
511	0515	Bassin. Vices de conformation [Depaul]
512	0516	Bassin. Vices de conformation [Depaul]
513	0517	Bassin. Vices de conformation [Depaul]
514	0518	Bassin. Vices de conformation [Depaul]
515	0519	Bassin. Vices de conformation [Depaul]
516	0520	Bassin. Vices de conformation [Depaul]
517	0521	Bassin. Vices de conformation [Depaul]
518	0522	Bassin. Vices de conformation [Depaul]
519	0523	Bassin. Vices de conformation [Depaul]
520	0524	Bassin. Vices de conformation [Depaul]
521	0525	Bassin. Vices de conformation [Depaul]
522	0526	Bassin. Vices de conformation [Depaul] (bibliographie)
523	0527	Bassin. Vices de conformation [Depaul] (bibliographie)
524	0528	Bassin. Vices de conformation [Depaul] (bibliographie) / Pathologie [A. Courty]
525	0529	Bassin. Pathologie [A. Courty]
526	0530	Bassin. Pathologie [A. Courty]
527	0531	Bassin. Pathologie [A. Courty]
528	0532	Bassin. Pathologie [A. Courty]
529	0533	Bassin. Pathologie [A. Courty]
530	0534	Bassin. Pathologie [A. Courty]
531	0535	Bassin. Pathologie [A. Courty]
532	0536	Bassin. Pathologie [A. Courty]
533	0537	Bassin. Pathologie [A. Courty]
534	0538	Bassin. Pathologie [A. Courty]
535	0539	Bassin. Pathologie [A. Courty]
536	0540	Bassin. Pathologie [A. Courty]
537	0541	Bassin. Pathologie [A. Courty]
538	0542	Bassin. Pathologie [A. Courty]
539	0543	Bassin. Pathologie [A. Courty]
540	0544	Bassin. Pathologie [A. Courty]
541	0545	Bassin. Pathologie [A. Courty]
542	0546	Bassin. Pathologie [A. Courty]
543	0547	Bassin. Pathologie [A. Courty]
544	0548	Bassin. Pathologie [A. Courty]
545	0549	Bassin. Pathologie [A. Courty]
546	0550	Bassin. Pathologie [A. Courty]
547	0551	Bassin. Pathologie [A. Courty]
548	0552	Bassin. Pathologie [A. Courty]
549	0553	Bassin. Pathologie [A. Courty]
550	0554	Bassin. Pathologie [A. Courty]
551	0555	Bassin. Pathologie [A. Courty]
552	0556	Bassin. Pathologie [A. Courty]
553	0557	Bassin. Pathologie [A. Courty]
554	0558	Bassin. Pathologie [A. Courty]
555	0559	Bassin. Pathologie [A. Courty]
556	0560	Bassin. Pathologie [A. Courty]
557	0561	Bassin. Pathologie [A. Courty]
558	0562	Bassin. Pathologie [A. Courty] (bibliographie)
559	0563	Bassin. Pathologie [A. Courty] (bibliographie) / Bassinet [H. Baillon] / Bassombe [H. Baillon]
560	0564	Bassorine. Voy. Adraganthine / Bassuel (Pierre) [E. Beaugrand] (bibliographie) / Batamibi. Voy. Psychotrie / Batatas. Voy. Patate / Batatas de Purga. Voy. Liseron, Jalap / Bate (Georges) [A. Chéreau]
561	0565	Bate (Georges) [A. Chéreau] (bibliographie) / Batec, Batic. Voy. Pastèque / Bateman (Thomas) [E. Beaugrand] / Bath (Eaux minérales de) [A. rotureau]
562	0566	Bath (Eaux minérales de) [A. rotureau]
563	0567	Bath (Eaux minérales de) [A. rotureau]
564	0568	Bath (Eaux minérales de) [A. rotureau]
565	0569	Bath (Eaux minérales de) [A. rotureau]
566	0570	Bath (Eaux minérales de) [A. rotureau]
567	0571	Bath (Eaux minérales de) [A. rotureau] (bibliographie) / Bati, Batis [H. Baillon] / Batifoil (Eau Minérale de) [A. Rotureau]
568	0572	Batifoil (Eau Minérale de) [A. Rotureau] (bibliographie) / Batignolles (Eau minérale de) [A. Rotureau]
569	0573	Batignolles (Eau minérale de) [A. Rotureau]
570	0574	Batignolles (Eau minérale de) [A. Rotureau] (bibliographie) / Batischua (Famille des) [Ch. Daremberg] / Batos [H. Baillon] / Batraciens [A. Laboulbène]
571	0575	Batraciens [A. Laboulbène] / Batta. Voy. Nopal / Battage (Hygiène publique) [E. Beaugrand]
572	0576	Battage (Hygiène publique) [E. Beaugrand]
573	0577	Battage (Hygiène publique) [E. Beaugrand]
574	0578	Battage (Hygiène publique) [E. Beaugrand]
575	0579	Battage (Hygiène publique) [E. Beaugrand] (bibliographie) / Battaglia (Eau minérale de). Voy. Abano / Batu. Voy. Croton / Bauche (La) (Eau minérale de) [A. Rotureau]
576	0580	Bauche (La) (Eau minérale de) [A. Rotureau]
577	0581	Bauche (La) (Eau minérale de) [A. Rotureau] (bibliographie) / Bauchet (Louis-Joseph) [E. Beaugrand]
578	0582	Bauchet (Louis-Joseph) [E. Beaugrand] (bibliographie) / Baudelocque (Les) [E. Beaugrand]
579	0583	Baudelocque (Les) [E. Beaugrand] (bibliographie)
580	0584	Baudelocque (Les) [E. Beaugrand] (bibliographie)
581	0585	Baudens (Lucien) [E. Beaugrand] (bibliographie) / Bauderon (Les deux) [A. Chéreau]
582	0586	Bauderon (Les deux) [A. Chéreau] (bibliographie) / Baudruche [Legouest] / Bauhin (Les) [A. Chéreau]
583	0587	Bauhin (Les) [A. Chéreau]
584	0588	Bauhin (Les) [A. Chéreau] (bibliographie)
585	0589	Bauhin (Les) [A. Chéreau] (bibliographie) / Bauhinie [H. Baillon]
586	0590	Bauhinie [H. Baillon] (bibliographie) / Baulieu (Jacques de) [A. Chéreau]
587	0591	Baulieu (Jacques de) [A. Chéreau]
588	0592	Baulieu (Jacques de) [A. Chéreau] / Baumé (Antoine) [E. Beaugrand]
589	0593	Baumé (Antoine) [E. Beaugrand] (bibliographie) / Baumer (Jos.-Wilh) [E. Beaugrand] / Baumes [T. Gobley]
590	0594	Baumes [T. Gobley]
591	0595	Baumes [T. Gobley]
592	0596	Baumes [T. Gobley]
593	0597	Baumes [T. Gobley]
594	0598	Baumes [T. Gobley]
595	0599	Baumes [T. Gobley] / Baumes (Jean-Baptiste-Timothée) [E. Beaugrand]
596	0600	Baumes (Jean-Baptiste-Timothée) [E. Beaugrand] (bibliographie) / Baumier, Balsamier, ou simplement Baume [H. Baillon]
597	0601	Bausch (Jean-Laurent) [E. Beaugrand] (bibliographie) / Baux (Les) (Pierre) [E. Beaugrand] / Bava, Bavasinga. Voy. Casse / Bavang, Baveng, Banvangmira. Voy. Oignon / Bavière / Géogr. méd. [Jacques Bertillon]
598	0602	Bavière. Géogr. méd. [Jacques Bertillon]
599	0603	Bavière. Géogr. méd. [Jacques Bertillon]
600	0604	Bavière. Géogr. méd. [Jacques Bertillon]
601	0605	Bavière. Géogr. méd. [Jacques Bertillon]
602	0606	Bavière. Géogr. méd. [Jacques Bertillon]
603	0607	Bavière. Géogr. méd. [Jacques Bertillon]
604	0608	Bavière. Géogr. méd. [Jacques Bertillon]
605	0609	Bavière. Géogr. méd. [Jacques Bertillon]
606	0610	Bavière. Géogr. méd. [Jacques Bertillon]
607	0611	Bavière. Géogr. méd. [Jacques Bertillon]
608	0612	Bavière. Géogr. méd. [Jacques Bertillon]
609	0613	Bavière. Géogr. méd. [Jacques Bertillon]
610	0614	Bavière. Géogr. méd. [Jacques Bertillon]
611	0615	Bavière. Géogr. méd. [Jacques Bertillon]
612	0616	Bavière. Géogr. méd. [Jacques Bertillon]
613	0617	Bavière. Géogr. méd. [Jacques Bertillon]
614	0618	Bavière. Géogr. méd. [Jacques Bertillon]
615	0619	Bavière. Géogr. méd. [Jacques Bertillon]
616	0620	Bavière. Géogr. méd. [Jacques Bertillon]
617	0621	Bavière. Géogr. méd. [Jacques Bertillon]
618	0622	Bavière. Géogr. méd. [Jacques Bertillon]
619	0623	Bavière. Géogr. méd. [Jacques Bertillon]
620	0624	Bavière. Géogr. méd. [Jacques Bertillon]
621	0625	Bavière. Géogr. méd. [Jacques Bertillon]
622	0626	Bavière. Géogr. méd. [Jacques Bertillon]
623	0627	Bavière. Géogr. méd. [Jacques Bertillon]
624	0628	Bavière. Géogr. méd. [Jacques Bertillon]
625	0629	Bavière. Géogr. méd. [Jacques Bertillon]
626	0630	Bavière. Géogr. méd. [Jacques Bertillon] (bibliographie)
627	0631	Bayard (Henry-Louis) [E. Beaugrand] (bibliographie) / Bayen (Pierre) [E. Beaugrand]
628	0632	Bayen (Pierre) [E. Beaugrand] (bibliographie) / Bayla [H. Baillon] / Bayle (François) [A. Chéreau]
629	0633	Bayle (François) [A. Chéreau] (bibliographie) / Bayle (Gaspard-Laurent) [E. Beaugrand]
630	0634	Bayle (Gaspard-Laurent) [E. Beaugrand] (bibliographie) / Bayle (Ant.-Laurent-Jessé) [E. Beaugrand]
631	0635	Bayle (Ant.-Laurent-Jessé) [E. Beaugrand] (bibliographie) / Baynes (Thomas) [A. Chéreau] / Bazin (Les) [A. Chéreau]
632	0636	Bazin (Les) [A. Chéreau] (bibliographie) / Bdelle [A. Laboulbène] / Bdellium (Pharmacologie) [T. Gobley] / Bdellomètre [Paulet]
633	0637	Bdellomètre [Paulet] / Bdellépithèque [Amédée Déchambre] / Bdelura. Voy. Camélée et Cneorum / Beau (Joseph-Honoré-Simon) [J. Parrot]
634	0638	Beau (Joseph-Honoré-Simon) [J. Parrot]
635	0639	Beau (Joseph-Honoré-Simon) [J. Parrot]
636	0640	Beau (Joseph-Honoré-Simon) [J. Parrot] (bibliographie)
637	0641	Beau (Joseph-Honoré-Simon) [J. Parrot] (bibliographie) / Beaulieu (Eau minérale de) [A. Rotureau]
638	0642	Beaulieu (Eau minérale de) [A. Rotureau] (bibliographie) / Beaumont (Vm.) [A. Chéreau] / Beaumont-Root [H. Baillon] / Beaupréau (Eau minérale de) [A. Rotureau]
639	0643	Beaupréau (Eau minérale de) [A. Rotureau] / Beauregard-Vandon (Eau minérale de). Voy. Rouzat / Beaurepaire (Eau minérale de). Voy. Les Roches / Beauvais de Préau (Charles-Nicolas) [A. Chéreau] / Bécasse [A. Laboulbène]
640	0644	Bécasse [A. Laboulbène] / Beccabunga [H. Baillon] / Bec-de-grue [H. Baillon] / Bec-de-lièvre [Bouisson]
641	0645	Bec-de-lièvre [Bouisson]
642	0646	Bec-de-lièvre [Bouisson]
643	0647	Bec-de-lièvre [Bouisson]
644	0648	Bec-de-lièvre [Bouisson]
645	0649	Bec-de-lièvre [Bouisson]
646	0650	Bec-de-lièvre [Bouisson]
647	0651	Bec-de-lièvre [Bouisson]
648	0652	Bec-de-lièvre [Bouisson]
649	0653	Bec-de-lièvre [Bouisson]
650	0654	Bec-de-lièvre [Bouisson]
651	0655	Bec-de-lièvre [Bouisson]
652	0656	Bec-de-lièvre [Bouisson]
653	0657	Bec-de-lièvre [Bouisson]
654	0658	Bec-de-lièvre [Bouisson]
655	0659	Bec-de-lièvre [Bouisson]
656	0660	Bec-de-lièvre [Bouisson]
657	0661	Bec-de-lièvre [Bouisson]
658	0662	Bec-de-lièvre [Bouisson]
659	0663	Bec-de-lièvre [Bouisson]
660	0664	Bec-de-lièvre [Bouisson]
661	0665	Bec-de-lièvre [Bouisson]
662	0666	Bec-de-lièvre [Bouisson]
663	0667	Bec-de-lièvre [Bouisson]
664	0668	Bec-de-lièvre [Bouisson]
665	0669	Bec-de-lièvre [Bouisson]
666	0670	Bec-de-lièvre [Bouisson]
667	0671	Bec-de-lièvre [Bouisson]
668	0672	Bec-de-lièvre [Bouisson]
669	0673	Bec-de-lièvre [Bouisson]
670	0674	Bec-de-lièvre [Bouisson]
671	0675	Bec-de-lièvre [Bouisson]
672	0676	Bec-de-lièvre [Bouisson]
673	0677	Bec-de-lièvre [Bouisson]
674	0678	Bec-de-lièvre [Bouisson]
675	0679	Bec-de-lièvre [Bouisson]
676	0680	Bec-de-lièvre [Bouisson]
677	0681	Bec-de-lièvre [Bouisson]
678	0682	Bec-de-lièvre [Bouisson]
679	0683	Bec-de-lièvre [Bouisson]
680	0684	Bec-de-lièvre [Bouisson]
681	0685	Bec-de-lièvre [Bouisson]
682	0686	Bec-de-lièvre [Bouisson]
683	0687	Bec-de-lièvre [Bouisson]
684	0688	Bec-de-lièvre [Bouisson]
685	0689	Bec-de-lièvre [Bouisson]
686	0690	Bec-de-lièvre [Bouisson]
687	0691	Bec-de-lièvre [Bouisson] (bibliographie)
688	0692	Bec-de-lièvre [Bouisson] (bibliographie)
689	0693	Bechion. Voy. Tussilage, Pas-d'âne / Béchique [T. Gobley] / Beckett (Williams) [A. Chéreau] / Béclard (Pierre-Augustin) [E. Beaugrand]
690	0694	Béclard (Pierre-Augustin) [E. Beaugrand] (bibliographie) / Béconquille. Voy. Cephaelis / Becquerel (Alfred) [E. Beaugrand]
691	0695	Becquerel (Alfred) [E. Beaugrand] (bibliographie) / Beddoes (Thomas) [E. Beaugrand]
692	0696	Beddoes (Thomas) [E. Beaugrand] (bibliographie)
693	0697	Bédégar ou Bédéguar [A. Laboulbène] / Beer (Georg-Joseph) [E. Beaugrand] (bibliographie)
694	0698	Beer (Georg-Joseph) [E. Beaugrand] (bibliographie) / Bégaiement ou Psellisme [A. Guillaume]
695	0699	Bégaiement ou Psellisme [A. Guillaume]
696	0700	Bégaiement ou Psellisme [A. Guillaume]
697	0701	Bégaiement ou Psellisme [A. Guillaume]
698	0702	Bégaiement ou Psellisme [A. Guillaume]
699	0703	Bégaiement ou Psellisme [A. Guillaume]
700	0704	Bégaiement ou Psellisme [A. Guillaume]
701	0705	Bégaiement ou Psellisme [A. Guillaume]
702	0706	Bégaiement ou Psellisme [A. Guillaume]
703	0707	Bégaiement ou Psellisme [A. Guillaume]
704	0708	Bégaiement ou Psellisme [A. Guillaume]
705	0709	Bégaiement ou Psellisme [A. Guillaume]
706	0710	Bégaiement ou Psellisme [A. Guillaume]
707	0711	Bégaiement ou Psellisme [A. Guillaume]
708-709	0712	Bégaiement ou Psellisme [A. Guillaume]
[page blanche]	0713	
710	0714	Bégaiement ou Psellisme [A. Guillaume]
711	0715	Bégaiement ou Psellisme [A. Guillaume]
712	0716	Bégaiement ou Psellisme [A. Guillaume]
713	0717	Bégaiement ou Psellisme [A. Guillaume]
714	0718	Bégaiement ou Psellisme [A. Guillaume]
715	0719	Bégaiement ou Psellisme [A. Guillaume]
716	0720	Bégaiement ou Psellisme [A. Guillaume]
717	0721	Bégaiement ou Psellisme [A. Guillaume]
718-719	0722	Bégaiement ou Psellisme [A. Guillaume]
[page blanche]	0723	
720	0724	Bégaiement ou Psellisme [A. Guillaume]
721	0725	Bégaiement ou Psellisme [A. Guillaume]
722	0726	Bégaiement ou Psellisme [A. Guillaume]
723	0727	Bégaiement ou Psellisme [A. Guillaume]
724	0728	Bégaiement ou Psellisme [A. Guillaume]
725	0729	Bégaiement ou Psellisme [A. Guillaume]
726	0730	Bégaiement ou Psellisme [A. Guillaume]
727	0731	Bégaiement ou Psellisme [A. Guillaume]
728	0732	Bégaiement ou Psellisme [A. Guillaume]
729	0733	Bégaiement ou Psellisme [A. Guillaume]
730	0734	Bégaiement ou Psellisme [A. Guillaume]
731	0735	Bégaiement ou Psellisme [A. Guillaume]
732	0736	Bégaiement ou Psellisme [A. Guillaume]
733	0737	Bégaiement ou Psellisme [A. Guillaume]
734	0738	Bégaiement ou Psellisme [A. Guillaume]
735	0739	Bégaiement ou Psellisme [A. Guillaume]
736	0740	Bégaiement ou Psellisme [A. Guillaume]
737	0741	Bégaiement ou Psellisme [A. Guillaume]
738	0742	Bégaiement ou Psellisme [A. Guillaume]
739	0743	Bégaiement ou Psellisme [A. Guillaume]
740	0744	Bégaiement ou Psellisme [A. Guillaume]
741	0745	Bégaiement ou Psellisme [A. Guillaume]
742	0746	Bégaiement ou Psellisme [A. Guillaume]
743	0747	Bégaiement ou Psellisme [A. Guillaume]
744	0748	Bégaiement ou Psellisme [A. Guillaume]
745	0749	Bégaiement ou Psellisme [A. Guillaume]
746	0750	Bégaiement ou Psellisme [A. Guillaume]
747	0751	Bégaiement ou Psellisme [A. Guillaume]
748	0752	Bégaiement ou Psellisme [A. Guillaume]
749	0753	Bégaiement ou Psellisme [A. Guillaume]
750	0754	Bégaiement ou Psellisme [A. Guillaume]
751	0755	Bégaiement ou Psellisme [A. Guillaume]
752	0756	Bégaiement ou Psellisme [A. Guillaume]
753	0757	Bégaiement ou Psellisme [A. Guillaume]
754	0758	Bégaiement ou Psellisme [A. Guillaume] (bibliographie)
755	0759	Bégaiement ou Psellisme [A. Guillaume] (bibliographie) / Bégin (Louis-Jacques) [E. Beaugrand]
756	0760	Bégin (Louis-Jacques) [E. Beaugrand] (bibliographie) / Bégonie [H. Baillon] / Bègue de Presle (Achille-Guillaume le) [E. Beaugrand]
757	0761	Bègue de Presle (Achille-Guillaume le) [E. Beaugrand] (bibliographie) / Behen [H. Baillon] / Behr (Les) [A. Chéreau]
758	0762	Behr (Les) [A. Chéreau] (bibliographie) / Behrens (Les) [A. Chéreau]
759	0763	Behrens (Les) [A. Chéreau] (bibliographie) / Beithar (Abou Mohammed Abdallah ben Ahmed Djiaddin) [L. Leclerc]
760	0764	Beithar (Abou Mohammed Abdallah ben Ahmed Djiaddin) [L. Leclerc]
761	0765	Articles contenus dans le huitième volume
762	0766	Articles contenus dans le huitième volume
763	0767	Articles contenus dans le huitième volume
[page blanche]	0768	
