page	refimg	chapitre
[sans numérotation]	0001	[Page de faux-titre]
[sans numérotation]	0002	[Souscription]
[sans numérotation]	0003	[Page de titre]
[sans numérotation]	0004	[Nota Bene]
1	0005	Dictionnaire universel de matière médicale et de thérapeutique générale / E-neb-el-dyb / East Indian Balsam / Eau
2	0006	Eau
3	0007	Eau
4	0008	Eau
5	0009	Eau
6	0010	Eau
7	0011	Eau
8	0012	Eau
9	0013	Eau
10	0014	Eau
11	0015	Eau
12	0016	Eau
13	0017	Eau
14	0018	Eau
15	0019	Eau
16	0020	Eau
17	0021	Eau
18	0022	Eau
19	0023	Eau
20	0024	Eau
21	0025	Eau
22	0026	Eau
23	0027	Eau
24	0028	Eau
25	0029	Eau
26	0030	Eau
27	0031	Eau
28	0032	Eau
29	0033	Eau
30	0034	Eau
31	0035	Eau
32	0036	Eau
33	0037	Eau
34	0038	Eau
35	0039	Eau
36	0040	Eau
37	0041	Eau
38	0042	Eau
39	0043	Eau
40	0044	Eau
41	0045	Eau
42	0046	Eau
43	0047	Eau
44	0048	Eau
45	0049	Eau
46	0050	Eau / Ebanos
47	0051	Ebbio / Ébeaupin / Ebeher / Ebel / Ébénacées / Ebenaster / Ebène
48	0052	Ebenoxylon / Ebenus creticus / Eberraute / Ebertswurzel / Eberwurzel / Ebil / Ebous / Ebrun / Ebur / Ecacoalt / Ecailles / Ecapani / Ecapatlis / Ecarlate / Ecballium elaterium / Ecbatana / Ecboliques / Eccathartiques / Echailles / Echalotte / Échar
49	0053	Échar / Echarbot / Echarde / Echarlis / Echassiers / Echauffans
50	0054	Echauffans / Echebanna / Échecollon / Echelle de Jacob / Echelles / Echenéis / Echeonimos / Échetrosis / Échinodermes / Échinops / Echinotes / Echinus / Échites
51	0055	Échites / Echium / Eclair / Eclaire / Eclairette / Éclegmes
52	0056	Éclegmes / Eclipta prostrata / Ecluseau / Écorce
53	0057	Écorce
54	0058	Écosse / Ecrevisse / Ecstomon / Ectilloctiques / Ectrotiques / Ecu / Ecuelle / Ecume / Ecureuil / Écussons / Edcher / Edder / Edele slarey / Edemias / Edera / Ederdon / Edike rose / Edles Scharlachkraut / Edredon / Édulcoration / Eeg / Eel / Eeni / Efer / Effluves / Effraye
55	0059	Egagropile / Egalade / Eger / Egesta / Egesvamp / Egetling / Eghelo / Eghoz / Eglantier / Eglse / Egou / Egra / Egrie / Ehdaklmirzie / Ehonou
56	0060	Ehrenpreiss / Ehretia / Eiarxamber / Eibisch / Eiche / Eichenschwamm / Eidechse / Eider / Eierfrucht / Eijerdragenee Nagtschade / Eik / Eiletrae / Eilsen / Einbeere / Einhorn / Eis-vogel / Eisen / Eisenhart / Eiskraut / Eium / Ek / Ekegroes / El adda
57	0061	El-dakar / El-hadsje / El-nefir / Ela-calli / Elaeagnus / elaeocarpus redjosso / Elaeocérolés / Elaeococca verrucosa / Elaeodenbron argan / Elaeolés / Elaeomeli / Elaeon / Elaeos cantharus / Elaeosaccharum / Elaguir
58	0062	Elah / Elaiagnon / Élaine / Élais
59	0063	Elan / Elan du cap / Elandei-vayr / Elant / Elaphicon / Elaphion / Elaphoboscum / Elapho-camelus / Elaphopiles / Elaphrium / Elaps / Elarathmethul / Elas martis / Elastiches Harz / Elastisk harpix / Élatérin / Elaterion / Elaterium
60	0064	Elatin / Élatine / Elatus / Elavum-pisin / Elbiger / Elbish / Elcab / Elcaja / Elch / Elder / Éléagnées / Elecampagne / Elecampe / Électifs
61	0065	Électifs / Électricité
62	0066	Électricité
63	0067	Électricité
64	0068	Électricité
65	0069	Électricité / Électro-puncture / Electrum / Électuaire
66	0070	Électuaire / Eleitis / Elekullie / Elelisphacos / Elemeli / Élémens
67	0071	Élemens / Elémi / Elemiharz / Élémine / Elend / Elendshorn / Elengi / Eleni / Elenio / Eleoselinon / Eléphant / Elephantenlaeusebaum / Elephantis / Elephantopus / Elephantosis / Elephantus / Elephas
68	0072	Elephas / Eleprinos
69	0073	Elettari / Eleusine / Eleutherii / Elfe / Elfenbein / Elfil / Elhanne / Eli / Elichrysum / Elide / Elija / Elimitchum pullum / Eliocarmos / Eliotropio maggiore / Elive / Elixir / Elk / Elkarie / Elkerkedon / Elkiageber / Ellah / Ellakerry / Ellebor cerny
70	0074	Ellébore / Elleboro / Ellend / Ellera terrestre / Elloopei puttay / Ellou / Ellu / Elm / Elmann / Elmen / Elminthochorton / Elmogi / Elops / Elskovsaeble / Elu / Elv-kra / Elvelle / Elzé / Elzeboem / Émail / Émanations
71	0075	Embaben / Embeli / Emberiza / Embira / Emblica officinalis
72	0076	Emblics / Emboorel / Embriaigo / Embrocations / Embrosi / Embryon sulfureux / Embs
73	0077	Embs / Embuya embo / Eme / Émeraude / Emerus / Émeril / Emético-purgatifs / Emeticum antimonii mitius / Emétine
74	0078	Emétine
75	0079	Emétine / Émétique
76	0080	Émétique
77	0081	Émétique
78	0082	Émétique
79	0083	Émétique
80	0084	Émétique
81	0085	Émétique
82	0086	Émétique
83	0087	Émétique
84	0088	Émétique
85	0089	Émétique
86	0090	Émétique
87	0091	Émétique
88	0092	Émétique
89	0093	Émétique
90	0094	Émétique
91	0095	Émétique
92	0096	Émétique
93	0097	Émétique
94	0098	Émétique
95	0099	Émétique
96	0100	Émétique
97	0101	Émétique
98	0102	Émétique
99	0103	Émétique
100	0104	Émétique
101	0105	Émétique
102	0106	Émétique
103	0107	Émétique
104	0108	Émétique
105	0109	Émétique
106	0110	Emétique / Éméto-cathartiques
107	0111	Éméto-cathartiques / Emeu / Emidho / Emménagogues
108	0112	Emménagogues
109	0113	Emménagogues / Emodi / Émolliens
110	0114	Émolliens
111	0115	Émolliens / Emollientes / Empetrum / Emphractiques / Emphrue / Emplâtres
112	0116	Emplâtres / Empois / Emps / Emulsions
113	0117	Emulsions / Emyde / En / Enabeddih / Enanthiopathie / Enbrickle / Encacia (écorce d') / Encaphyllum / Encarrucha / Encausse
114	0118	Encausse / Encausium / Encens
115	0119	Encens
116	0120	Encens
117	0121	Encens
118	0122	Encens / Encensier / Enchois / Enciova / Encosse / Encrasicholus / Encre / Endaagou / Endermique / Endive / Endourmidouira
119	0123	Endro / Endroguez / Endywie / Ene / Eneb / Enebo / Enebro / Enema / Enemion / Eneroer / Enflammans / Enforbium / Engalla / Engekasse / Engelkraut / Engelsoedt / Engelstrankwurzel / Engelsues / Engelsuesstapfelfarren / Engelzoet / Enger / Enghien
120	0124	Enghien
121	0125	Enghien / Enghistein / Englischer Gewurz / Englischer zimmt / Engos / Engouamba / Engvoedd / Enhaémon / Enivrans / Enkafatraie / Ennab / Ennadec / Enneaphyllon / Ennemis / Ennir / Enodron / Enos
122	0126	Enos / Ens / Ensada / Ensat / Enseigne-cahours (l') / Ensété / Ensis / Entale / Ente / Entenschmalz / Entomologie médicale / Entraigues / Entre-rios / Entrefegos / Entrevadis / Entrich / Enula campana / Envinassas / Enxalmos / Enxoffre / Eoe / Eoroo / Eouew / Eouno / Eoui / Epaississans / Epatorion / Epaulard des Saintongeois / Epazotl / Epeautre / Epeira novae-hollandiae
123	0127	Eperlan / Eperon de chevalier / Eperonelle / Epervier / Épervière (l') / Epetit / Ephah / Ephedra / Ephémère / Epheu / Epheugummi / Epi de nard / Epiaire des marais / Epicarpe / Epicea
124	0128	Epicérastiques / Epiceros / Epices / Epicia / Epidendrum / Epilatoires / Epileste / Epilobium Spicatum / Epimedium / Epimelis
125	0129	Epimeniedon / Epinards / Épinay (l') / Epine / Epinette blanche / Epinière / Epinoche / Epinulis / Epipactis / Epipetron / Epipteron / Epispastiques / Epithèmes / Epithyme / Epoigny / Eponge
126	0130	Eppe / Eppenhausen / Eppich / Eprault / Eprot / Epsom / Epulotiques / Epurge / Epyrète / Equapium / Equerepanar / Eques punctatus de Schneider / Equicervus / Equille / Equisétacées / Equisetis / Equisetum
127	0131	Equisetum / Equitation / Equus
128	0132	Equus
129	0133	Equus
130	0134	Equus / Erable / Erables (famille des) / Erando / Eranthemum / Erawai / Erba / Erd-bull / Erdartischocke / Erdbathengel / Erdbeere / Erdepheugundermann / Erdjadi / Erdmandelcypergras / Erdscheibwurz / Erdweihrauch / Erea / Erebinthus / Erechtites / Eres / Erétris / Ereunai / Erfondilio / Erfurt
131	0135	Erfurt / Ergot
132	0136	Ergot
133	0137	Ergot
134	0138	Ergot
135	0139	Ergot
136	0140	Ergot
137	0141	Ergot
138	0142	Ergot
139	0143	Ergot / Erica / Ericinées / Erico / Ericius / Ericu / Erigeron
140	0144	Erigeron / Erima pavel / Erinaceus
141	0145	Erinaceus / Eringio / Erinus / Eriocephalus africanus / Eriophorum polystachyon / Eriox / Eriphion / Eriphos / Erisamo / Erithalis fruticosa / Erival / Erizo / Erle / Ermelinus / Erminea / Ermion / Ernabrunnen
142	0146	Ernabrunnen / Ernalo / Ernote / Ernpris / Erodios / Erodium moschatum / Erpyxe / Erq angibar / Err / Erramassumul / Erres / Errhins
143	0147	Errhins / Ers / Eruca / Erucago / Eruga / Erupovel / Erva / Ervagia / Erve / Erven / Ervilhas / Ervilla / Ervum
144	0148	Ervum
145	0149	Ervum / Erwa / Eryngium
146	0150	Eryngium / Erysimo / Erysimum
147	0151	Erysimum / Erysisceptron / Erysisceptrum / Erythraea / Erythrina / Erythrinus / Erythrococcis / Erythrodanin / Erythrodanon / Erythron / Erythronium
148	0152	Erythronium / Erythrontaon / Erythrophleum / Erythroxylon Coca
149	0153	Erythroxylon Coca / Erzangelwurzel / Esca / Escabiosa / Escaldas / Escallonia myrtilloides / Escamonea / Escarbot / Escarboucle / Escargot / Escargoule / Escarole / Escarolla / Escarotiques / Escarpo / Escarville / Escau / Escaye / Escayole / Eschalles / Eschamène
150	0154	Eschara / Escharbot / Escharlis / Escheboom / Eschel / Eschelles / Eschellohe / Eschenbaum / Escilla / Esclarea / Escobilla / Escomelle / Escordio / Escorzoneira / Escot / Escoubarde / Escourgeon / Escova Emarga / Escrofularia / Escu / Escudarde / Escudes / Esculape / Esculine / Esculo / Esculus / Escurieu / Eselsgurke / Eselskerbel / Eselskomin / Eselskurbis / Eselsmilch / Eselsohren / Esenbeckia
151	0155	Esenbeckia / Esjcnjk / Esmeralda / Esob / Esopon / Esox
152	0156	Esox / Espadon / Espagne / Espantallbos / Esparcette / Espargoule / Espargoutte / Esparrajera / Esparrugo / Espèces
153	0157	Espèces / Espeletia grandiflora / Esperas / Esperazat / Esperma de balena / Espic / Espica / Espidet / Espigelia / Espignette / Espinha cervina / Espinheiro alvar / Espino majuolo / Espinoches
154	0158	Espira / Espliego / Esponja / Esprit
155	0159	Esprit / Espuma de cerbeza / Esquadre / Esquina / Esquine / Esquibounel / Essatum potentiale / Essaye / Essbare cyperngras / Esse / Essence / Essentia Auri / Essey / Essicrose / Essigsaures / Essomes
156	0160	Essomes / Estanho / Estaquis recta / Estardo / Estepas / Estira nervios / Estoer / Estoraque / Estoril / Estragon / Estramadure / Estramonio / Estrelamim / Esturgeon / Esula / Esule / Étables
157	0161	Étable / Étain
158	0162	Étain
159	0163	Étain
160	0164	Étain
161	0165	Étain / Etain de glace / États-unis de l'Amérique du Nord / Etblad / Etboer / Etchkoumamoue / Eternal flower / Eternue / Éther
162	0166	Éther / Éthérats / Éthérolés / Éthers
163	0167	Éthers
164	0168	Éthers
165	0169	Éthers
166	0170	Éthers
167	0171	Éthers
168	0172	Éthers
169	0173	Éthers
170	0174	Éthers
171	0175	Éthers / Éthiopie / Ethiops / Ethuse / Étienne (Saint-) / Etincelles électriques / Etivaz (vallée de l') / Etoa / Etoile / Etourneau / Etrangle / Etrille / Ettalch / Ette
172	0176	Ette / Étuve
173	0177	Étuve / Eu-poei-tse / Euble / Eucalyptus
174	0178	Eucalyptus / Eucarracha / Euchem / Euchloras potassae / Euchlorine / Euclea undulata / Eudeba / Eudraxa / Euforb / Euforbio / Eufrasia / Eugenia / Eule / Eulmont / Eumekes / Eunuchion / Eupatoire / Eupatorine
175	0179	Eupatorine / Eupatorium
176	0180	Eupatorium
177	0181	Eupatorium / Eupetalon / Euphoree / Euphorbia
178	0182	Euphorbia
179	0183	Euphorbia
180	0184	Euphorbia
181	0185	Euphorbia
182	0186	Euphorbia
183	0187	Euphorbia
184	0188	Euphorbia
185	0189	Euphorbia
186	0190	Euphorbia
187	0191	Euphorbia
188	0192	Euphorbia
189	0193	Euphorbia / Euphorbiacées
190	0194	Euphorbiacées / Euphorbium
191	0195	Ephorbium / Euphoria / Euphragia / Euphrasia
192	0196	Euphrasia / Euphrosynon / Euporistes / Eupteron / Eurchon / Euriceros / Eurimene / Europe / Eusine / Eusteralis / Eutaw / Euzomon / Évacuans
193	0197	Évacuans / Évaux / Evernia / Évian
194	0198	Évian / Evodia febrifuga / Evolvulus alsinoides / Evonymus / Evroult (Saint-)
195	0199	Evroult (Saint-) / Exacum / Excipient / Excitans
196	0200	Excitans
197	0201	Excitans / Excoecaria
198	0202	Excoecaria / Excrémens / Exercices
199	0203	Excelenus / Exhilarans / Exos / Exossis / Exostemma / Exotiques
200	0204	Exotiques / Expectorans
201	0205	Expectorans
202	0206	Expectorans
203	0207	Expectorans / Expulsifs / Extractif
204	0208	Extractif / Extractum / Extrait
205	0209	Extrait
206	0210	Exul hyemis / Exupera / Exutoires
207	0211	Exutoires / Exuviae anguium / Eyder-ente / Eye brig T. / Eyerschaalen / Eyg of heu / Eygplant / Eyluwa / Eysengart / Ezelskomkommers / Ezobh / Ezrach / F. / Fa / Faalim / Faam / Faar / Faaretalg / Faba
208	0212	Faba
209	0213	Faba / Fabagelle / Fabaria / Fabe / Faber / Fabrecoulier / Fabrorum aqua / Fach / Faching / Fadnobusk / Fadnovetas / Faduj / Faeces / Faecula / Faenugraec / Faga / Fagara
210	0214	Fagara / Faggia / Fagi / Fagiano / Fagianu / Fagopyrum / Fagule / Fagus
211	0215	Fagus / Faham / Fahamin / Faîne / Faisan / Faisaons d'empige / Faitan / Faka / Fakona / Falanoue / Falcata / Falchero / Falck / Falco
212	0216	Falco
213	0217	Falco / Falcon / Faligoule / Falkemberg / Falkraut / Falla / Fallow-deer / Falltrank
214	0218	Falltrank / Falsche / Falscher genip / False / Falsification des médicamens
215	0219	Falsification des médicamens
216	0220	Falsification des médicamens / Faltranck / Fan / Fandensnosser / Fanges / Fangus of the larch / Faon / Faou / Faouterno / Faquahiac / Far
217	0221	Fara / Farcat / Farcoun / Fard / Fare / Farec / Farfara / Farfiyun / Farine / Farineux (usage des)
218	0222	Farineux (usage des) / Fario / Farnosky / Faroba / Farobe / Farra / Farrago / Farrenkrautmoennlein / Farrenkrautweiblen / Fartagnia / Fasan / Fasciano / Fasciculus / Faselus / Faséole / Fasganion / Fasianne / Fastacki / Fastuca / Fat / Fatar / Father-lasher / Faucon / Faudenici / Faufel / Faulbaum / Faune médicale
219	0223	Faune médicale / Fauser / Fausse / Faux / Faux-Saint-Étienne / Fava / Fave / Favelou / Favouette / Fayard / Fayaux / Fayi / Fazonella / Fazyan / Fazzeh / Fcine aloe / Fébrifuges
220	0224	Fébrifuges
221	0225	Fébrifuges / Febrifugum craanii / Fécamp / Feces / Fécule
222	0226	Fécule
223	0227	Fécule / Féculites / Fedegazo / Fedegosa / Federharz / Fedia
224	0228	Fedia / Fegatella / Feigblatierneppich / Feigwarzenkraut / Feigwarzenwurz / Feigwarzkraut / Feijao / Feinière (la) / Feinte / Fel / Felandro / Felce / Felcher / Feldfeyfuss / Feldcypresse / Feldhuhn / Feldknoblauch / Feldkummel / Feldlerche / Feldliebender taubenkropf / Feldmannstreu / Feldringenblume / Feldschwamm / Feldwegwarte / Felfal tavil / Felfar ahmer / Felines / Felis
225	0229	Felis
226	0230	Félix de Bagnères (Saint-) / Felongène / Felsenbeyfuss / Feltrisswurzel / Felvek / Femfingerert / Femfingeraert / Femme / Fenabregne / Fenasse / Fenchel / Fenchelholz / Fenegrick / Fénérotet / Feneyrols / Fengrek / Fenicottero / Fennel / Fenogrego / Fenou / Fenouil / Fenugrec / Fenykl / Feo / Feonia
227	0231	Fer
228	0232	Fer
229	0233	Fer
230	0234	Fer
231	0235	Fer
232	0236	Fer
233	0237	Fer
234	0238	Fer
235	0239	Fer
236	0240	Fer
237	0241	Fer / Fer-à-cheval / Ferkel / Ferment / Fermenio di cervogia / Fermentum cerevisiae / Fernambouc (Bois de) / Féro / Ferocosse / Feron / Feronia elephantum
238	0242	Feronia elephantum / Ferraria / Ferrata / Ferret d'Espagne / Ferrière-Béchet / Ferro / Ferro-cyanates / Ferrugineux
239	0243	Ferrugineux
240	0244	Ferrugineux
241	0245	Ferrugineux
242	0246	Ferrugineux
243	0247	Ferrugineux / Ferrugo / Ferrum / Fersik
244	0248	Ferté-sur-Amance (la) / Ferté-Fraisnel (la) / Ferula
245	0249	Ferula
246	0250	Ferula
247	0251	Ferula
248	0252	Ferula
249	0253	Ferula / Ferulago / Ferumbros / Fescera / Feshook / Feshuk / Fest-ammer / Festuca fluitans / Festuca quadridentata / Fétal / Fétides / Fetknoppur / Feto / Fett / Fettan / Fette henne / Fetterwort / Feu / Feuchière / Feuerschwamm / Feuille
250	0254	Feuillea
251	0255	Feuillea / Feunel / Feurs
252	0256	Fève / Feverolle / Feverroot / Févier / Fevillea / Fi-fi / Fialowy koren / Fiama / Fiamingo / Fiber / Fibraurea tinctoria / Fibrine
253	0257	Fibrine / Ficaria ranunculoides / Ficedula / Fico d'India / Ficoidées / Ficus
254	0258	Ficus
255	0259	Ficus
256	0260	Ficus
257	0261	Ficus
258	0262	Ficus / Fideris / Fidjel / Fieberklee / Fiekruid / Fiel
259	0263	Fiel / Field / Fiele di bue / Fielgroes / Fienfiro / Fieno / Fiente / Fiernellike / Fiestel / Fifa / Fifi / Fighieirou / Figue / Figueirinha / Figuier
260	0264	Figuier / Fike leav'd water hemlock / Filasse de montagne / Filfil / Filicetta / Filicine / Filicula / Filipendelwurz / Filipendula / Filippo (San) / Filius ante patrem / Filix / Fillols / Fima / Fime-faci / Fimpi / Fin
261	0265	Finecchio / Fingerborrsoert / Fingerfoermiges Hirsegras / Fingerkraut / Fingosakf / Finlande / Finocchio dolce / Finsk ingfoera / Fioeder suglika / Fiola wonna neb modra / Fiolek potroyni / Fiolki / Fiolrod / Fior / Fioralia / Fiore del pensiero / Fiorin / Fir / Firmin (Saint-) / Fis / Fischkoerner / Fischleimgummi / Fiske-Heyes / Fiski-Tsjao / Fisluc / Fistel
262	0266	Fistel / Fistulines / Fiteros / Fitolacca / Fitornas / Fitou raven / Fiumorbo / Fixen / Fixin / Fl. / Flachsseide / Flacourtia
263	0267	Flacourtia / Flagellation / Flairan bois / Flalta / Flambant / Flambe / Flambeau / Flambergent / Flamengo / Flammant / Flammula / Flammuza jovis / Flandre / Flanelle / Flaschenkuerbis / Flavedo / Flaveria angustifolia / Flax / Fleabeane / Fleaseed / Flèche d'eau
264	0268	Fleckenferkelkraut / Fleischleimgummi / Fleishlauch / Flesh coloured asclepias / Flet / Flétan / Flétrive / Fleurs
265	0269	Fleurs
266	0270	Fleurs
267	0271	Fleurs / Flez / Fliederhollunderbaum / Fliegeafalle / Fliegenschwammen / Flinsberg
268	0272	Flion / Flixweed sisymbrium / Flocks / Floeder / Floender slaeter / Flousaame / Flondre / Flook burch / Florac / Florantine orris / Flore médicale / Florentinische schwertel / Florentynse iris / Flores
269	0273	Flores / Floret (Saint-) / Floripondio / Flos / Flounder bulet fluke / Flouve / Fluates / Fluesvamp / Flugelfarren / Fluggea leucopyrus / Flugsandried / Flugsvampen / Fluides / Flundra / Fluor / Flussharz / Flussiger storax / Flussiges pech / Fluteau / Flux root / Fluysblomster / Flydra / Flyndre / Fnemp / Fo-lin / Focot
270	0274	Fodor mentha / Fodrey / Foeltsippa / Foeniculum
271	0275	Foeniculum
272	0276	Foeniculum / Foenugroek / Foenum / Foerbebeere / Foerbende ochsenzunge / Foerbender ginster / Foerberchamille / Foerberroethe / Foerberwuid / Foertalg / Fohre / Foie
273	0277	Foie / Foil / Foin / Foina / Foirolle / Foix / Fokké-fokké / Fol oiseau / Folha santa / Folha de Carobba
274	0278	Folium indum / Follete / Follicule de séné / Fomentations / Fomford / Foncaude
275	0279	Foncaude / Fondans
276	0280	Fondans / Fongo maltese / Fonkol / Fonos / Fons aponi / Fonsange / Font-caouada / Fontaine / Fontale Acetosum
277	0281	Fontane / Fonte-santa / Fontenai-le-chatel / Fontenelles (les) / Fontenoy-le-château / Fontes medicati / Fonticule / Fontinalis Antipyretica / Fooaha / Fooraha / Foot's Parsley / Forbesina / Force-real / Forda / Forelle / Forez
278	0282	Forez / Forficula / Forges
279	0283	Forges / Forkeert / Formica
280	0284	Formica
281	0285	Formica / Formulaires
282	0286	Formulaires
283	0287	Formulaires / Forskalea angustifolia / Fort-Jean / Fortifians / Fortuna / Fortunat (Saint-) / Forvière
284	0288	Forvière / Fosei / Fossano / Fotetenis / Fothergilla Mirabilis / Foto / Fou / Fou-lin / Foucaud / Foucaude / Fougère
285	0289	Fougère / Fouille-merde / Fouine / Foul / Foulque / Fourdinier / Fourmi
286	0290	Fourmilier / Fourmilion / Fourna / Fourtou / Fouteau / Fouterno / Fouton / Fox / Foxflove / Foxigène / Foyard / Fragaria
287	0291	Fragaria
288	0292	Fragaria / Fragmens précieux / Fragmosa / Fragon / Fragousta / Frague / Frai / Fraise / Framboise / Framboizen / France
289	0293	France / Francello / Francfort-sur-l'Oder / Franche-Comté / Franchipane / Francisca uniflora / Francoa appendiculata / Francolin / Francowskk drewo / Frangula
290	0294	Frangulacées / Frangulina / Frankia ramiflora / Fransche / Franzbad / Franzosenholz / Franzostree / Fraouco / Frasera Waltheri / Frassino / Fraualot / Frauendistel / Frauenfenchel / Frauenhaar / Frauenhaarstreiffarren / Frauenmantelsinau / Frauenmunz / Fraxinelle / Fraxinus
291	0295	Fraxinus
292	0296	Fraxinus
293	0297	Fraxinus / Fraye / Fredewnik / Frégates / Fregosa / Freiberg / Freienwalde / Freiersbach / Freixo / Fréjus / Frêlon / Frélon / Frelot / Fremde zeitlosenwurzel / French daisy / French lavender / French tamarisk / Frêne / Freneau / Fresaco / Fresne / Fresno / Fretillet / Freyenwalde
294	0298	Freyenwalde / Freysamkraut / Frezaie / Frézillon / Friandises / Frichleng / Frictions
295	0299	Frictions
296	0300	Frictions
297	0301	Frictions / Fridhling / Friedrichsbrunnen / Friesera / Frigorique / Frigoule / Fringilla / Fringillago / Fringillarius
298	0302	Fritan / Fritillaria / Frizon / Froe / Froid / Fromage
299	0303	Fromage / Froment / Frontaux / Frontigny
300	0304	Frosch / Froscheppich / Froschlaich / Froschloeffel / Froschwegerich / Fruges / Fruhlingsruhrkraut / Fruit
301	0305	Fruit
302	0306	Fruit / Frutex Terribilis / Frutilla / F.S.A. / Fua
303	0307	Fuca / Fucacées / Fuchs
304	0308	Fuchsia coccinea / Fuchsschmalz / Fuchstraube / Fucus
305	0309	Fucus
306	0310	Fucus
307	0311	Fucus
308	0312	Fucus
309	0313	Fucus / Fuen-caliente / Fuenta-santa / Fuente
310	0314	Fuente / Fuga daemonium / Fugla / Fugle-konge / Fugleboer / Fuglelum / Fuhm chobie / Fuina / Fuki / Fulfili surkh / Fulful / Fulica / Fulico / Fulwal / Fumabraro / Fumaria
311	0315	Fumaria
312	0316	Fumaria / Fumée
313	0317	Fumée / Fumigation
314	0318	Fumigation / Fumitory / Fumus / Funaria hygrometrica / Funcho / Fundulus / Funfblatt / Funfbloettrige Kraftwurzel / Funffingerkraut / Fungine / Fungo / Fungoides / Fungus
315	0319	Fungus / Funis Felleus / Fuoeske / Furbeen / Furbiune / Furbuza / Furchmuhl / Furcraea odorata / Furet / Furfur / Furn / Furnas / Furo / Furs / Furstenau / Fusain / Fuscina / Fussagine / Fussfoermige frauenhaar / Fussfrauenhaar / Fustec / Fustique
316	0320	Futterwicke / Fyld rose / G. / Gaal Narcisse / Gaar / Gaas / Gaaseheel / Gaaseskreppe / Gabalium / Gabbéré / Gabian / Gablernjk Bilj / Gabriac / Gabureiba / Gachipaes / Gacke / Gad / Gaddfur / Gadelles
317	0321	Gade / Gadika dud / Gadoide / Gadoong / Gados / Gadus
318	0322	Gadus
319	0323	Gadus
320	0324	Gadus / Gaeja / Gaeodes aldrovandi / Gaethaghoraka / Gaetsaou / Gaey / Gafette / Gagates / Gagel / Gagiandra / Gaglio Giallo / Gahja / Gahodr / Gahody cerne / Gai / Gaiac / Gaicha dud / Gaieiras / Gaildorff / Gaillard / Gaillet / Gaine / Gainus / Gairoutes / Gajamariola / Gajan / Gajapala / Gakkata
321	0325	Gakkata / Gal / Gala / Galactigènes / Galactites / Galactodendrum utile / Galactopées / Galactophores
322	0326	Galactophores / Galai / Galamay / Galana / Galancier / Galander / Galanga / Galangal / Galant / Galanthus nivalis / Galapa / Galapago / Galarin / Galas / Galaxias
323	0327	Galaxias / Galba / Galban / Galbanum / Galbules / Galda (gomme de) / Galdblomme / Galdeboer / Galdo de cuntis / Galdoebel / Gale / Galê / Galega
324	0328	Galega / Galène / Galeobdolon luteum / Galeon / Galeopsis
325	0329	Galeopsis / Galeos / Galerand / Galerita / Galero / Galet / Galeus / Galgant / Galgorot / Galha / Galice / Galignole / Galine / Galinetos / Galio / Galiote / Galipea febrifuga / Galipot / Galium
326	0330	Galium
327	0331	Galium / Gall d'Indi / Galla / Gallae Turcicae / Gallareta / Gallates / Gallato-Carbonate de potasse / Gallena / Calleraje / Galle
328	0332	Galle / Galletta / Galletto del Bosco / Galliet / Galligastre / Gallina
329	0333	Gallinacio / Gallinago / Gallinassa / Gallinole / Gallinsectes / Gallinula aquatica / Gallnoot / Gallo / Gallo-pavo / Galloepfel / Gallon / Gallus / Galluschel / Gallyrion / Galmier (Saint-) / Galmilha / Galowec / Galuga / Galungian / Galurt / Galvanisme
330	0334	Galvanisme
331	0335	Galvanisme
332	0336	Galvanisme / Gamal
333	0337	Gamamah / Gamana peride / Gamander / Gamanderlyn / Gamaon / Gamarde / Gamarsa / Gambarur / Gambeer / Gambiensergummi / Gambing / Gamboge / Gamenderlein / Gammarus / Gammiris / Gan / Ganderisch
334	0338	Ganderisch / Gandhaka / Gandoo / Gangi / Gangila / Gangitis / Gangsalan / Gangulphe (Saint-) / Ganiaude / Ganja / Ganjah chettu / Ganjica / Gannaperide / Gannille / Gans / Ganso / Gansschmalz / Gant de Notre Dame / Ganta / Ganteline / Ganti / Ganzewoet / Gap / Gaphérith / Gar / Garail / Garais / Garam / Garamantites / Garan / Garance / Garang / Garannier jaune / Garantha / Garatauk / Garbanzo / Garca / Garcinia
335	0339	Garcinia / Gardello / Garden / Gardenia / Gardenna / Garderacantha / Garderobe
336	0340	Garderobe / Garence / Garent-oguen / Garesol / Garfuana / Garganelle / Gargarismes / Gargel / Gargia / Garics / Garicum / Garikoon / Gariofillata / Gariot / Garjara
337	0341	Garlic / Garmander / Garnotte / Garo / Garofano / Garosmus / Garou / Garouilhe / Garoupe / Garoutte / Garovo / Garrofera / Garrus / Gars / Garsotte / Gartenangelik / Gartenbalsam / Garteneypressen / Garteneppich / Gartenfenchel / Gartenkress / Gartenlauch / Gartenmelde / Gartennelke / Gartenraute / Gartensalat / Gartensaturei / Gartenscherling / Gartenscorzonere / Gartwurz / Garum / Garvance / Garvies / Garvock / Garyophyllum / Garza / Gas / Gascogne / Gasiol
338	0342	Gasior / Gasmiris / Gasori / Gasotto / Gasta / Gastein / Gastéropodes / Gasterosteus / Gasz / Gatba / Gatera / Gaternjk / Gatip / Gato / Gattara / Gatte / Gattilier / Gatto / Gattolaro / Gattorugine / Gau / Gauchefer / Gauchin
339	0343	Gauchin / Gaude / Gaula-itan / Gaultheria procumbens / Gauro / Gauville / Gava / Gavi-gavi / Gaviao / Gavilu / Gavorrano
340	0344	Gavorrano / Gayac / Gayacine / Gayam / Gaylon / Gaysagussa / Gayuba / Gaz
341	0345	Gaz / Gazal / Gazalibu / Gaze métallique / Gazella indica / Gazelle / Gazola / Gazza / Geai / Geastrum / Geat common housleek / Geau / Gebel hendy / Gebka modrzewowa / Geboermutterwurzel / Geboscon / Geceid / Gecko / Gedda / Gedeklov / Gedhog / Gedlice wlaska / Gedoerrte Kroeten / Geecka / Geel lisch / Geele Narcis / Geemen / Geerst / Geesbach / Geest / Geflechter storchssnabel
342	0346	Geflechter Schierling / Geflecktes Ferkelkraut / Gegos / Gehuf / Gehz / Geilnau / Geisbartwurzel / Geissraute / Gekaperd Kalfsvost / Geknodstaardmos / Gekroentes / Gekruide patich / Gekruiste Beerwortel / Gelapo / Gelason / Gélatine
343	0347	Gélatine
344	0348	Gélatine
345	0349	Gélatine
346	0350	Gélatine
347	0351	Gélatine
348	0352	Gélatine / Gelbe Myrobalanen / Gelbe Teilchilie / Gelbe Weiderich / Gelbenech / Gelber Gamander / Gelber Ingwer / Gelbes Labkraut / Gelbes Sandelholz / Gelbwurzel / Gelée
349	0353	Gelée / Gelen Gazyk / Gelidium
350	0354	Gelidium / Géline / Gelinette / Gelinote / Gellow wood sorrel / Gelone / Gelos / Gelsemoro / Gelso / Gelsomino / Gelsum / Geluta / Gelve / Gemal / Gember / Gemechne Weiderik / Gemeen Guichenheil / Gemeen Kruiskruid / Gemeen Scharfkruid / Gemeen Terpentin / Gemeen Thym / Gemeene Byvoet / Gemeene Cerenprys / Gemeene Duizenblad / Gemeene Hemst / Gemeene Riet / Gemeine Aloe / Gemeine Buche / Gemeine Chamille / Gemeine Doste / Gemeine Durrwurz / Gemeine Espe / Gemeine Fichte / Gemeine Goenseblume / Gemeine Indianische Feige / Gemeine Kreutzkraut / Gemeine Kreuzdorn / Gemeine Lobelie / Gemeine Narcisse / Gemeine Schwarze Flockenblume / Gemeine Schminkbohne / Gemeiner Baldrian / Gemeiner Beyfuss / Gemeiner Brombeerstrauch / Gemeiner Buchweizen / Gemeiner Erdrauch / Gemeiner Knoeterich
351	0355	Gemeiner Kurbis / Gemeiner Terpenthin / Gemeiner Thymian / Gemeines Gelbes Flachskraut / Gemeines Rohr / Gemeines Ruhrkraut / Gemen / Gemez / Gemil (Santa) / Gemme / Gémour / Gemse / Gemsenkraut / Gemsenkugel / Gemsenwurz / Gemuesehasenkohl / Genada Kruid / Genciana / Genda Pura / Gendaga Travasum / Gendagum / Genepi
352	0356	Genepi / Genestelle / Genestrole / Genet / Genetta / Genever / Genèvre / Gengembre / Genger-Grass / Genges
353	0357	Gengibil / Genibre / Genicularis / Genièvre / Genipa / Genipi / Genis (Saint-) / Génisse / Genista
354	0358	Genista
355	0359	Genista
356	0360	Genista / Genistella / Genitalis / Genjibre / Genomvaxt / Genouillet / Gensbach / Gen-seng
357	0361	Gen-seng
358	0362	Gen-seng
359	0363	Gen-seng
360	0364	Gen-seng / Gentarubia / Gente / Gentia / Gentiaan / Gentiana
361	0365	Gentiana
362	0366	Gentiana
363	0367	Gentiana
364	0368	Gentiana
365	0369	Gentiana / Gentiane / Gentianées
366	0370	Gentianées / Gentianellis / Gentianoides / Gentianéine / Gentis / Genziana / Geoffroya
367	0371	Geoffroya / Geffroyer / Geolo / George (Saint) / Géorgie / Georgina / Geotrupes / Gepluemde anjelier / Ger dzika / Gerabib / Gerang / Géraniées / Géranium
368	0372	Géranium
369	0373	Géranium / Geranos / Géraud (Saint-) / Gerbemyrtenstrauch / Gerberbaum / Gerboa / Geremma / Gerez / Gergyr / Gerille / Germain (Saint-) / Germandrée / Germanica / Germano (San) / Germète
370	0374	Gérofle / Gérona / Gérousse / Gerst / Gerstenkaupe / Gerstenmalz / Gertenkoervel / Gertwurz / Gervais (Saint-) / Gervao / Gerzeau / Gesar / Geschalte Gerste / Geschenen / Gesen / Gésier / Gesnera / Gesse / Gesskowa palice / Getappel / Getporss / Getté / Geum
371	0375	Geum
372	0376	Geum
373	0377	Geum / Geusadea / Gévaudan
374	0378	Gevingerd panik / Gevlaktkalfwel / Gevlakte scheerling / Gevuin / Gewla / Gewoon lungekruid / Gewoone / Gewurz kalmus magen wurz kalmus / Gewurz nelken / Gex / Geyzer / Gez / Ghadwa tscha dud / Ghainouk / Ghandiroba / Gharaf / Gharghafti / Ghayka dud
375	0379	Ghazell / Ghée / Ghendagum / Ghiamaia / Ghiandaia / Ghilarmenie / Ghireau pescaire / Ghitta gemoco / Ghodapara / Ghodhaka dura / Gholak / Ghonkaduru / Ghoraka / Giacotin / Giadde / Giade / Giam-bo / Gianzi / Giargia / Giasino / Giausir / Giavardo / Gibier / Giboos / Gicaro / Gichtbeere / Gichtrose / Gichtrube / Gichtwurzzaunrebe / Giclet / Gidda / Giegen / Gien / Gienne voext / Giesshubel / Giffliger lattich / Giftbaum
376	0380	Giftheil / Giftiger hahnenfuss / Giftsumach / Gigantea / Gigartina helminthocorton / Gigarum / Gigenia / Gigeri / Giglio / Gihunkahir / Gil sifid / Gilaraka / Gilarum / Gilban / Gilbe / Gilead / Gilguero / Gilhot / Gilingis / Gilla / Gillau / Gillenia trifoliata / Gillon / Gillonière / Gillwerwurzel / Gilt / Gimell / Gimri / Gin / Ginac ostropes / Gindsche / Ginebre / Ginestra de tintori / Ginge / Gingeli / Gingembre / Ginger / Ginggiolo / Gingi / Gingibil / Gingidium
377	0381	Gingilie / Gingoule / Ginkgo biloba / Ginochietto / Ginolles / Ginoria americana / Ginousèle / Ginsao / Ginzeng / Giogeblomster / Giogeurt / Gioglio / Gioja / Giolet / Gionsoekblomme / Giovani (San) / Girafe / Girandets / Girard-roussin / Girasol / Girasolo brasil / Giraumon / Girawecz / Girdigan / Girerle / Girgilim / Girnaffa / Girofle
378	0382	Giroflée / Girole / Giron / Girouflada / Girouille / Gis / Gist schan / Gith / Githago / Gitrocel prostrednj neb ssiroki / Gitta-gambeer / Giuggioles / Giuggiolina / Giula / Giumez / Giusquiamo / Givosditschka / Gjoek / Gkendaga travagum / Glace / Glacies mariae vulgaris / Glada / Gladiolus / Gladius / Gladzaagige wilde kerwell / Glaente / Glaiadine
379	0383	Glaieul / Glaise / Glaiteron / Gland / Glanis / Glans / Glanzruss / Glaskraut / Glastum / Glatter zidrack / Glaucium luteum / Glaucos / Glausche / Glaux
380	0384	Glaux / Glaycos / Glayeul / Gle / Glead / Glechoma
381	0385	Glechoma / Glechon / Gleditsia triacanthos / Gleissen
382	0386	Gleissen / Gleiteron / Glenac / Glessum / Gleyta / Gliedweichwurzel / Gliero / Glis / Glisicida / Glistaziemma / Glistuik / Globba nutans / Globularia
383	0387	Globularia / Globuli ferri tartarisati / Gloenzende aloe / Glonnaez / Glooujoou / Glorieuse / Gloriosa
384	0388	Gloriosa / Glossopetrae / Glouteron / Glu / Glucine
385	0389	Glucine / Gluten / Gluten
386	0390	Gluten / Glutinaria / Glutine / Glycaraton / Glycérine / Glycine / Glycypicros / Glycyrrhiza
387	0391	Glycyrrhiza
388	0392	Glycyrrhiza / Glycyrrhizine / Glycys / Glycysida
389	0393	Gmelina asiatica / Gnadenkraut / Gnaphalium
390	0394	Gnaphalium / Gnavelle / Gnep / Gnetum Gnemon / Gnidium / Gnidosz ziele / Gnilhuc / Gnision / Gnotaris / Goaconaz / Goadsbloem / Goas / Goat / Gobaura / Gobelet d'eau / Gobelet Emétique / Gobes / Gobichen / Gobio / Gobionaria / Gobios / Gobius / Gobo / Gobou
391	0395	Goda mahanel / Godde / Godelheim / Godesberg / Godolye / Godomolla / Godumbay mao / Goemon / Goenserich / Goescht / Goet / Goffio / Gog / Gognier / Gohu / Goi-saggi / Goiffon / Goilmelle / Goisnon / Goivo / Gokschira / Golab / Golan-Portulan / Gold
392	0396	Goldapfel / Goldbrassen / Golden eagle / Goldforelle / Goldgelbe schuppenflechte / Goldhaar / Goldlack / Goldner wiederthon / Goldruthe / Goldwasser / Goldwurzel / Goleha / Golfan / Golgosion / Golmirch / Golomi / Golondrina / Gom / Goma / Gomala / Gomari / Gomart / Gombeau / Gome / Gomma / Gomme
393	0397	Gomme
394	0398	Gomme
395	0399	Gomme
396	0400	Gomme
397	0401	Gomme
398	0402	Gomme
399	0403	Gomme
400	0404	Gomme
401	0405	Gomme
402	0406	Gomme
403	0407	Gomme
404	0408	Gomme
405	0409	Gomme
406	0410	Gomme
407	0411	Gomme
408	0412	Gomme / Gomphia hexasperma / Gomphrena / Gomuto / Gonaké / Gondir / Gondlakense / Gondom (Saint-) / Gongescheck / Gongonha / Gongros / Gonogeona
409	0413	Gonolobus macrophyllus / Gontua / Gonye / Gonzaly / Good king Henry / Goolabu poo / Goose / Gooseberry / Goouy / Gopher / Gora / Gorab / Gorczyca czarna / Gorczyca polna / Gordolobo / Goreni-fère / Gorginion / Gorgonei fontes / Gorgonia antipathes / Gorgonion / Gorkaja / Gobkime / Gormadera / Gornolobo / Gornostai / Gorochana / Gorp / Gorquadd / Gorrion / Gorunta chettu / Gossampinus / Gossypine / Gossypium
410	0414	Gossypium / Gosturdus / Gotim / Gotne / Gottesgnadenkraut / Gottheil / Gouaré / Goud braassem / Goudron / Gouet / Gougoul / Goujon / Gouk / Goukr / Goula-itan / Goulu de mer / Goupia-glabra
411	0415	Goupil / Gourde / Gourgane / Gournay / Gourou / Goussainville / Gousses d'ail / Goutte
412	0416	Goutte / Gouyave / Govapa / Gowgird / Gowr gia / Gozal / Gozzitano / Gr. / Graaben / Graadyn / Graake / Graakuse / Graatfleabane / Grabalos / Grabatula / Grabeau / Gracchia / Graciola / Graculus / Grados / Graena / Graenacke / Graes-end / Graf-swin / Graffa
413	0417	Grafito / Grai / Graille / Grain
414	0418	Grain / Grainzard / Graisse
415	0419	Graisse
416	0420	Graisse
417	0421	Graisse
418	0422	Graisse / Graisset / Graisson / Grakle / Grama / Gramalla / Gramen / Gramigna / Graminées
419	0423	Graminées / Grammat / Gramme
420	0424	Grammont / Gran / Grana / Granat / Granatbaum / Granatillbaum / Granato / Granatoschnoe derewo / Granatowe gablko / Granatum / Grancio / Grand / Grano tosto / Granstrunt / Granum / Granza / Graosparf
421	0425	Graousela / Grapaou / Grapelle / Graphida lapis / Graphit / Gras des cadavres / Grasdyr / Grassa / Grasset / Grassette / Graswurzel / Grateloup / Grateron / Gratgal / Gratia dei / Gratiola
422	0426	Gratiola
423	0427	Gratiola
424	0428	Gratiola / Gratte-cul / Gratteliers / Gratthier / Graueramber / Graula / Gravel-root / Gravelée / Gravelin / Gravo de india / Gray snapper / Grazay / Graziola / Greac / Great / Greater
425	0429	Greater / Greben schik / Grèce / Greda / Green hellebore / Grelin / Gremii iasscha / Grémil / Grémille / Grenade / Grenadille / Grenat / Grenette / Grenouille / Greou
426	0430	Greou / Gresillon / Gresset / Gressling / Greul / Grewia / Greylag / Greyling / Greziak orechi / Grianeau / Grias / Gric / Grichun / Griesbach / Griessholz / Griesstein / Grieswurzel / Griffe de loup / Griffet / Grigallus / Grignon / Grigs / Grille / Grimmer / Grimoino / Grimpe
427	0431	Grimpereau / Grine ved dag / Gringette / Gringon / Grinson / Grinszpan / Griot / Griotte / Grippe / Gripshofen / Grisard / Griset / Grisettes / Grisomele / Grispignolo / Grives / Griveta / Grivoun / Groda / Grodblad / Groedda / Groegroe / Groenpoot piedoert / Groesugga / Gromweel / Grona / Grondel / Gronostay / Gronovia scandens / Groot / Groote / Gros
428	0432	Gros / Groseille / Groselheira espin / Grosse / Grossellero / Grosser / Grosses / Grossuline / Grossus / Ground / Gru / Gruau / Grue / Grueben
429	0433	Gruener nieswurz / Gruina / Grulla / Grumichameira / Grumpel / Grundheil / Grundling / Gruner / Grunon / Grunspan / Grus / Grutum / Gryllus / Grynon / Grynszpan krystalizowani / Gryphon / Grzywaez / Guaap / Guabiraba / Guabiroba / Guabo
430	0434	Guacatène / Guacharo / Guaco / Guadalupe / Guadarella / Guadeloupe / Guado / Guagno
431	0435	Guagno / Guaiaba / Guaiabara / Guaiac / Guaiava / Guaibipocaiba / Guaicana / Guaicura / Guaid / Guaieru / Guainumbi / Guaja leche / Guajaco / Guajacum
432	0436	Guajacum
433	0437	Guajacum
434	0438	Guajacum
435	0439	Guajacum
436	0440	Guajacum / Guajakholz / Guajamaricola / Gualpa / Guama / Guana / Guanabacoa / Guanabe / Guantelli / Guao / Guaparaiba / Guapeba laurifolia / Guapebeira / Guapicobaiba / Guarana
437	0441	Guarana / Guaraquymïa / Guarea trichilioides / Guarigue / Guarri / Guart / Guaxima / Guayac / Guayaca / Guayca / Guaycanées / Guazuma ulmifolia / Gucambos / Guckerlin / Guddu / Gudjeon
438	0442	Gudsnaadeurt / Gudunge / Guéchal / Guede / Guelda coumelda / Guenic / Guêpe / Guéphen / Guérit-tout / Gueroulde (La) / Guerrier / Guerse / Guesalega / Guesisami / Gueule / Guevina / Guggel / Gugul / Gui / Guiabelha / Guiabo / Guiandam / Guiava / Guienne / Guieticoroja / Guigne / Guignot / Guilandina
439	0443	Guilandina / Guildire / Guilleri / Guillon / Guilno / Guima / Guimarens / Guimauve / Guin / Guindoulier / Guinea pepper / Guines de côtes
440	0444	Guingambo / Guingamp / Guinguiamadou / Guinguin / Guinna / Guinson / Guir / Guirapariba / Guiseau / Guistrico / Guit / Guitera / Guity / Gujer / Gujurati elachi / Gukkatu / Gukkusklee
441	0445	Gul / Gula / Gulancha / Guld / Gulden wederhood / Guldengun sel / Guldenhaar moos / Guldhaar / Guleka / Gulerod / Gulguruk / Gullie / Gulnau / Gulnicht / Gum / Guma / Gumalea / Gumigut / Gummarine / Gummi / Gummigutt / Gummilack / Gund beyl / Gundaka rasa / Gundermann / Gundha-bena / Gundhuk / Gunenra scabra / Gunti paringhia / Guorga / Gurgitello
442	0446	Gurgitello / Gurka / Gurkemeje / Gurnighel / Gurnkatta / Gurt / Gurumfil / Gusezowa / Gustard / Gusz / Guta gamba / Guter Heinrich / Gutta
443	0447	Gutta / Guttoefera vera / Guttiers / Guttifères / Guul skorpemoos / Guyacana / Guyanas / Guyj-pippul / Guz / Gwaz / Gwenneli / Gwiazdkowy / Gwozdziki kramne / Gycken / Gyfitz / Gyldenlack / Gymnastique
444	0448	Gymnastique
445	0449	Gymnastique
446	0450	Gymnastique / Gymnocladus canadensis / Gymnopus / Gymnotus
447	0451	Gymnotus / Gynecanthe / Gypsophila Struthium / Gypsum / Gyrole / Gzegzolka
448	0452	Haagdis / Haair streng / Haarflechte / Haarpudel / Haarwurz / Haasenschmalz / Haasensprung / Haastor / Hab al nil / Habalte / Habara / Habas / Habascon / Habb el hazis / Habb-hal / Habbanil / Habben / Habe-sodé / Habebras / Haber / Habhah / Habichtskraut / Habichuela / Hac min-san / Hachal-indi / Hachic / Hachoac / Hack und tack / Hacosan / Hacub / Hadar / Hadhas / Hadj mordowy koren / Hadjinn / Hado / Hadock / Hadou / Haedus / Haeger
449	0453	Haelrak / Haemagogum / Haemanthus / Haematites / Haematopus / Haematoxylum
450	0454	Haematoxylum / Haemorrhous / Haedes / Haedhad / Haeranda / Haerba / Haerfogel / Haernia / Hafer / Haferk / Haflax / Hafle / Hafra / Hafs / Hafs-tjaeder / Hagar / Hagebutten / Hagenia / Hagetorn / Haghour / Hagias / Hagister / Hagojo / Hagtorn / Hagur / Hahn / Hahnbuttenstrauch / Hahnebuttenschwamm / Hahnenfuesslein / Hai-alem maovi / Hai-Houng / Hai-yu
451	0455	Haidschwamm / Haimarada / Haimavati / Hair streng / Hairy treemoos / Hais / Haisy podded milk vatch / Haje / Hajo / Hak og tak / Hakea / Hakelar / Hakrabh / Halachia / Halandal / Halantlaquacuit lapille / Halbourg / Halcacahualt / Halcedo / Halcyon / Halcyonium / Halcyonium rotundum / Halec / Halecula / Haleky / Halhamas / Hali / Halica / Halicacabum / Halicorne / Halim / Halimatia / Halinatron / Halle
452	0456	Halle / Hallebran / Hallon / Halloville / Halogène / Haloidum oxygenatum / Halosanthos / Haloukah / Halsbuk / Halun / Halyotis / Hamah / Hamam / Hamamelis virginiana / Hambar / Hamchavella / Hamefiteos / Hamel alhomaleb / Hamelia patens
453	0457	Hamelia patens / Hamgaha / Hammam Meskouteen / Hammel / Hammelsschmalz / Hammoniaque / Hamp / Han-ta-han / Hanchinol / Hancornia / Handalam / Handblatt / Handir-alou / Hanf / Hangdorn / Hangernes Kornrose / Hanipon / Hanka / Hannekin / Hanneton / Hansletsgras
454	0458	Hansodsburg / Hanta / Hantol / Hanzacra / Hapium / Har / Harabh / Haraczi / Haradul / Haram / Haran / Haran-kaha / Haranguet / Harbeto fero / Harcoman / Harda / Hardeau / Hardeck / Hardeles / Harderie / Harefoot / Hareng / Harengade / Haret / Harhoens / Haricot / Haridra
455	0459	Harin / Haring / Haritaka / Harmala / Harmaou / Harmon / Harneb / Harondelle / Harpacantha / Harpacticum / Harpax / Harrowgate / Harsyra / Hart / Hartfell / Hartgespan / Harts / Hasalban achsir / Hasar / Haschab sini / Haschissch / Hase / Hasel-huhn / Haselwurzel / Haspel / Hasseloert / Hastula regis / Hatab ahmar / Haters / Hatle / Hatsche / Hatta / Hattab-achmar / Haud / Haukeb / Haum / Haumier / Hausegi / Hause kerse / Hausen
456	0460	Hausenblase / Haushahn / Hauslaek / Haustum / Hauswurzkraut / Haute-grive / Haute-seille / Hauterive / Havasi / Haver / Hawk / Haxis cachule / Hay-hoang / Haye / Hayswen / Hazelkraut / Hazi zoeld / Hazonmainthi / Hbara / Heath / Hebecevron / Hebel / Hebine / Hecht / Hechts kiefer / Hechtschmalz / Hedemias / Hedera
457	0461	Hedera
458	0462	Hedera / Hederalis / Hedérée / Hederich / Hederula / Hedge / Hediunda / Hedwigia balsamifera / Hedyotis / Hedysarum
459	0463	Hedysarum / Heelweed / Heer lykke klipp-visch / Heering / Heerschnepfe / Heghka / Hegicy koren / Hegin / Hegre / Heidedrostel / Heidekraut / Heidelbeere / Heidensche wondkruid / Heidenwund kraut / Heidenziemmer / Heilbrunn / Heilgift / Heiligengeistwurzel
460	0464	Heilquelle / Heilstein / Heilwurzgummi / Heinrichsbrunnen / Heiva / Hejr armenie / Hel / Helbane / Helbé / Helbunion / Helcalimbat / Helch / Helcysma / Helecho masculino / Helelije kabuli / Hélène / Helenenkraut / Hélénine / Helenium / Helfant / Helgemeene vlachskruid / Helianthemum / Helianthus
461	0465	Helianthus / Hélice vigneronne / Heliconia caribaea / Helicteres
462	0466	Helicteres / Helileh kelan / Heliosacte / Helioscopion / Heliotrope / Heliotropii (Succus) / Heliotropius / Heliotropium / Helitis / Héliustrus / Helix
463	0467	Helix
464	0468	Helix
465	0469	Helix
466	0470	Helix / Helleboraster / Hellébore / Helléborine / Helleborites / Helleboro / Helleborus
467	0471	Helleborus
468	0472	Helleborus
469	0473	Helleborus
470	0474	Helleborus
471	0475	Helleborus
472	0476	Helleborus
473	0477	Helleborus / Hellebut / Helleknop / Hellikerod / Helminthagogues / Helminthiques
474	0478	Helminthocorton / Helmintholithus / Helmstadt / Helonias dioica / Helops / Helundo / Helvella / Helxine / Helychrysum / Hémagogues / Hématine
475	0479	Hématite / Hématoxine / Hemels leutel / Héméris / Hemerocallis / Héméros / Hemerotes / Hemionitis esculenta / Hemionium / Hémiptères / Hemlock lettuce / Hemp / Hemuck / Hen / Henard / Hendeb / Henicoé / Henna / Henne / Henné / Hennebane / Hennebon / Hennip / Henricus rubens
476	0480	Hepar / Hepatic aloes / Hepatica / Hépatique
477	0481	Hépatique / Hepatitis / Hepatus / Heppingen / Heptaphyllon / Heptaplevron / Hera / Heracléon / Heragleos / Heracleum
478	0482	Heracleum / Heraclion / Heraduky / Hérault
479	0483	Hérault / Herb Christopher / Herb Robert / Herba / Herbe
480	0484	Herbe
481	0485	Herbe
482	0486	Herbe
483	0487	Herbe
484	0488	Herbe / Herbier
485	0489	Herbier / Herbstblume / Herbstzeitlosenzwiebel / Herbulum / Herbum / Herculeus lapis / Herfugl / Hericius / Herinaceus / Hérisson / Heritiera littoralis / Heritinandel / Hérix / Herkehau / Hermann / Hermas gigantea / Hermelin / Hermine / Herminion / Hermion / Hermite / Hermittes / Hermodacte
486	0490	Hermodacte
487	0491	Hermodacte / Hermonville / Hermubotane / Hernandia guianensis
488	0492	Hernandia guianensis / Herniaria glabra / Héroion / Héroïques / Héron / Herpestis / Herpetica / Herpyllon / Herreria
489	0493	Herreria / Herring / Herrnkraut / Herse / Herssenkruid / Hert / Hertsbull / Hertshoorn / Hertstong / Herva cidreira / Herva da cobra / Herva cobreira / Herva dofigado / Herva moira / Herva mudar / Herva de ratto / Herva sophiae / Herva do vino / Herzblumlein / Herzgespann / Herzwurz / Herzwurzel / Herspéridées / Herpéridine / Hesperis / Hestehade / Hestekastanier / Hestermynte / Hestsoloie / Hetich / Heubane
490	0494	Heucheloup / Heuchera americana / Heufericon / Heulachtig schelkruid / Heulo / Hevea guianensis / Héverling / Hévi / Hexenmehl / Heydebienenkraut / Heydenkorn / Heyre / Hez / Hezarchasan / Hhenné / Hheve / Hi / Hiacinth / Hial de tierra / Hiam / Hiam-xuem / Hiang-tchang / Hiatula / Hibbuk / Hibiscus
491	0495	Hibiscus
492	0496	Hibiscus / Hibou / Hiddiba / Hièble / Hiedra / Hieracites / Hieracium pilosella
493	0497	Hieracium pilosella / Hierba / Hiérobotane / Hieromyrton / Hiéros-ichthys / Hierpe / Hierre / Hierro / Hierstungue / Hiertenfryd / Higos de pela / Higuiero / Hilbuya / Hiltit / Himantopus / Himbaer / Hin-yen / Hinanno / Hind baer / Hinde / Hindischkrautstengel / Hindloeuff wurzel / Hinduanah / Hindweed / Hing / Hing-tchou / Hinga / Hinghurupyali / Hingisch / Hingst / Hingu / Hinhuru pecalliculla / Hinnulus / Hinnulus / Hinpus / Hint / Hintchy / Hinujo / Hiort / Hiortetakke / Hiortetalg / Hiortetonghe / Hipecacuana
494	0498	Hipocistensaft / Hippace / Hippelaphus / Hippo / Hippocampe / Hippocantharus / Hippocastanum / Hippocolla / Hippocratea comosa / Hippocrepis comosa / Hippoglossus / Hippoglossum / Hippolapathum / Hippolithe / Hippomane
495	0499	Hippomane
496	0500	Hippomane
497	0501	Hippomane / Hippomarathrum
498	0502	Hippomarathrum / Hippophaerhamnoides / Hippophyon / Hippopotamus
499	0503	Hippopotamus / Hipposelinum / Hipposeta / Hippotriorchis / Hippuris vulgaris / Hippurus / Hira bol / Hirare / Hircine / Hirculus / Hircus / Hirondeau / Hirondelle / Hirsbaden / Hirsch / Hirschbad / Hirschberg / Hirschheil / Hirschherzbein / Hirschhorn / Hirschkraut / Hirschkreutz / Hirschpetersilje / Hirschtalg / Hirschtruffel / Hirschwurz / Hirschwurzel
500	0504	Hirschzunge / Hirse / Hirsehuf / Hirtentasche / Hirudinées / Hirudo
501	0505	Hirudo
502	0506	Hirudo
503	0507	Hirudo
504	0508	Hirudo
505	0509	Hirudo
506	0510	Hirudo
507	0511	Hirudo
508	0512	Hirudo
509	0513	Hirudo
510	0514	Hirudo / Hirundinaria / Hirundo
511	0515	Hirundo
512	0516	Hirundo
513	0517	Hirundo
514	0518	Hirundo / Hisopo
515	0519	Hispanach / Hispidula / Hispurus / Hissa / Histrix cristatus / Hitugu / Hivorahé / Hjorthorn / Hlucha / Hnuplungur / Ho-ang-lien / Ho nemo / Ho-tao / Hoa / Hoa-tché / Hoalcoalt / Hoactzin / Hoahoautli / Hoary plantain / Hoauhtototl / Hoaxinue / Hobby / Hobereau / Hobezé / Hobo / Hobokbok / Hobq / Hobus / Hoca / Hocco
516	0520	Hoche-queue / Hochotte / Hocos / Hod / Hoded aron / Hoefblad / Hoegebaer / Hoellegroes / Hoellrot / Hoelsendorn / Hoenderey / Hoeng / Hoens / Hoer / Hoermands harnisk / Hoernermohn / Hoerrdorbeet / Hoestfibler / Hoesthof / Hoestkastanie / Hoestrose / Hoestsyrae / Hoeter / Hof-geismar / Hofbalsam / Hofmelde / Hofrung / Hog / Hogazas / Hogslard / Hohlwurzlicher erdrauch / Hoid kaneel / Hoitzcolotli / Hoitzia mexicana / Hoitziloxitl
517	0521	Hoki-hao / Hokiak / Holcus
518	0522	Holcus / Holderschwaemmchen / Holguahuitl / Holli / Holly / Holly hock / Holocentrus / Holoconitis
519	0523	Holophyton / Holosteus / Holosteum / Holothuries / Holy herb / Holy-well / Holz / Holzhausen / Homalium / Homard / Hombac / Hombrecillo / Homme
520	0524	Homme
521	0525	Homme
522	0526	Homme
523	0527	Homme / Homoenomoeos / Homoeopathique
524	0528	Homoeopathique
525	0529	Homoeopathique / Homonia / Homos / Honde / Hondouville / Hondsgras / Hondsmoos / Hondspetersilie / Hondsroos / Hondsschaft / Hondstong / Honey / Hong-chan / Honig / Honing-bye / Honnay / Honning / Honoré (Saint-)
526	0530	Honoré (Saint-) / Honung / Hooper / Hopfen / Hopfengeissmar / Hopfenklette / Hophéreth / Hoppe / Horau / Horça branca / Horda / Hordéine / Hordeum
527	0531	Hordeum
528	0532	Hordeum
529	0533	Hordeum / Hordlicze / Hordy / Horec / Horg / Horke mandle / Horky / Hormin / Horn-fish / Horn-owel / Horned rye / Hornel valmue / Horngryn / Hornhecht / Hornig valmoge / Hornmagsaamen / Hornsille / Horse / Hortela / Hortia brasiliana / Hortulana / Hortybel / Hosiam samum / Hoste / Hota / Hottentot-holland / Hou toumou
530	0534	houat / Houblon / Houille / Houmiri / Houndstongue / Houo / Houp / Houperou / Hourite / Housson / Houtarde / Houtou / Houx / Hovare / Hovblad / Hovenia dulcis / Hovurt / Howlet / Hoxocoquomaclit / Hoya / Hresna / Hromowe korenj / Hrosnjeck / Hroznowa bylina / Hu-chu-u / Hu-tseaou / Huaco / Huarituru / Huart / Huas-sild / Huben / Hubertia ambavilla / Hubris / Hucacou / Hucare / Hudhud / Huefos del corazon de ciervo / Hueron / Huet
531	0535	Huevo / Huexolote / Huflattich / Hugium / Hugonia mystax / Huhn / Huhnerdarm / Huhnereyer / Hughnerschmalz / Huhu / Huhuy / Huid / Huile
532	0536	Huile
533	0537	Huile
534	0538	Huile
535	0539	Huile
536	0540	Huile animale de dippel
537	0541	Huile animale de dippel
538	0542	Huile
539	0543	Huile
540	0544	Huile
541	0545	Huile
542	0546	Huile
543	0547	Huile
544	0548	Huile
545	0549	Huile
546	0550	Huile
547	0551	Huile
548	0552	Huile
549	0553	Huile / Huisenblase / Huitre / Huitrier / Huitsippa / Huiz tomate / Huldah / Huldie / Hulfswurz / Hullfist / Hulotte
550	0554	Hulque / Hulst / Hulud / Humechle / Humectans / Humle / Humula / Humulus
551	0555	Humulus
552	0556	Humulus
553	0557	Humulus / Hunan / Hund / Hundebaer / Hundeboer / Hundegroes / Hundetungue / Hundmossa / Hundred leav'd rose / Hundsflechte / Hundskamille / Hundskurbsenwursel / Hundsmelten / Hundspetersilie / Hundsquecken / Hundsrebe / hundsrofva / Hundsrose / Hundsschmalz / Hundstagg / Hundsveilchen / Hundszunge / Hundtonga / Hungarian hawk weed / Huniure / Hunkel / Huns-hval / Hunsblas / Hunzil / Hupetup / Hupka / Hupling / Huppe / Hura crepitans
554	0558	Hura crepitans
555	0559	Hura crepitans / Hurio / Huron / Hurruktail / Hus / Husarfroe / Husbloes / Husen / Husslook / Husynuzka / Hutiladih / Huts'elle / Huulurt / Huusloeg / Hvalroff / Hvid / Hvide lilie / Hvidlog / Hwassbuk / Hwit / Hya-hya / Hyacinthe / Hyacinthus
556	0560	Hyacinthus / Hyaena / Hyaenanche globosa / Hyalos / Hybentorn / Hyboucouhu / Hydnocarpus inebrians / Hydnon / Hydnora africana / Hydnum
557	0561	Hydnum / Hydracides / Hydragogon / Hydragogues
558	0562	Hydragogues / Hydragogum boylei / Hydrastis canadensis / Hydrate / Hydrargyrum / Hydrargyrum
559	0563	Hydrargyrum / Hydrelaeum / Hydriodate / Hydriodique / Hydro calumma / Hydro-carbonate de cuivre / Hydrochloras / Hydrochlorate
560	0564	Hydrochlorate / Hydrochlorinas / Hydrochlorique / Hydrochloro-nitrique / Hydroconion / Hydrocotyle / Hydrocyanates / Hydrocyanique / Hydrogala
561	0565	Hydrogala / Hydrogène
562	0566	Hydrogène
563	0567	Hydrogène
564	0568	Hydrogène / Hydrogeno-sulphuretum ammoniae / Hydroglossum scandens / Hydrogures / Hydrolapathum / Hydrolats / Hydrolea / Hydrolés / Hydroliques / Hydromels
565	0569	Hydrophthorates / Hydrophylax maritima / Hydropiper / Hydrosaccharum / Hydroselinum / Hydrosilicate de zinc / Hydro-sulfate / Hydrosulphuretum / Hydrothion / Hydrothionique / Hydrotiques / Hydroxures / Hydroxyde de fer globulaire / Hydrures / Hydrus / Hyène / Hyéromyrton / Hyguerillo / Hyld / Hymenaea
566	0570	hymenaea
567	0571	Hymenaea / Hyménoptères / Hyoscyamine
568	0572	hyoscyamine / Hyoscyamus
569	0573	Hyoscyamus
570	0574	Hyoscyamus
571	0575	Hyoscyamus
572	0576	Hyoscyamus
573	0577	Hyoscyamus
574	0578	Hyoscyamus
575	0579	Hyoscyamus / Hyoseris caliculata / Hyova / Hypecacuanha / Hypecoum procumbens / Hyperanthera moringa / Hypéricées / Hypericono / Hypericum
576	0580	Hypericum
577	0581	Hypericum
578	0582	Hypericum / Hyperoxalas potassae / Hyperoxodes / Hyperoxymuriates / Hypersulphas aluminae et potassae / Hypertartras potassae / Hyphaene / Hyphear / Hypnoticon / Hypnotiques
579	0583	Hypnotiques / Hypoboras sodae / Hypocarbonas / Hypochnus rubro-cinctus / Hypocistis / Hypocras / Hypodrys / Hypophaeston / Hyposulfites / Hyposulfureux / Hypoxylées / Hyppolite (Saint-) / Hyracleia / Hysop / Hysopo / Hyssope
580	0584	Hyssopus
581	0585	Hyssopus / Hysterapetra / Hystériques / Hysterolithos / Hystricite / Hystrix / Iaborandi / Iacinthus / Iamatologie / Iambhira / Iambo / Iammanco / Iangomas / Iapanisk jord et iapanische erde / Iaracatia
582	0586	Iaron / Iaruma / Iasug / Iata / Iaterie / Iati / Iatraleptique
583	0587	Iatraleptique
584	0588	Iatraleptique
585	0589	Iatraleptique / Iausibant / Iavorta / Iayapala / Iba biraba / Iba curu pari / Iba purunga / Ibametara / Ibara / Iberis / Iberus piscis / Ibex / Ibharankusha / Ibi ariba / Ibik / Ibipitanga / Ibiba / Ibiba obi / Ibibacen / Ibiracoa / Ibirapitanga / Ibirarema
586	0590	Ibirarema / Ibis / Ibisch / Ibiscus / Ibixuma / Icaco / Icaque / Iceland / Iceplant / Ichicoulili / Ichneumon / Ichthya / Ichthyelaeum / Ichtyocolla / Ichthyocolle / Ichtyologie / Ichthyothera / Icica / Icicariba / Icina / Icinglass / Iciquier / Icmane / Icterias / Icterus / Ictin / Ictis / Idda / Ide / Ides / Idou moulli
587	0591	Idou moulli / Ieble / Ieko / Iénatz / If / Igasurique / Ige / Igel / Igelsschottensussholz / Ighucami / Ignamas / Igname / Ignarucu / Ignatia amara / Igoana / Igrusine / Iguane / Iira / Ikan
588	0592	Ikan / Ikara-mouli / Ikingusa / Ikorn / Ilachie / Ilanda / Ilata / Ilavanga / Ilder / Ile-blanche / Ile-de-France / Ilex
589	0593	Ilex
590	0594	Ilex
591	0595	Ilex
592	0596	Ilex / Ilindai / Illecebra / Illerue / Illicium
593	0597	Illicium / Illipé / Illiteris / Illum / Illusor chymicorum / Illy-ammanoek / Ily
594	0598	Imber / Imbricaria / Imburana / Imgara / Immersion / Immortelle / Immra / Immutantia / Imnau / Imo / Impatiens balsamina
595	0599	Impatiens balsamina / Imperatoria
596	0600	Imperatoria / Impériale / Impostor chymicorum / Inaia-guacuiba / Inalel / Incarnatifs / Incendiaires / Incenso / Incertae sedis
597	0601	Incertae sedis / Inciensa / Incisifs / Incrassans
598	0602	Incrassans / Incumba / Indaansche saffraan / Indi / Indian / Indianische / Indianischer zimmt / Indianisk / Indianiske daktyle / Indicum / Indigènes
599	0603	Indigènes
600	0604	Indigènes / Indigo
601	0605	Indigo / Indigofera
602	0606	Indigofera / Indigotine / Indiot / Indische schlangenwurz
603	0607	Indraini / Indurans / Indyczk wirginiansky / Inébrians / Inf. / Infacti / Infusé / Infusions
604	0608	Infusions / Inga
605	0609	Inga
606	0610	Inga
607	0611	Inga / Ingber
608	0612	Ingesta / Ingever / Inghu / Inghura / Inghurdi / Inghuru / Ingin / Ingoa / Ingrain / Ingrédient / Ingu / Inguinaria / Inguroo / Inguva / Ingwer / Inhame / Inimboja / Inimhia / Injections
609	0613	Injections
610	0614	Injections
611	0615	Injections
612	0616	Injections / Injie / Inne / Innumma / Inocarpus edulis / Inoculation des virus / Inodores
613	0617	Inodores / Inophyllum / Inschi / Insectes
614	0618	Insectes / Insense / Insipides / Insolation / Instillation / Insufflation pulmonaire
615	0619	Insufflation pulmonaire
616	0620	Insufflation pulmonaire / Intchima / Intermède / Intestina terrae / Introdoco / Inub / Inubas saleb / Inula
617	0621	Inula
618	0622	Inula / Inuline / Inverleithen
619	0623	Inverleithen / Inviscans / Io-eul / Iodates / Iode
620	0624	Iode
621	0625	Iode
622	0626	Iode
623	0627	Iode
624	0628	Iode
625	0629	Iode
626	0630	Iode
627	0631	Iode
628	0632	Iode
629	0633	Iode
630	0634	Iode
631	0635	Iode
632	0636	Iode
633	0637	Iode
634	0638	Iode
635	0639	Iode
636	0640	Iode
637	0641	Iode
638	0642	Iode / Ioedekirsboer / Ion / Ionidium / Ioniscus / Ionites / Iono / Iontitis / Ionygron / Iopes / Ios / Ipécacoanha / Ipecacuan / Ipécacuanha
639	0643	Ipécacuanha
640	0644	Ipécacuanha
641	0645	Ipécacuanha
642	0646	Ipécacuanha
643	0647	Ipécacuanha
644	0648	Ipécacuanha
645	0649	Ipécacuanha
646	0650	Ipécacuanha
647	0651	Ipécacuanha
648	0652	Ipécacuanha
649	0653	Ipécacuanha
650	0654	Ipécacuanha
651	0655	Ipécacuanha
652	0656	Ipécacuanha
653	0657	Ipécacuanha / Ipekakuany / Iperucuiba / Iphyon / Ipo / Ipomea / Ippelaphos / Ippocastano / Ippu / Ipsus / Iquetaya / Irabubo / Iragno / Irai / Iraiba / Iramusu / Iranja / Irapa / Iraxchis / Ireos / Irida gialla / Iride di firenze
654	0658	Iridées / Iridium / Irigenium / Irimusu / Irio / Iripa / Iris
655	0659	Iris
656	0660	Iris
657	0661	Iris
658	0662	Iris
659	0663	Iris / Irminakullie / Iron / Irouda / Irritans
660	0664	Irritans / Irsa / Irsiola / Irungus / Isaba / Isada / Isaea / Isard / Isatine / Isatis tinctoria
661	0665	Isatis tinctoria / Isca / Ischoemon / Ischas / Ischia / Ischys / Isfenj
662	0666	Isidium / Isidro / Isis
663	0667	Isis
664	0668	Isis / Iskil / Islande / Islandskmoos / Ismud / Isoert / Isolyne / Isop / Isopum / Isopyron / Isopyrum / Isora-mune / Ispanhac / Ispida / Isplante / Ispoghol verei / Isrenj / Issalou / Issel / Issong
665	0669	Issopo / Ister / Istorak / Itaiba / Italie / Itasisa / Itea / Itekivdlek / Ithyphalle / Itiandendros / Itmoitmohan / Ito-sakira / Itoubou / Ittaka / Ittiocolla / Itty-alu / Itys / Iudenkirschen / Iudenpech / Iufa / Ium sin durum / Iumal gota / Iungferwurzel / Iunggesell enknopf / Iuquiri / Iva
666	0670	Ivette / Ivira pruriens / Ivoire / Ivraie / Ivresse / Ivy / Iwinka / Ixia / Ixine / Ixora coccinea / Izari / Iztac-coanene pilli / Jaarlyks binglkruid / Jaarlykse spaansche peper / Jabébirète / Jabes / Jabiru / Jablon / Jabonera / Jabora / Jaborandi
667	0671	Jaborosa / Jabotapita / Jabotière / Jabu-ninsin / Jabuticaba / Jaca / Jacabanna / Jacape / Jacapecanga / Jacapucaya / Jacaranda brasiliana / Jacaratia / Jacareabsou / Jacée / Jack-daw / Jacinthe / Jacinto orientale / Jacintos / Jack / Jackaashapuck / Jackas hapuch / Jacob-evertzen / Jacobée
668	0672	Jacobskraut / Jacode / Jacoupens / Jacquerotte / Jacquier / Jacua acanga / Jacuacanga / Jacuah / Jacuan / Jacula lapidea / Jaculus / Jacuta / Jade
669	0673	Jade / Jadicai / Jaeck / Jaee / Jaggoug / Jaggrée / Jagua / Jaguar uaca / Jahannisbroed / Jahetuh / Jahuquère / Jai aking / Jaifol / Jaiphul / Jais / Jajikaia / Jakszebina / Jala / Jalap / Jalapa / Jalapae / Jalapine
670	0674	Jalapine / Jalappa / Jalappe / Jalappwurzel / Jalapy / Jaleni szczaw / Jaleyrac / Jalousie / Jalowiec / Jamacaru / Jamahen / Jamaica pepper / Jamaicine / Jamaikanischer pfeffer / Jamaique / Jambarandy / Jamboa / Jamboe / Jambolana / Jambolin / Jambon
671	0675	jamnicza / Jamrose / Jana bylina (Saint) / Janagi / Janangi / Jandou / Jang-jang / Jangomas / Janipaba / Janiparandiba / Janipha / Janji / Janlopes / Jano / Janogi / Janqueti / Jansbrood / Jansonna / Jantar / Jaoubert / Jaoubertasse / Japalu / Japan earth / Japarandiba / Japatri / Japhul / Jaqua / Jaqueira / Jaques / Jaquet / Jar / Jarak / Jaralnare / Jaramago / Jaranang
672	0676	Jarbao / Jardin médical / Jardinier / Jarga / Jargon / Jarilla / Jarkspar / Jarnote / Jaro / Jaroba / Jarosse / Jarra / Jarrafa / Jarrinha / Jarro / Jarrus / Jars / Jaruba / Jaruk manis / Jarzabek / Jas / Jascolcze ziele / Jaseran / Jaseur / Jasia / Jasin / Jasjibo / Jaskotcze ziele / Jaskotka / Jasmin
673	0677	Jasmin / Jasminum / Jaspachates / Jaspe / Jaspis orientalis / Jass / Jassa / Jaszezarra / Jatahy
674	0678	Jatiphala / Jatipullum / Jatopa / Jatropha
675	0679	Jatropha
676	0680	Jatropha
677	0681	Jatropha
678	0682	Jatropha
679	0683	Jatropha / Jatrophique / Jaujac / Jaunau / Jaune / Jaus / Jausiband / Java / Jave / Javilla / Javols / Javor / Jawa-wut / Jawee-jawée / Jawesheer / Jay / Jayama / Jayaphala / Jayet
680	0684	Jayet / Jazwetz / Jazzolo / Jeajeamadou / Jean-du-Brueil (Saint) / Jean-de-Glaines (Saint) / Jean Lopez
681	0685	Jean Lopez / Jean-sur-Maine (Saint) / Jean-de-Seirargues (Saint) / Jeannette / Jeaunelet / Jebat / Jebet / Jeca / Jecko / Jecoraria / Jecur marinum / Jeczmieh / Jedwabniczka / Jeffersonia binata
682	0686	Jei / Jeissoku / Jelek / Jelen / Jelesnaja / Jelve / Jembier / Jemiel / Jenbaku / Jendiu / Jenko-so / Jera manis / Jerain / Jerboa / Jern / Jernotte / Jernurt / Jeroc manis / Jérose / Jerrek-li-pis / Jersey / Jeruk / Jeruklegi / Jerusalemsartischocke / Jerusalem's oak / Jesen / Jesion / Jessamine / Jesse / Jesziotr / Jeta / Jetaiba / Jetki / Jeticucu / Jetimadh / Jeudi / Jeukboontjes / Jew's ear / Jews pitch / Jewul latu / Jez / Jezar / Jezyny / Jiito / Jin-chen
683	0687	Jintan / Jira / Jirasol tuberoso / Jutsérar / Jlukirie / Joannesia princeps / Joannete / Joannette / Job / Jocan prectoe / Jode beeg / Jodoriki / Joehriges bingelkraut / Joelk / Joernoert / Johannesbad / Johannisbrod / Johanniskraut / Johanniswurzel / John's wort (Saint) / Johnsbread / Joksan / Jol / Jolibois / Joliffia africana
684	0688	Joliffia africana / Jomon / Jonah / Jonas / Jonc / Jonci cheiroso / Jonco odoroso / Jonquille / Jonthlaspi / Jopskarfr / Joramos / Jordboer / Jordeable / Jordgalla / Jordhumble
685	0689	Jordhumle / Jordoeble / Jordpoeron / Jordrefwa / Jordroek / Jorga (San) / Jorope / Jotlenboom / Jouan (Saint-) / Joubarbe / Jouflu / Jouhe / Joui / Jouzirumie / Jovis glans
686	0690	Jowaen / Jowz / Jowzalteib / Joyeuse / Ju / Juapecanga / Jubaba / Jubaea spectabilis / Jubéti / Jubis / Juca / Juckende faseln / Jud-cock / Judaicus lapis / Juda's ohr / Judebeck / Judekoersboer / Judelle / Judenweyrauch / Judwar / Jueil / Jugargen / Jugeoline / Juglans
687	0691	Juglans
688	0692	Juglans
689	0693	Juglans
690	0694	Juglans
691	0695	Juglans / Juif / Jugevtree / Jujubes / Julep / Julien / Julis / Julus terrestris / Jument / Juncago / Juncaria / Juncia / Juncus / Jungfrumarioelin / Junglie / Juniper
692	0696	Juniperus
693	0697	Juniperus
694	0698	Juniperus
695	0699	Juniperus
696	0700	Juniperus
697	0701	Juniperus
698	0702	Juniperus / Juniperus / Junonia / Jupicai / Jupiter / Jura / Jurema / Juricuara
699	0703	Juriola / Juripeba / Jurucua / Jurumu / Jus d'herbe / Jusculum / Jusquiame / Jussieua repens / Justemont / Justicia
700	0704	Justicia
701	0705	Justicia
702	0706	Justicia / Juu / Juvia / Juwasa / Jynx / Ka / Kaad / Kaas / Kaasurt / Kaate / Kaawy / Kabber / Kabebeh / Kabel / Kabelaaw / Kabeliau / Kabrie / Kabu / Kachchi jezicacii / Kacherygni / Kacho / Kachtelong / Kaczka / Kadagaroganie
703	0707	Kadaghoo / Kadali / Kadanaku / Kaddig / Kade-canny / Kaderawa mata / Kadh / Kadi / Kadidlo / Kadis manis / Kadj koren / Kadmium / Kadukai / Kadzidlo biale / kaehbli / Kaejan / Kaekuria / Kaempfera / Kaertlutok / Kaeyke / Kaf-marjam / Kafal / Kaftaar / Kafur / Kagado d'agoa / Kagiu / Kaglerisvare / Kagske gablko / Kaha / Kahinana / Kahkkari / Kahleh / Kahower / Kahrub / Kaia / Kaiantagarie / Kaida / Kaieput / Kaiet
704	0708	Kaikouk / Kaimanis / Kainktchitch / Kaiser-franzensbad / Kaiserwurzel / Kajoular / Kaka-kodi / Kakacollie verei / Kakaniaria / Kakapu / Kakeleh seghar kakerlaque / Kaki / Kakibi / Kakich / Kakichempu vittilu / Kakilisak / Kakkok / Kakmari kebinge / Kakuc-fiu / Kakusju / Kala / Kalady paal / Kalakusturi / Kalanduru / Kalawel / Kalb / Kalbsnase / Kalef / Kalender / Kalengi-kanjava / Kaletchi-cheddy / Kalfur / Kali
705	0709	Kali / Kalikutkie / Kalinkan / Kalk / Kalkan / Kalkon / Kallaturholz / Kallmus / Kalmia / Kalmie darchinie / Kalmitkié oreki / Kalmus / Kalt-bad
706	0710	Kalt-bad / Kalumb / Kaluschka / Kaly mirchingay / Kamachie kussu / Kamaeh / Kamal / Kaman derle / Kamarangha / Kamas / Kambalo / Kambang / Kambrah / Kameactis / Kameel / Kameelheu / Kamerup / kametroed / Kamfer / Kamichi / Kamiene nacze / Kaminruss / Kamiri / Kamlias / Kammoun / Kamo uri / Kamouki / Kampfer / Kampferkraut / Kampfert / Kamzykowi koren / Kan-lachu / Kanadisk terpantin / Kanahl / Kanari / Kanasch / Kanawa
707	0711	Kanda margarittum / Kandamurgarittum / Kandel / Kandische beerwortel / Kandolu / Kaneel / Kanguroo / Kanin / Kanior / Kankam / Kanki / Kanna / Kannwa-koraka / Kannenkraut / Kanop / Kansjira / Kantchan / Kanub / Kanvisto / Kanyangtsyen / Kaoué / Kaoutschok / Kapa-tsjakka / Kapas / Kaphan / Kaphtar / Kapikachlin / Kapisalirksoak / Kapiselikan / Kapittha / Kaplico / Kapoch / Kapol / Kappa-kelengu / Kappary / Kappernstrauch / Kaprodj / Kapu kinaissa / Kapur / Kapurrimba / Kara-imo / Karabé
708	0712	Karabé / Karabe arabum / Karabila / Karabique / Karach / karad / Karaebu / Karagagu / Karakaxa / Karambou / Karaouih / Karapat / Karasiae / Karata / Karatas / Karborre / Karbus / Karchura / Kardamom / Kardamomen / Kardbenedykt / Kardemumma / Kardus marye / Karetela / Kargos / Kariil / Karin-njoti / Karinth / Karkan / Karkolix / Karleksoeple / Karlowary / Karlsbad / Karmouth / Karoob / Karorepa / Karout / Karpffen stein / Karpoorawulie / Karruwa puttay / Kartam / Kartoffel
709	0713	Karu-inschi hua / Karua / Karuba / Karuk / Karuku / Karumb / Karup / Kasamak / Kasbas / Kaschap / Kaschiu / Kaschu / Kachunussbaum / Kasiro / Kasjuo-kadsura / Kaskarili / Kaskarilla / Kaskarille / Kasmihajanma / Kassienrinde / Kassya / Kastor / Kasztan owdzikich / Katabami / Kataf / Katantag / Katapal valli / Kataping / Katchandan / Katechusaft / Kateping / Kateth / Katfjula kelergu / Katgroes / Katjang-baly / Kathaan / Katon carua / Katoo karoganie / Katou-cona
710	0714	Katou-inschi-kua / Katour / Katouvoua / Kattenkruid / Katteurt / Kattfoeter / Kattira / Kattmynta / Kattost / Katu-murungha / Katuka bekula poda / Katukaroganie / Katurohini / Katzenfoetchenrheinblume / Katzenmunze / Katzentroeublein / Kaubquappe / Kauke / Kaulkopf / Kaumaka / Kaunchkurikebinge / Kaundum / Kautschuk / Kauwa / Kava / Kavauche / Kavia / Kavit kagond / Kaw / Kawa / Kawe / Kawias / Kawo richi / Kayaputi tayilam / Kaysersalat / Kayu-legi / Kayu-putieh / Keang whang / Kebabeh / Kebir / Kechr / Kedondon / Kegger / Kegleh / Kegul
711	0715	Kei / Keigam-gebeli / Keilhaut / Keiri / Kekropis / Kelin / Kell / Kelleressel / Kellerhals / Kelor / Kelp / Kelterwurm / Keluk / Kelum / Kema / Kemas / Kembally / Kemmfisch / Kemne / Kemum / Kenard / Kencololo / Kendal / Kenge / Kenkramos / Keno / Kenreboom / Kensin / Kentauris / Kentucky / Kepoeendoeng-merak / Kepur / Kerafs / Kerbeisser / Kerbel / Kerbljk
712	0716	Kerc'heiz / Kerenful / Kerfé / Kerir / Kermès / Kermia / Kerna / Kernulbehr / Kerse / Kervaon / Kervel / Kerylos / Kerzchre / Kes / Kesesa no abra / Késitach / Kesmesen / Kestchecke / Kestenholtz / Kesum / Katat / Keth / Keti / Ketmia aegyptiaca / Ketmie / Kets / Ketshch / Ketsihah / Ketzioth / Keu / Keuchlin / Keukenschelle / Keulen / Keuschbaum / Kevel / Keychawka bjla / Keysur / Keyx / Kezere / Kha-phaim
713	0717	Kha-phaim / Khaatk / Khaman / Khanek-ulkeb / Khar khafty / Kharakhira / Kharaq-el-bahr / Kharchouf / Khawan pican / Khelbenah / Kherbeck siya / Kherbek aswed / Kherzehreh / Khétal / Khi-ngai / Khohun / Khorassanie-ajuan / Khowkh / Khoyla / Khschira / Khulinjan / Khull / Khullu / Khumar / Khungumapu / Khunisyawaschan / Khunkumapuhu / Khur nibil alfie / Khurrie muttie / Khusb sinie / Khuschkhasch / Khusif / Khusrudaru / Khyar-chambar / Kibi / Kichidie pundu / Kichlie / Kickererbsen / Kiefer / Kiel / Kielderhels / Kielmeyera speciosa
714	0718	Kiericha wodnj neb potocnj / Kiet-tuong-hoa / Kievit / Kiferhwitt / Kiff / Kifitz / Kik / Kikajon / Kikak-kusi / Kikekunemalo / Kiki / Kikoerter / Kikoku-so / Kilioorum puttay / Kilogramme / Kimbuta / Kimkeca / Kin-kouang-tse / Kin-yu / Kina
715	0719	Kina / Kinabark / Kinakina / Kinam / Kinarot / Kinates / Kindeis / Kineringfis / King-king / Kinghu / Kinique / Kinine / Kinju / Kinkin / Kinkina / Kinnamon / Kinneh / Kino
716	0720	Kino
717	0721	Kino
718	0722	Kino / Kinogummi / Kinorrhodon / Kinsa / Kinsbast / Kio / Kioellkrassa / Kiorpa / Kiracaguero / Kiras / Kiri / Kirikohomba / Kirmeu / Kirnub / Kirsch / Kirschengummi / Kirschfink / Kirschlorbeerbaum / Kirse / Kischmish / Kischniz / Kischou / Kischta
719	0723	Kislawodskoi / Kissaros / Kissina / Kissingen / Kitamerdu / Kite / Kitran / Kitsjing / Kitta / Kittan / Kittelsheim / Kitul / Kitz / Kiu-hoa / Kiu-tzé / Kiun
720	0724	Kiusiu / Kiwach / Kjebrjcek / Kjo / Kjoo / Kla / Kladden / Klake / Klaper / Klapperose / Klapperschlangenwurzel / Klatschrose / Klauenfett / Klebkraut / Kleefkruid / Kleen egelkolen / Klein duizend knoop / Kleine / Kleiner / Kleines hauslauch / Kleppe / Klette / Kletter / Klibadion / Klinotrokon / Klippfisch / Klipspringer / Klisse / Klissen / Klit / Klobwurst / Kloeffet / Kloek / Kloende boenne / Klojoeske / Klokocka / Klopfpulver / Klorzez
721	0725	Klouva / Klyf / Klyl / Kmen winmy / Kmin / Kmjn laucnj / Knah / Knakente / Knapper / Knee holly / Kneip / Kneppanden / Knoblauch / Knoblauchkraut / Knoblauchsgamander / Knoflook / Knolenblumigermerk / Knollenwurz / Knolliger / Knollwartige ranonkel / Knoopkruid / Knorrheaen / Knotgrass / Knotige braunwurz / Knottz rooted figwort / Knoutwyl / Knowltonia vesicatoria / Ko / Ko-muggi / Koakoutchitch / Koba / Kobalt / Kobbeize / Kobbergroent / Kobeber / Kobold / Kochsalzsoeure / Kocicy korenj / Kodakadduruatta / Kodda-pail / Kodi-pullu / Kodimundrie pullum / Kodoga Saleh / Koebeben / Koebilde / Koekkesbloem
722	0726	Koelilaban / Koenda / Koeniglein / Koenigshutte / Koenigskerzenkraut / Koenigskraut / Koenigsscepter / Koernerlack / Koers / Koersboerskada / Koesen / Koéto / Koffol / Koffy / kofred / Kogelkruid / Kogut / Kohl / Kohlbaum / Kohle / Kohlgoen sedistel / Kohornak / Koiez / Koiwiek / Kokamari / Kokeljes / Kokob / Kokoryczka / Kokoschutz / Kokosz / Kokot / Kokotice / Kol / Kol-quall / Kola / Kola / Koldriki / Kolinyane / Kolkos / Kolla / Kolnjk / Koloquint
723	0727	Kolumba / Kolumbowurzel / Koma-no-susu / Komatsutsura / Komburruk / Kommitri / Komonica swoyska / Komonice / Komunkus / Komyn / Kon / Kona-subbi / Kondoshonay-kalung / Konessrinde / Konfoubah / Kongelys / Koniginne kruid / Konjaka / Konjtrud / Konkommer / Konneby / Konnekai / Konni / Konop / Konsionell / Konske kopyro / Konwalion / Koo jamogi / Kooamaoo / Kooi / Kooki / Kooki / Kookua / Koolduif / Koole / Koolzaad / Kooma / Koop / Kooso / Kop-sild / Kipaibalsam / Koper
724	0728	Kopergroen / Koperwiekje / Kopi / Koppar / Koppen / Koppervitricor / Kopr / Kopriwa paliwa neb wetssj / Koprnjk / Kopytnik / Kora / Koras / Korasanie omum / Korao / Koray mutay / Korcheiche / Kordrum / Koré / Korei-kikf / Koren chyny / Koriander / Korkaen / Korkboom / Korketroe / Korkofédo / Korktroed / Korn / Korn-skirka / Korna nebu / Kornfink / Kornros / Koromegyn / Koromsap / Koroschanum / Korp / Korrat / Korsblomster / Korsboer / Kortom / Koryandr / Korydalos / Korze ziele pepawy / Korzen
725	0729	Korzen / Kosak / Kosambiliwail / Kosaria / Kosatec / Kossaeib / Kostiwal / Kostum / Kostus / Koszcka / Koszodrewina / Kot-hahn / Kota / Koterce / Kottlerche / Kou / Kou-chu / Kouahh / Koualle / Kouémé / Koulan / Koumaka / Koumis / Kourbarilharz / Kouron-dou-gaha / Kouroulou / Kousbarah
726	0730	Kouseband / Kowal / Kowipa / Kozielek / Kozljk velssj / Koztkowy zozlki / Kpoflockruid / Kraftmeei / Kragafod / Kralowsky swalnjk / Krambs vogel / Krameria
727	0731	Krameria
728	0732	Krameria
729	0733	Krameira / Kramérique / Kramfort / Kramsky hrebjcek / Kran / Kranz / Krap / Krapp / Krappwurzel / Kras-toelang
730	0734	Krasna gousse / Krasowlasck / Kraspaja ryba / Krastownik / Kratou / Kratzschot / Krause munze / Krauser ampfer / Krebsaugen / Krebstein / Kreeftsteen / Kreen / Kreidenelken / Kren / Kretischer dosten / Kretoglow / Kretsky dyptam / Kreutzblumen / Kreutzblumenkraut / Kreutzkraut / Kreygeboertorn / Kricken van over zee / Kride / Kriechender Ginzel / Kriessduve / Krita / Krochmal / Krockle / Kroeftstenar / Kroefurt / Kroehenauge / Kroehenfuss / Kroekrot / Kroen / Kroetenstein / Kroetswurz / Krogulek / Kromada / Kromb-ruch / Kron-hiort / Kroneberg / Kropfbetterlaus / Kropidelco Mncysze / Kroppegroes / Kruidnagel / Kruisbezie / Kruisbloem / Kruisdistel / Kruizenmunt / Kruk
731	0735	Krumb / Krumbholzoel / Krusemynte / Kruset skreppe / Krusmynta / Krustestel / Kruszy kamien ziele / Kruszyna / Kryddboena / Kryddnegliker / Kryddpepper / Kryde nellike / Krye / Krzistela / Ksik / Kua / Kuaka neshastah / Kuamau / Kuara / Kubeba / Kuchandana / Kuchensalz / Kuchenschelle / Kuchenschellewindblume / Kuchila-luta / Kuchla / Kuckuck / Kudakalua / Kueekgras / Kufur / Kugelblomst / Kughei / Kuhkornklee / Kuhkroetze / Kuhmilch / Kuhpeterlein / Kuijcken / Kuischboom / Kukhur / Kuknar / Kuko / Kuku / Kukul / Kukus / Kul sukkerod / Kulai / Kullosiklud
732	0736	Kummel / Kummen / Kumukus / Kuna / Kundel / Kundir zuchir / Kunghir / Kungsljis / Kunigundsurt / Kunjid / Kunjudeh / Kunkume / Kunthia montana / Kunzendorf / Kupfer / Kupfernickel / Kupur / Kur / Kurdwan / Kuri / Kurimi / Kurimor / Kuringkal / Kurkum / Kurst / Kurtlik / Kurundu / Kurza noga / Kurze iaia / Kus-no-ki / Kuschtam / Kusseb bewa / Kusset alderireh / Kust tulk / Kustowrie / Kustura / Kut / Kutaja / Kutaka / Kutchur / Kutna / Kuwitz / Kuzbaret-el-byr / Kwak
733	0737	Kwas / Kwaszu / Kwee / Kwetschenwasser / Kwikzilva / Kyaputi ka tail / Kyndel / Kyvitta / Kzewina / Kzimbaba / Kzjmsky oneb sskrkawicny hrach
