page	refimg	chapitre
[sans numérotation]	0001	[Page de faux-titre]
[sans numérotation]	0002	Ouvrages de M. Mérat qui se trouvent chez le même libraire
[sans numérotation]	0003	[Page de titre]
[sans numérotation]	0004	Préface
VI	0005	Préface
VII	0006	Préface
1	0007	Supplément au Dictionnaire Universel de Matière Médicale et de Thérapeutique Générale / A-poo / Abaca / Abama / Abbatsjogo / Abelicea
2	0008	Abhal / Abies / Abnous / Abobra / Abobrinha do mato
3	0009	Abricot d'Amérique / Absac / Abou-Fouroa / Aboulschamm / Abrus / Absinthe de Galien / Absorbans / Abuta Flavescens / Acacia
4	0010	Acacia / Acapaiston / Acaciroba / Acafrao
5	0011	Acajou de gambie / Acanthospermum Xanthioides / Acarna / Acer / Acetosella / Achaemenium Costum / Achaovan Abiat / Ache d'eau / Ache des marais / Achillea / Achite / Achit / Achras
6	0012	Achras / Achupalla / Acide
7	0013	Acide
8	0014	Acide / Acidie / Acimine / Acipenser / Aconit / Aconitine
9	0015	Aconitine / Aconitum
10	0016	Aconitum / Acorus Calamus
11	0017	Acqua Sancta / Acridium / Acrivolia / Acroclidium Camara / Acrocomia Sclerocarpa / Acrocorion
12	0018	Acrosticum / Acataea Racemosa / Actinophyllum angulatum / Acupuncture
13	0019	Acupuncture / Acuti / Adaerca / Adamaram / Adansonia / Adape-Tian-Keing / Adathoda / Adenopeltis / Adenoropium Opiferum / Adeps pavonis / Adjoué / Adottus / Adoxa Moschatellina
14	0020	Ads / Aechaemenis / Aegagre / Aegagropile Marine / Aegilops / Aegle Marmelos / Aegylops / Aerugo / Aeschynomene Aspera / Aesculus Hippocastanum
15	0021	Aesculus Hippocastanum / Aesculus / Aethiopis / Aethusa / Aextoxicum Punctatum / Afoulh / Afrique / Agalloche / Agamie de Cayenne
16	0022	Agaric / Agaricus / Agave americana
17	0023	Agave Americana / Agatophyllum / Age / Agi / Agihalid / Agnanah / Agnau de Cernières / Agnau de Tartarie, Agneau Végétal / Agnotes / Agoucle / Agria / Agromo / Agrumi / Agua Raz / Agura-Quiya / Aguti / Ahée / Ahlilei / Ahouai / Aigle de mer / Aigrette de bois / Ail / Aimant
18	0024	Aimer / Aipi / Air comprimé
19	0025	Air comprimé / Aix en Provence / Aix en Savoie / Aizoon / Ajonc
20	0026	Ajuapar / Ajubatipita / Aki / Akouchy / Akound / Alafreira / Alago / Alah / Alalonga / Albotin / Album Candiense / Albumine / Alcaja / Alcalis
21	0027	Alcalis
22	0028	Alcalis
23	0029	Alcalis / Alcaloides / Alcana / Alcassus Bravo / Alcassuz / Alcalcaz / Alchimie / Alcionelle des Etangs / Alcomeli / Alcool
24	0030	Alcool / Alcornoque / Alcyonium / Alecrim do campo / Alecrim bravo / Alekonde / Alençon / Alève / Alexandria-Troas / Alga / Algérie / Alfalfa / Alfavaca da Cobra / Algarrobo / Algorovilla / Alhagi / Alhuzar
25	0031	Ali / Alicastrum / Aliment
26	0032	Aliment / Alimone / Alisari / Alise / Allemagne / Alletari / Allevard / Alliage Fusible de Darcet / Alliaria
27	0033	Alliacée / Alliez / Allium
28	0034	Allopathie / Allouchier / Allyre / Almecegeira / Almendron / Alo / Aloe / Aloès / Aloès de la barbade
29	0035	Aloès / Alpinia / Alqaly / Alstroemeria Salsilla / Alte / Althaea / Altingia / Alum / Alumine
30	0036	Alumine / Alun
31	0037	Alun / Alypayon
32	0038	Alyxia Reinwardti / Amadou / Amaigrissants / Amalago / Amandes de Rio-Grande / Amanita
33	0039	Amanita / Amaracos / Amaranthus Tricolor / Amarinier / Amryllis Toxicaria / Ambassa / Ambavatzi / Ambel / Amboule / Ambre / Ambrosia Maritima / Ambulam / Amélanchier / Amenari
34	0040	Amenari / Amer cinchonique / Amère-Douce / Ameri / Amertume / Amidine / Amidon / Ammanita / Ammi
35	0041	Ammoniaque
36	0042	Ammoniaque
37	0043	Ammoniaque
38	0044	Ammoniaque / Ammonifera / Amomum / Ampelos Agria / Amphion / Amrita / Amsion / Amulette / Amuyon
39	0045	Amuyon / Amygdaline
40	0046	Amygdaline / Amygdalus / Amyris
41	0047	Amyris
42	0048	Amyris / Anacahuita / Anacardium Officinarum
43	0049	Anacardium Officinarum / Anadiomène / Anagyris foetida / Analeptiques / Anananseira / Anas / Anastatica
44	0050	Anatherum Bicorne / Anatripsologie / Anchusa Tinctoria / Ancistrum Argenteum / Anda / Andiroba / Andjoudan / Andouillers / André d'Apchon / Andromeda Mariana / Andropogon
45	0051	Andropogon / Anahoa / Andi / Andyra / Andiroba / Ane des Indis / Anemone limonia / Anétiques / Anghivi / Angelot / Angico / Angico / Angleterre / Angostora Cuspare
46	0052	Angoure / Anguille de Haie / Anguis Odoratus / Anguivi / Angusture / Anicot / Aniga / Anima articulorum / Animé / Anisée / Anisosperma / Anisum stellatum / Anjou / Anodins / Antafara
47	0053	Anthelminthiques / Anthemeron / Anthemis Nobilis / Anthericum Bicolor / Anthrakokali / Anthyllis / Anti-Arthritiques / Anticholerica / Anticontagieux / Antifebrilis / Anti-Ophthalmiques / Antipériodiques
48	0054	Antipériodiques / Antiseptiques / Antispasmodiques / Antisyphilitiques / Antiar / Anticantharos / Antidotes / Antimoine
49	0055	Antimoine
50	0056	Antimoine / Antimoniaux / Antirrhinum / Antolfe / Antschar / Aou-Pii / Aouicate / Aouste / Aouta / Apalachine / Apape-Serap / Aphanes Arvensis / Aphrodisiaques
51	0057	Aphrodisiaques / Api / Apiapi / Apiastrum / Apiine / Apis / Apium / Apocyne
52	0058	Apocyne / Apdhte / Apollinaire / Apos / Apoyomatsi / Appalia / Appétit / Aqua Naphae / Aqua Santa / Aquara Guiya / Aquilaria / Aquilicia / Aquilina / Araboutan / Aracacha
53	0059	Aracacha / Arachide / Arachné / Arachnide / Araignée / Arak
54	0060	Arak / Aralia / Aranea / Arariba / Arbol de Cera / Arbor / Arbre
55	0061	Arbre / Arche de noé / Areca / Arénation / Arenga saccharifera
56	0062	Arenga saccharifera / Arès / Arésou / Argali / Argania Sideroxylon
57	0063	Argania Sideroxylon / Argemone / Argent
58	0064	Argent
59	0065	Argent
60	0066	Argent
61	0067	Argent / Argentan d'Allemagne / Argile / Aricine / Arietinum / Aristoloche
62	0068	Aristoloche / Aristotelia macqui / Arka / Arlane / Arles / Armeniaca / Armeria / Armures magnétiques / Arnica / Aroc / Arocira / Aroda / Arondes aux perles / Arow-Root / Arouarou / Arracacha / Arrak / Arringa-Iba
63	0069	Arrow-Root / Arsenic
64	0070	Arsenic
65	0071	Arsenic
66	0072	Arsenic
67	0073	Arsenic / Artemisia
68	0074	Artemisia / Artocarpus Incisa
69	0075	Artocarpus incisa / Arteriaca / Arthanitine / Artichaut de jérusalem / Artichaut de terre / Artois / Arton / Arum
70	0076	Arundo / Arvoro d'Incenso / Arynca / Asana / Asarone / Ascaricida Anthelmintica
71	0077	Ascaricida Anthelmintica / Ashour / Aschy / Asclepias
72	0078	Asclepias
73	0079	Asclepias / Aselban / Asellation / Asellus / Asiminier / Asparamide / Asparagine / Asparagus
74	0080	Asparagus / Asperge / Aspergettes / Asperugo / Asphodelus / Aspic de Cléopatre / Aspidium Furcatum / Aspiration
75	0081	Aspiration / Asplenium / Asqyt / Assai / Assencalié / Assthirak / Asteniques
76	0082	Asteniques / Aster Atticus / Asterias / Astragalus / Astringents
77	0083	Astringents / Astrocaryum Ayri / A-té / Athanasia Maritima / Athel-Atle / Ather-Agul / Atherina / Atherine
78	0084	Atinga / Atmiatrie / Atmosphère / Atocha / Atractylis gummifera / Atric Appila / Atropa Belladona
79	0085	Atropa Belladona
80	0086	Atropa Belladona
81	0087	Atropa Belladona
82	0088	Atropa Belladona
83	0089	Atropa Belladona / Atschier / Attagas / Attalea Funifera
84	0090	Attalea Funifera / Attaleth / Auctoville / Aucuparia / Audinac / Aurade / Aurichalcum / Aurimale / Aurochs / Auteuil / Auvergne
85	0091	Auvergne / Auzaraous / Ava / Availles / Avaremo / Avelanède / Aveline des Indes / Avena
86	0092	Avenca / Avene / Averrhoa / Avet / Aviculaire / Ayalla / Ayapa / Aydendron Cujumary / Ayondron Laurel / Aylanthus / Aymoutabou / Aypi
87	0093	Ayri / Ayun / Ayval / Azalea / Azérole / Azob / Azote / Azyl / Baaras / Babinson / Babyroussa
88	0094	Bacaba / Baccharis / Bachenyn / Bachi-Bachi / Bacinet / Badamier Amande / Bade / Badeau / Badenjan / Badonco / Baguan / Bagnères-De-Bigorre
89	0095	Bagnères-De-Luchon / Bagnets / Baguenaudier / Bagnoles / Bahazard / Bahira / Baicilla / Baie d'Allemagne / Baie de Norland / Baillarge / Bain
90	0096	Bain
91	0097	Bain / Bakati / Bakin / Baku / Bala-Pola / Balaena Mysticetus / Balanghas / Balanites / Balanoy / Balanus Myrepsus / Balaruc / Balata / Balaté / Balbeta / Balbisia Berterii
92	0098	Balbisia Berterii / Baleine franche / Ballota / Balsamina / Balsamita / Bambusa Arundinacea / Bamieh / Ban / Ban Mallica / Banai Camagsa / Banana
93	0099	Bande D 'Argent / Banilla / Bantamara / Baphia Nitida / Baquey / Bar / Baralik / Barathron / Barbabietola / Barbasco / Barbe de Bouc / Barbillon / Barbot / Barcelone / Bard / Bardane / Bardeau
94	0100	Bardossier / Barégine / Barerico Do Campo / Barilla Moradera / Barnavi / Barnewell / Barsez / Barsim / Bartogon / Baryosmos / Baryum
95	0101	Baryum / Baryte / Baso / Basskam / Bassia
96	0102	Bassia / Bassorine / Bastin / Batan / Batata de Purga / Bath / Batis / Battate Cathartique / Bauhinia / Baume
97	0103	Baume / Bayugo / Bdellium / Bdellomètre / Beache de Mer / Béarn / Beatsonia Portulacaefolia
98	0104	Beauce / Bébééru / Bécasse de Mer / Bécasseau / Bedmon / Begonia / Bejay / Bejuco de Guaco / Bel Ayé / Bel droga / Bel saneth / Belen / Bellevue-les-Bains / Belone / Ben
99	0105	Bendj / Benedicta / Bengiri / Benincasa / Beninganion / Benjamina / Benjoin
100	0106	Benjoin / Benne / Benoite Aquatique / Bentamara / Berberine / BerBeris
101	0107	Berberis / Berca / Berdin / Berdy / Berghe / Béril / Berry / Bertholletia excelsa / Besleria / Bessema / Beta
102	0108	Beta / Bête des boulangers / Bête a la grande dent / Betel / Betleira / Betonica / Betterave / Betula
103	0109	Beurre
104	0110	Beurre / Beurreria / Bézoards / Bézoards du cerf / Bézoard humain / Bézoard minéral
105	0111	Bézoard minéral / Bézoard de rhinocéros / Bézoardiques / Bibirine / Bibles / Bibo / Bicho / Bicuiba / Bidens / Bien Salée / Bière / Bifesse / Bigarreautier / Bigeon / Bignonia
106	0112	Bignonia
107	0113	Bignonia / Bijon / Bile / Bilin
108	0114	Bilin / Billagoh / Bimauve / Bindj / Binnouge / Birmenstroff / Birz-Bindj / Bisaille / Binny / Bisch / Biscutella Didyma / Bisenna / Biserula Pelecinus
109	0115	Bisma / Bismith / Bismuth / Bisnunga / Bissy / Bit-Laban / Bitumes
110	0116	Bitumes / Biverono / Bixa / Bizr-Balteh / Bladen / Blanc de Hollande / Blaps / Blatte de Byzance / Blé / Bled / Blepharis
111	0117	Bleu de Composition / Bleuets / Blotti / Boa-Sansa / Bobornik / Bobu / Bocchoe / Bodwichia / Boehmeria Caudata / Boerhaavia / Boeuf Unicorne / Bogahas / Boia / Bois
112	0118	Bois
113	0119	Bois / Boisse / Boissons Froides
114	0120	Boissons Froides / Boite à Savonette / Bol / Bolax Gummifera
115	0121	Bolax Gummifera / Bolbec / Boletus
116	0122	Boletus
117	0123	Bollo / Bombax / Bombyx / Bonati / Bonaviste / Bondea / Bonducella / Bongo / Bonnes / Bonnette / Bonton / Booah / Borabora / Boraginées / Boraunetz / Borax
118	0124	Borche / Bos / Botanique Médicale / Boudourrice / Boue des Couteliers / Bougas / Bougies Médicinales
119	0125	Bougies Médicinales / Bougna-Genaymaura / Bouillard / Bouillon / Boula / Boule de neige / Boule d'or / Boulet de canon / Bourache / Bourache (petite) / Bourbon
120	0126	Bourbon / Bourboule / Bourdin-Itturia / Bourdon / Bourgène / Bourgogne
121	0127	Bourgogne / Bourse de Mer / Bousa / Bout-Jaa / Boutarcha / Boutargue / Bouton d'Argent / Bova / Box-Tree / Boya / Brac / Bragalou / Brassica / Bratys / Brauna et Grauna / Brayera anthelmintica
122	0128	Brayera anthelmintica / Brayettes / Bredes Caga / Bredes langues de boeuf / Bredes soage / Bremi / Bresel / Bresse / Bretagne / Brie
123	0129	Brie / Binvilliers / Britannica / Broas / Brochet-Perche / Brome / Bromelia / Broodboom / Brosse de Santé / Brouille / Brousse / Broussonetia Papyrifera
124	0130	Broussonetia Papyrifera / Brucea / Brugiera / Brugnon / Brunsfelsia / Bruquet / Bruscus / Bryonia
125	0131	Bryonia / Buaranhem / Bubon / Bucail / Buccari / Buchu / Bucida Buceras / Budgari / Budleja / Bufonites / Buisson de cire / Bukku / Bula
126	0132	Bulbe / Bull-Frog / Bullo / Bumelia / Bunias / Bunning / Bununta / Buranhein / Burd / Burnet / Bursera Balsamifera / Busei / Buspetz / Bussang
127	0133	Bussang / Bussiares / Butea / Butomus Umbellatus / Butua / Butua do Corvo / Buxine / Buxton / Buxus Sempervirens
128	0134	Buxus Sempervirens / Byblos / Bydingak / Byssus / Caa-Ataja / Caa-Chira / Caa-Cua / Caa-Peba / Caa-Pim-Peba / Caa-Roba
129	0135	Caa-Roba / Caa-Tigua / Caballo / Cabane / Cabessa Negrito / Cabion / Cabrilla / Cabrillet / Cabure Iba / Capureuva / Cac-Leang / Cacaoquahuiti / Cacatrepola / Cachu / Cacodyle / Cacone / Cactées / Cactus
130	0136	Cactus / Cadelari / Cadia / Cadmie Naturelle / Caesalpinia
131	0137	Caesalpinia / Cafard / Café du cap / Café du soudan / Cagaiteria / Cahinca / Cail Cedra / Caillelait / Cailloun / Cairae / Cajanus / Cajenneam / Caju / Cajueiro / Cajura / Calaf / Calafu / Calaguala / Calamba Pepita / Calambo / Calament de Montagne / Calamus
132	0138	Calamus / Calappa / Calavanzas / Calcas / Calcédoine / Calceolaria / Calcium / Calculs de Tivoli
133	0139	Caldamiera / Caldas / Caldettes / Calebasse Douce / Caleco de Vide / Calembouc / Calendula
134	0140	Calendula / Calinga / Calisaya / Calligonum Polygonoïdes / Callopisma / Calmars / Calophyllum
135	0141	Calophyllum / Calotropis / Calpasi / Calunga / Calva / Calyptranthes / Camara-Apeba / Cambion / Camboye / Camchain / Camchou / Caméléon Minéral / Cameline / Camgamba / Camida de Venados / Camoins
136	0142	Camoins / Camomille / Camouche / Camoune / Campagne / Campagnol des Prés / Campanette / Campanula / Camphènes / Camphorosma / Camphre
137	0143	Camphre
138	0144	Camphre / Canalou / Canang
139	0145	Canang / Canari / Cancame / Cancamon / Cancavalle / Cancer Astacus / Candel / Cangé / Caniche / Canillée / Canis / Canna
140	0146	Canna / Canna Fistula Dos Grandes / Cannabis
141	0147	Cannabis / Canne à sucre / Canneberge / Cannella Alba / Cannelle
142	0148	Cannelle / Cannetiée / Cannetillos / Cantharelli / Cantharide / Cantharidine / Cantahrus Onctuosus / Cantua / Canude / Cao-ken / Cao-leang / Caobo / Caoutchène / Caoutchouc
143	0149	Caoutchouc / Capbern / Capillaire / Capim Peba / Capitao do Matto / Capitelli / Capito / Capnomore
144	0150	Capnomore / Capoe / Caporosa / Cappone / Capotquier / Capous / Capparis / Capraria / Capsicum / Capybara / Carachichu / Caracoli / Caragate / Caragne / Carajuru / Caralline / Caramata / Carambou-Valli / Caramanchel
145	0151	Caramanchel / Carameno / Caramotte / Carana / Carangue / Caranx / Carapa / Carapia / Carapixo de Calcada / Caravansas / Carbone
146	0152	Carbone / Cardillo / Cardinale Bleue / Cardon / Careillade / Carduus / Carenful / Carensac / Carex / Cargièche / Cariaco
147	0153	Carica / Carissa / Carline / Carlsbad / Carlsthalerbad / Carnauba / Caroba / Caroube de Judée / Carpentaria / Carpous / Carqueja
148	0154	Carraguen / Carrera / Carri- Villandi / Carthame / Carum Carvi / Caryophyllus Aromaticus / Caryophyllus indicus / Caryota / Casca d'Anta / Cascalote
149	0155	Cascarilla / Casema Roncha / Cassader / Casse / Cassia
150	0156	Cassia / Cassuvium
151	0157	Cassuvium / Castagneau / Castanea / Catanospermum Australe / Casteljaloux / Castellamare / Castera Vivent / Castor Oil / Castor Zibeticus / Castoréum
152	0158	Castoréum / Casuarina / Cataplasmes / Caté
153	0159	Cathartocarpus Brasilianus / Catouba / Caustiques
154	0160	Caustiques / Cautères / Cauterets / Cauvalat
155	0161	Cauvalat / Caval / Caven / Caxim / Cayenne / Ceanothus / Cèdre de la barbade / Cèdre blanc / Cèdre rouge / Cedrela Febrifuga / Cédrine / Celastrus / Celda
156	0162	Celda / Celles / Celtis / Cenchrus Granularis / Cendres Vertes / Centaurea / Centimorbia / Cepe Noir / Cepola Taenia / Cera du Palo / Ceratonia / Ceratophytes / Cerbera
157	0163	Cerbera / Cerdera Alliodora / Céréales / Cereiba / Cereibuna / Cerejas / Cerinthe / Cerises d'Amerique / Céremol
158	0164	Ceropegia / Ceros / Cérosie / Ceroxylon Andicola / Cervus / Cestona / Cetonia aurata / Cetrarin
159	0165	Cetrarin / Cevica / Cha congonha / Cha pedestre / Chacas / Chacherquen / Chacoumi-i / Chaerophyllum / Chaldette / Chaleur
160	0166	Chaleur / Challes / Chamaeleon
161	0167	Chamaeleon / Chamaerops humilis / Chambucle / Chamir / Chamounix / Champignon
162	0168	Champignon / Chamsa / Chanchalagua / Chanvre Indien / Chanvre de calcutta / Chanvre de siam / Chaparas / Chapelet de Sain-Hélène / Chapon de Pharaon / Chaprkour / Chara
163	0169	Chara / Charadrius / Charbon des blés / Charbon fossille / Chardon à bonnetier / Chardon à cent têtes / Chardon doré / Chardon hémorrhoïdal / Chardon notre-dame / Chark / Charpie
164	0170	Charpie / Charrouis / Charve / Chasalia Borboniae / Chat bisaam / Chat huant / Chat musqué / Chataigne de mer / Chateauneuf / Chateldon / Chatelguyon / Chatenois / Chatreg / Chaudesaigues / Chay / Chaya Vayr
165	0171	Ché / Chelidonium / Chelidonium lapis / Chelta / Chêne / Chénopodées / Chenopodium
166	0172	Chenopodium / Chepica / Cheriss / Cherker / Cherua Major / Cheu-Kus / Cheval Marin / Cheval unicorne / Chèvrefeuille des Jardins / Chi-Ku / Chia-Bang / Chiampin
167	0173	Chiavay / Chicha / Chicorachées / Chicri / Chiendent / Chiendent des Indes / Chilcana / Chilodamie / Chimie Médicale
168	0174	Chimie Médicale
169	0175	Chimie Médicale / Chimonia / Chimque / Chin-Chin / Chin-Chou / Chinae Radix / Chino Chino / Chinois / Chiococca
170	0176	Chiococca / Chiquichique / Chiradan / Chirimolia
171	0177	Chiro / Chirongia Glabra / Chironia / Chirouettes / Chlore
172	0178	Chlore / Chloride Hydrique / Chloroforme
173	0179	Chloroforme / Chlorures / Choa
174	0180	Choa / Chocherel / Chondrus Crispus / Choui-la-Chou / Chou de chien / Chou de chine / Chouche / Choulin / Choux-Gras / Christau 
175	0181	Christau / Christiana / Chrome / Chrysanthemum / Chrysocoma / Chrysophorum / Chrysophyllum
176	0182	Chrysophyllum / Chu cum / Chugna
177	0183	Chugna / Chuline / Chych / Chyrbakht / Ciboa / Ciborium / Cicer arietinum / Cicera / Cichorée / Cicuta / Cicuta Aquatica / Cicutine / Cidre / Cigares
178	0184	Cigares
179	0185	Cigares / Cigue des Anciens / Cil / Ciment / Cimifuga / Cimolée / Cincettes / Cinchovatine
180	0186	Cinchovatine / Cinnamodendron Axillare / Cinno / Cinq racines apéritives / Cipipa / Cipo do cabocola / Cire
181	0187	Cire
182	0188	Cire / Cissampeline / Cissus / Cistus
183	0189	Cistus / Citambas / Citara / Citre / Citron du Nord
184	0190	Citron du Nord / Civette / Claytonia Perfoliata
185	0191	Claytonia Perfoliata / Clematis / Cleome / Clerodendrum / Climat / Clinker / Clompanus Major / Clusia / Cneorum / Cnicin
186	0192	Cnicin / Cnous / Coadjuct / Coagulants
187	0193	Coagulants / Coahy / Coakroh / Cobaya / Cocalia / Cocca Gnidia / Coccoli / Coccoloba / Cocculine / Cocculus
188	0194	Cocculus
189	0195	Cocculus / Coccumiglia / Coccus
190	0196	Coccus
191	0197	Coccus / Coche / Cochenille de l'Ararat / Cocine / Cocinique
192	0198	Cochinique / Cocue / Codéine
193	0199	Codéine / Codua / Coelifolium / Coeratia / Coeur Vert / Coffea / Cogaiteria / Coha
194	0200	Coha / Cohel / Coing de mer / Coing du Japon / Coignassier / Coissiet / Coja / Colchicine / Colchicum
195	0201	Colchicum
196	0202	Colchicum / Colias / Colimaçons / Colla / Colladi / Collatifs / Colle de peau d'Ane / Colletia tralhuen / Collophora Utilis
197	0203	Collophora Utilis / Collupa / Colocase / Colombëche / Colutea / Colymbus Glacialis / Coma Aurea / Comacum / Come / Comin / Commi / Composées / Compression
198	0204	Compression
199	0205	Compression / Condaminea Utilis
200	0206	Condiments / Conéine / Conferva
201	0207	Congourde / Conicine / Conifères / Conium
202	0208	Conium / Connhy / Conohoria Loboba / Conradi / Consolida minor / Consolida regalis / Contra / Contrayerva / Contre-Irritation
203	0209	Contre-Irritation / Contre-Poisons / Contro-Stimulants
204	0210	Contro-Stimulants / Convallaria / Convolvulacées / Convolvulus
205	0211	Convolvulus
206	0212	Convolvulus
207	0213	Convolvulus
208	0214	Convolvulus / Conyza Meida / Cooapongam / Copahyva
209	0215	Copahyva
210	0216	Copahyva / Copal d'Amerique / Copal / Copalchi
211	0217	Copalchi / Copalli / Copalme / Coquatre / Coqueirot / Coquilles Saint-Jacques / Coquiol / Corallina / Corcho / Corcium / Cordia
212	0218	Cordia / Cori / Coriaria / Coricus / Corio / Corn / Corne de licorne / Cornes
213	0219	Cornes / Cornette / Cornicularia / Cornus / Cornilla / Cornillas de Frayles / Corpa / Corse / Cortum / Cortex 
214	0220	Cortex / Cortezon / Corvaceira / Corylus / Corypha / Cose / Cosses
215	0221	Cosses / Cossus / Cost
216	0222	Cost / Coto-coto / Cotonnier / Cotta Cambar / Cotter-Misa / Cotylédon / Cou de Chameau / Couane / Couemé Souali / Couetche / Cougérécou / Couhaya / Couleuvrée noire / Couma / Coumarouna / Couriade / Courlis / Courmayeur
217	0223	Courmayeur / Couroupita Guiannensis / Courucay / Couscous / Couscuille / Cousso / Coutarea Speciosa / Couttourassouh / Couvain / Cowdie / Cowpox / Craie de Briançon / Cran Officinal / Cransac / Crataegus / Crataeva Tapia / Craveiro
218	0224	Cravo de defunto / Cravo de maranhoo / Crax / Créosote
219	0225	Créosote
220	0226	Créosote / Crepis
221	0227	Crepis / Crescentia / Cresson Alenois / Cresson du désert / Crest / Crête de coq / Cretonart / Creyat / Cri-cri / Cristau (Saint-) / Cristina / Croceum Luteum / Crocodile terrestre / Crocodilus / Crocus
222	0228	Crocus / Croi / Croix de Jérusalem / Crol / Crotalaria / Crotalus
223	0229	Crotalus / Croton
224	0230	Croton
225	0231	Croton / Cryptocaria Mochata / Cubang-sore / Cubère de bourbon / Cubebin / Cubertado / Cuchunchilli / Cucheby / Cucucji / Cucumis
226	0232	Cucumis / Cucurbita
227	0233	Cucurbita / Cucurbitacées / Cuiau-Pouti / Cuichunchilli / Cuiété / Cuivre
228	0234	Cuivre / Culebras / Culilawan
229	0235	Culilawan / Cumaru / Cuminum / Cumucus / Cupa-Iba / Cupemani / Cupressus / Curaca / Curare / Curcuma
230	0236	Curcuma / Curcumine / Curkum / Curupahu / Curutu-palu / Cuscuta / Cuspa / Cusparia febrifuga / Cusso / Cyanogène
231	0237	Cyanogène
232	0238	Cyanogène / Cyathea / Cycadées / Cycas
233	0239	Cycas / Cyclamen
234	0240	Cyclamen / Cinanchum / Cynara / Cynaropiles / Cynodon / Cynomorium
235	0241	Cynosurus / Cyperus / Cyphi / Cyprès blanc / Cyprien / Cyprinus
236	0242	Cyprinus / Cyprus / Cysmé / Cytisus / Dad / Dagerissa / Daikon / Dakka / Dahlia / Dalbergia / Damar / Damier / Dammara Alba
237	0243	Damara Alba / Damoro / Danda / Daneta / Daoudaoua / Daphne / Dar-sini / Das / Datisca cannabina / Datora / Datura
238	0244	Datura / Daturine
239	0245	Daturine / Daucus / Daun-contu / Daun-cugurangh / Daun-kupan / Daun-lolab mubut / Dauphiné / Dax / De la Caille / Dé de la Vierge / Deau Aang / Débilitants / Débolé / Deguet
240	0246	Delphine / Delphinium / Dem'Sysch / Dendail / Dentaire / Denté Ordinaire / Dentre os rios / Déplacement / Dergmuse / Dérivation / Derw / Desaigues / Désobstruants / Dessiccatifs / Detersifs
241	0247	Detersifs / Détole / Dextrine
242	0248	Dextrine / Dezi Dezi / Dhaguimit / Diabolini / Diacopregias / Diapason Musical
243	0249	Diapason Musical / Diastase
244	0250	Diastase / Diati / Dictamne / Dictamnus / Diète / Diète sèche / Dietz / Diffusibles / Digestion / Digitaline
245	0251	Digitaline / Digitalis
246	0252	Digitalis
247	0253	Digitalis / Dikoikrees / Dilao / Dilivaria / Dim / Dioscorea / Discaria febrifuga
248	0254	Discaria febrifuga / Diosma / Diospyros / Diplothemium littorale / Dispacus / Dipterix / Dipterocarpus / Diurétiques / Divi-ladnen / Djedouar / Djouat / Djugan / Dochna / Dogwood / Dolcecuini / Dolichos
249	0255	Dolichos / Dombeya / Domboc / Dona anita / Donatophorus
250	0256	Donathophorus / Donga / Donradinha / Dorema Ammoniacum / Dorstenia / Dos filiae / Dose des Médicaments / Douche / Dougour
251	0257	Douleurs / Douma / Doura / Dracaena / Dracaena
252	0258	Dracaena / Dracocephalum / Dragbled / Dragées de Tivoli / Dragon mitigé / Dragonne de la guiane / Drak / Drakena Radix / Drastiques / Drimispermum Dubiosum / Drimyrrhizées / Drimys
253	0259	Drimys / Drogue amère / Drosera / Druisium / Dschum-za / Dupa / Durio zibethinus
254	0260	Durio ziberthinus / Duy / Dysosmon / E-Aihi / E-Tahroang / Eaaeo / Eaere / Eai / Eau
255	0261	Eau
256	0262	Eau
257	0263	Eau
258	0264	Eau / Ebène / Ebooa / Ecafottes / Ecbalium Sylvestrre / Echalotes / Echinus / Echites / Echium
259	0265	Echium / Ecorces / Eddas / Eglefin / Egra / Eingrain / Ekaweria / El Horaiac
260	0266	El Horaiac / Elaeocarpus / Elaeococca / Elaeodendrum / Elaiodon / Elaiopton / Elatérin / Electricité / Electropuncture / Elemi du bengale / Elemi du brésil / Elemi de colombie
261	0267	Elemi d' Ethiopie / Eleocarpus / Eleomeli / Eleo Selinum / Elephanthopus / Eleuterienne / Elija / Elixir / Emanations / Embeguaca / Embs / Embuayambo / Emétine / Emétique
262	0268	Emétique
263	0269	Emétique
264	0270	Emétique / Emigrant / Emoi / Emollients / Empirisme
265	0271	Empirisme / Empregnaderes / Emulsine
266	0272	Emulsions / Enaemon / Encens / Encens du chili / Engens de russie / Endermique
267	0273	Endermique / Endormie / Enémoucou / Enghien / Engrain / Enivrants / Enow / Ensaka / Enségures / Ensété / Enteda Gigalobium / Eoa / Eoba / Eouse / Eouton / Epaule
268	0274	Epeautre / Epénéides / Epicia / Epidendrum / Epidote / Epiglottis / Epinard des indes / Epinard d'éthiopie / Epineux jaune / Epithymum / Epona / Eponge de platine / Equisetum arborum / Equus / Erba chinae / Erea / Ergot
269	0275	Ergot
270	0276	Ergot
271	0277	Ergot
272	0278	Ergot
273	0279	Ergot
274	0280	Ergot / Ergotine / Erinaceus / Erithacus / Erowa / Errhins / Erseron
275	0281	Erseron / Erva d'amor / Erva do bicho / Erva do capitao / Erva do cobrez / Erva do collégio / Erva do figado / Ervum / Erythronium / Erythrophleum
276	0282	Erythrophleum / Erythroxylon coca / Esbanasch / Escargot Marin / Escurdada / Esculus / Esenbeckia / Eskisstambul
277	0283	Eskisstambul / Esox / Espnoïque / Essence d'amandes amères / Essence de coq / Estoraque / Estreix / Etain
278	0284	Etain / Ethal / Ethers / Eti / Etoa
279	0285	Etoile de Bethléem / Etooa / Etorée / Etou / Eucalyptus / Eugénine / Eupatorium
280	0286	Eupatorium
281	0287	Eupatorium
282	0288	Eupatorium / Euphorbia
283	0289	Euphorbia
284	0290	Euphorbia / Euphorbiacées / Euphraise / Eurhe / Euriale amazonica / Euribaldi / Europe / Euterpe Edulis
285	0291	Evacuants / Evaux / Evian / Evodia fabrifuga / Evonymus / Exacon / Exacum / Excréments de Poule / Exostemma
286	0292	Exostemma / Exotiques / Expectorants / Extraits / Exutoires / Fa / Faba
287	0293	Faba / Fabacia / Fabago / Fael / Fagus / Fahon / Falco
288	0294	Falco / Falsifications des médicaments / Faltrank / Fan / Fanghits / Fannie / Farine / Farp / Faro / Faroba
289	0295	Faroba / Farouch / Fashook / Fasi-Nosi / Fataque / Fau / Faucille / Fausse / Faux baume de tolu / Faux benjoin / Faux ipécacuanha / Fava Do Santo-Ignacio / Faverolles / Fébrifuges
290	0296	Fébrifuges
291	0297	Febrifuges / Fécamp / Fécules / Fédégosa
292	0298	Fédégosa / Fedia / Fegaro / Félix de Paillères (Saint-) / Femme marine / Fenouil de cheval / Fer
293	0299	Fer
294	0300	Fer
295	0301	Fer
296	0302	Fer / Fernambouc / Ferret / Ferronia elephanthum / Ferrugieux
297	0303	Ferrugieux
298	0304	Ferrugieux / Ferula
299	0305	Ferula / Festuca fluitans / Feu / Feuille du crapaud / Feuille sainte / Feuillea / Fève à la dartre / Fève de Saint-Ignace / Féverolle / Fi / Fiatole / Fibrine
300	0306	Fibrine / Ficus / Fie / Fideris / Fièvre
301	0307	Fièvre / Figue / Figuier / Figuriro Gamelllaria / Filao / Filago Leontopodium / Filix Baccifera / Fimpi / Finguière / Firibonqui / Fillaea Caribaea / Finto / Fistularia / Flagellaria Indica
302	0308	Flagellaria Indica / Flavigny / Fléchière / Fleurs / Flor de hazahar / Flores médicales / Flos manorae / Fluidifiants
303	0309	Fluidifiants / Foeniculum / Foie de boeuf / Foie de raie / Foin
304	0310	Foin / Foli / Foliasse / Folium / Folium minus ursasi / Folium caussionis / Folium tinctorium / Folliculi Bombycis / Fongo / Fonsange / Fontaine / Fontaneios / Forbach / Forces conservatrices
305	0311	Fordongianus
306	0312	Forges-les-eaux
307	0313	Forges-les-eaux / Forges-sur-briis / Formulaires
308	0314	Formulaires / Fort-les-bains / Fosset / Fou / Fougère musquée / Fougère vulgaire / Fouraa / Fragaria / Fragments précieux / Fraise de Madagascar / Fraisier / Framboise marine
309	0315	Framboise marine / Framboise sauvage / Franc-encens / Fraxinus / Frayjelon / Fresaye / Frictions / Friedrichschall
310	0316	Friedrichschall / Frigoule / Froglo / Froid / Fromage / Fruit
311	0317	Fruit / Frutti di Mare / Fu-Fu / Fucus
312	0318	Fucus
313	0319	Fucus / Fuimorbo / Fuirena
314	0320	Fuirena / Fulica / Fuligine / Fuligo-Kali / Fumaria / Fumigations
315	0321	Fumigations / Fumo Bravo / Fungo corvo / Fungo dormiente / Furube / Fustic / Gadus
316	0322	Gadus
317	0323	Gadus / Gagarella / Gagna / Gaiac / Gajamariola / Galactodendrum utile / Galang-laut
318	0324	Galanga / Galbanum / Galène / Galéopsis / Galère / Galinsoga / Galipea officinalis / Galipot / Galium
319	0325	Galium / Galla tinctoria / Galmier / Galtier / Galuchat / Galvanisme / Galvanopuncture / 
320	0326	Galvanopuncture / Galvezia punctata / Galwi / Gamelleira / Gandhasaté / Gangi / Garbausos / Garoa / Garoe
321	0327	Gargoulettes / Garipot / Gabousse / Garris / Garum / Gasterosteus Sallatrix / Gastole / Gatta Gambeer / Gattiliers / Gaultheria procumbens / Gaz hilariant / Gazon anglais / Gazon d'Espagne / Gedwer / Geilnau / Geitje / Gélatine
322	0328	Gélatine
323	0329	Gélatine
324	0330	Gélatine / Gemil / Gen Seng
325	0331	Gen Seng
326	0332	Gendarussa / Génêt d'Espagne / Génêt rouge / Genette / Genévrier rouge de virginie / Gengilée / Genis / Genseng / Gentiana / Gentisine / Genzely / Geranium
327	0333	Geranium / Gerataca / Germandrée de Montagne / Germon / Gervais / Gesse ciche / Ghakkatoo / Gibelié / Gigondas / Giléad des Anglais / Gin-Chen / Gingmbre Blanc de l'Inde / Ginko Biloba / Girasol / Girvao / Giuliano / Glabis / Glace
328	0334	Glace / Glans Aegyptiaca / Glastium
329	0335	Glaucium / Glechoma / Glossopètre / Glu / Glucose
330	0336	Glucose / Gluten
331	0337	Gluten / Glycine / Glycyrrhiza / Gmelina / Gnaphalium
332	0338	Gnaphalium / Gnemon Funicularis / Gobaar / Gobe-mouche / Gola / Golaise / Goma lacra / Gomme
333	0339	Gomme 
334	0340	Gomme
335	0341	Gomme
336	0342	Gomme / Gommi / Gommier / Gommier jaune / Gommier des malouines / Gommier rouge / Gommoutou / Gonarda / Gontai / Goo / Gorami / Gormella / Goro / Goronda / Gorteria pectinata
337	0343	Gorteria Pectinata / Gossypium / Goudron
338	0344	Goular-fam / Gourou / Goutte Gambe / Goyave / Graines d'andrinople / Graines de cassier / Graine d'écarlate / graine de guinée / Graine de perse / Grainette / Grains de Vie / Graisse
339	0345	Gramen marin / Gramen de montagne / Gramen soelting / Graminées / Grammedouc / Grana nigra / Grana regium / Grand befroi / Grand cousin / Grand ipécacuanha / Grand turc / Grande Verge à Pasteur / Grandif / Granum viride / Grappe marine / Gratiola
340	0346	Gratiola / Gratte-cul / Grauna / Gravière / Grèce / Greenheart / Grenadine / Grenoble / Grénouillète / Gréoulx / Grewia
341	0347	Grindwurz / Grippo / Grissini / Grog / Gromo / Grondin / gros pignon d'inde / Groseiller / Gross-nenndorff / Grossagnes / Grosse casse / Grossularia / Grotte-du-chien / Gruguer / Grumato prouazza / Guacana / Guadeloupe / Guangno (Sain-Antoine-de-)
342	0348	Guagno (Sainte- Antoine-De) / Guajacum / Gualtheria / Guamajacu atinga / Guanabate / Guano / Guapeva
343	0349	Guarahem / Guarana / Guararema / Guariroba / Guélot / Guépier / Guariroba / Guélot / Guépier / Guerande / Guerte / Guettarda speciosa / Gugul / Guiabo
344	0350	Guibo / Guiabora / Guiacine / Guibibouqi / Guiésen-guebin / Guigues de côte / Guilandina / Guilboqui
345	0351	Guilielma / Guillon / Guimauve blanche / Guin gombo / Guiné / Guiri / Guittaie mou / Guizota oleifera / Gulbad samour / Gummi rubrum astringens / Gummira torredonense / Gummira littorea / Gundelia tourneforth
346	0352	Gundjeyd / Gurgul / Gusa / Gutta perca / Gymnastique / Gynopogon / Gypsophila / Gypse / Gyrole
347	0353	Hab / Hab ab nil / Hab el-molouk / Haba / Habel-assis / Haberschle / Habchitt / Habilla / Hacchic / Hagenia
348	0354	Hagenia / Hagin / Hahueliloca quahoith / Haie fleurie / Hakchis / Haladi / Hambach / Hammam-Berda / Hammam-mescoutine / Hamman-Mez-Khoutin
349	0355	Hamman-Mez-Khoutin / Hancornia
350	0356	Hancornia / Hanea / Hannebane / Haraikot / Haricot d'Egypte / Harmaline / Harongan / Harra / Hasce / Haschis
351	0357	Haschissch / Hatchibaly / Hatsis / Hatte / Havillo / Heal-All / Hebulben / Hedera / Hedysarum / Heilbrunn / Hélénine / Helianthus
352	0358	Heliotrope d'hiver / Helix / Helléboracées / Hellébore
353	0359	Hellébore / Hellenine / Hellenia / Hématosine / Hemidesmus indicus / Hemlock-spruce / Hémospasique / Hémostatiques / Herba
354	0360	Herba sardoa / Herba Tramontana / Herbarium / Herbe
355	0361	Herbe / Herbier médical
356	0362	Herblou / Hérisson / Herminiria elaphroxylon / Hernandia / Herniaire / Herva do santo Maria / Hêtre / Hêtre moucheté / Heudelotia Africana / Hevea guianensis / Heya / Hholtyt / Hhorf / Hia-tsao-tong-keng / Hibiscus
357	0363	Hibiscus / Hieracium / Highgate / Hiing / Hippomane
358	0364	Hippomane / Hippobdella
359	0365	Hippobdella
360	0366	Hippobdella
361	0367	Hippobdella
362	0368	Hippobdella
363	0369	Hippobdella / Hirundinariae
364	0370	Hirundo / Hiva hai / Hockiak / Ho-kilam / Hodueg / Holba / Holc / Holcus
365	0371	Holcus / Hirundinarlae / Holl / Holothuries / Hom
366	0372	Hombourg / Homme / Homoeopathie / Honcheloup / Honoré
367	0373	Honoré / Hontah / Hordeolum / Hordeum / Horky / Hortus / Horse-Balme
368	0374	Houang-che / Hounits / Hoza / Huacsero / Huam-xuen / Huanaco noiratre / Huanu / Huche / Huckles / Huile
369	0375	Huile
370	0376	Huile
371	0377	Huile / Huîtres épineuses / Huitzilxochitl / Humeurs du corps humain
372	0378	Humulus
373	0379	Humulus / Humus / Hura crepitans / Hutchinsia atro-rubens / Hya Hya / Hyacinthus
374	0380	Hyacinthus / Hydrocharis morsus-ranae / Hydrocotile / Hydrocyanique / Hydrogène / Hydropathie / Hydrosudopathie
375	0381	Hydrosudopathie
376	0382	Hydrosudopathie / Hyla / Hymenaea
377	0383	Hymenaea / Hyoscyamine / Hyosciamus / Hypanthera guapeva / Hypericum / Hypocaustum / Hyssopine / I-tan-hiang / Iamborandi / Iancoss
378	0384	Iatraleptique / Ibié / Ibirarema / Ibis Blanc / Ibucuiba / Ichthyoctonos montana / Ichtyothere cunabi / Icica / Ickories / Icono / Icotli / Ictodes foetidus / Ifi / Igasier / Igciega
379	0385	Igname / Igname couche / Ignan / Ilacma / Ilammam mesceratine / Illanca / Illicium / Illmu / Im-fo-co / Imbonda / Imbondero / Ilex
380	0386	Ilex / Imagination / Immortelle sauvage / Impératoire / Incaca
381	0387	Incenso / Incidentia / Indigènes / Indigo
382	0388	Indigo
383	0389	Indigo
384	0390	Indote / Inga / Ingogne / Injections
385	0391	Injections
386	0392	Injections
387	0393	Injections / Inka / Insomma / Insufflation / Inula
388	0394	Inula / Iode
389	0395	Iode
390	0396	Iode
391	0397	Iode
392	0398	Iode
393	0399	Iode / Ionidium / Ipé / Ipecacuanha
394	0400	Ipecacuanha
395	0401	Ipecacuanha
396	0402	Ipoh / Ipomea / Ipora / Iris
397	0403	Iris / Irrigations d'eau froide / Irritants / Irupé / Isatis / Ischia / Ischker / Ischl
398	0404	Islande / Ispaghul / Italie / Iulan / Ivarancurha / Ivoire fossile / Ivoire végétal / Iwonicz
399	0405	Iwonicz / Jaajah / Jaborandi / Jaburandiba / Jacaranda / Jacque / Jacques hapuch / Jade
400	0406	Jean-saem / Jaggaria / Jalap / Jalapao / Jamaracu / Jambosier / Jamma-sansio / Jamogi / Jania rubens / Japota / Jaquetiba / Jaracacia / Jarat / Jardin médical / Jardinière / Jasione / Jatai / Jatrobdella medicinalis / Jatropha
401	0407	Jatropha
402	0408	Jatropha / Jatus / Jaune de naples / Jaunelet / Jaunetrolle / Jaunette / Javelle / Jeca / Jéjémadou / Jema / Jeno abra / Jenwa / Jequitinguacu / Jéréroucou
403	0409	Jernotte / Jeticucu / Jian sibon / Jito / Johannesia princeps / Jolie première / Jombo / Jonc / Jotte / Joubarbes / Jouor / Juglans
404	0410	Juglan / Jujuba / Junca
405	0411	Junca / Juniperus
406	0412	Juniperus / Jupicanga / Jurema / Juriballi / Jurumu / Jus de réglisse / Jusbagme / Justicia / Ka-yong-moa / Kabarga / Kabhab / Kadjan-taunah
407	0413	Kadsura / Kahinca / Kai / Kai-katea / Kai-pakeha / Kai-pouti / Kaja / Kajuput / Kaka-toddalie / Kakii / Kali / Kalunga / kama / kambalec / Kamban / Kambe / Kamennoié-miaslo / Kamphur / Kane-la-chou / Kao-lyang / Kapane / Kapour Barros / Karaka / Karamaranga / Karaouich / Karapa / Karate / Karawade
408	0414	Karetta amelpodi / Karoo-navie / Karot / Karri / Kartous nozara / Kaschkara / Kassab / Kat / Kataf / Katha saffaid / Katou-takka / Katou-tsjeroe / Katy / Kaue / Kaurebonne / Kavouris / Keglek / Ken / Kenkoo / Kentan / Kerfé / Kermès minéral / Kerzebre / Keschré / Kétule / Keurboom / Kharoua / Kharroub / Kher-zchre / Khobma / Ki-kokun / Kien-hoa
409	0415	Kieou / Kigleh / / Kimkeca / Kin / Kin- ki / Kinam / Kinkeca / Kinkina urens / Kino
410	0416	Kino / Kino d'amboine / Kino de la colombie / Kino de la gambie / Kino de la nouvelle-zelande / Kino de la jamaïque / Kissengen / Kjoo / Ko / Ko muggi / Koelreuteria Paniculata
411	0417	Koelreuteria paniculata / Koenter- gauwa / Kohhel / Koikjo / Kokohai / Koleste / Koleho / Kollilu / Komo / Kona / Konnab / Kooalunin / Koradi / Korbat / Kosuk / Kouchou / Koudi / Koumara / Kountchout / Kourouma / Krameria
412	0418	Krameria / Kréosote / Ku-Y / Kua / Kuaje / Kufauder / Kulaba / Kulit- lawang / Kullusutan / Kumba / Kurbaris
413	0419	Kurka / Kus / Kuteera / Kutrelloo / Kuwa / Kwoséine / Kwoso / Labarthe de neste / Labiées / Lacatoya
414	0420	Lacerta / Lacque / Lacque cinchonique / Lacre / Lacross / Lacryma / Lactan / Lactine / Lactuca
415	0421	Lactuca
416	0422	Lactuca
417	0423	Lactuca / Ladanon / Laegtan / Lagenaria
418	0424	Lagné / Laidour / Laine du ceibo / Lait
419	0425	Lait
420	0426	Lait / Lait de cocos / Lait de tigre / Lait végétal / La Maloue / Laman / Lamazoule
421	0427	Lamazoule / Lamothe-chalançon / Lampsane / Lan / Laba succida / Lanchastaedt / Lande / Langenau / Langeovas / Langue de boeuf / Langue de femme / Lanius excubitor / Lansas / Lantana / Lantor / Lap' het / Lapis memphytes / Lapis syriacus / Lapsana
422	0428	Laque / Larangeira do mato / Lardizabala / Larege / Laresse / Larica / Laricio / Larina / Larix / Larmes de pin / Laser / Laserre / Latacan / Lathaby / Lathyrus
423	0429	Lathyrus / Latus / Laudau / Laurel / Laurent-sur-Sèvre / Laurier canelle / Laurus
424	0430	Laurus
425	0431	Laurus
426	0432	Laurus / Lava mani / Lavande male / Lavements / Lawsonia / Laza / Layong-layong / Lebarkh / Leghuguana / Lecythis / Leden / Leen-gao / Leg
427	0433	Leiche / Leitera / Lemna / Lenientia / Leonina Herba / Leontice Leontopetalum / Leontopodium / Lépidine / Lepidium / Leptotis Bicolor / Leucadendron / Lézard / Lhebalt Kahoule / Liane / Libanotis / Libbi / Libidibi
428	0434	Libidibi / Liche / Lichen
429	0435	Lichen
430	0436	Lichen
431	0437	Lichen / Lichtfield / Licti / Lieu
432	0438	Lieu / Lièvre marin / Ligature / Liggia / Lignite / Lignum papuanum
433	0439	Lignum visci quercini / Ligularia / Ligustrine / Lilacine / Lilag / Lilium / Limax
434	0440	Limax / Limestone / Limeum / Limmer / Limon vert pétrifié de la rivière des Amazones / Limonia trifoliata
435	0441	Limonia trifoliata / Lingo / Lingoa / Linum / Lion marin / Liqueur / Liquidambar
436	0442	Liquidambar / Lirio-banado / Liriodendrine / Lis blanc / Lisary / LIseron épineux / Lithontriptiques
437	0443	Lithontriptiques / Lithospermum / Litophytes
438	0444	Litorne / Litsaea / Liuto / Lobackh / Lobalo / Lobelia
439	0445	Lobelia / Loblolly / Locaste / Locuste / Lodoicea sechellarum / Loesch / Loegtan / Lolium / Long-Yen / Lonicera / Lons-le-saulnie
440	0446	Lons-le-Saulnier / Loose-strise / Lotos / Lou / Louan-jovy / Louesche / Loup de mer / Lub / Lucet / Luchon / Luculi-Swa / Lucuma
441	0447	Lucuma / Lucumo / Luffa / Lum / Luma / Lumbricus / Lumen constans / Lune / Lunebourg
442	0448	Lupinus / Lutat / Luxeuil / Luzuriaca radicans / Lychnis
443	0449	Lychnis / Lycion / Lycium / Lycoperdon / Lycopodium
444	0450	Lycopodium / Lygeum / Lyncarium / Lysimachia / Lithrum salicaria / Maby / Mabol / Maca bubay / Macam / Maccai / Macer / Mache-Fer
445	0451	Mache-fer / Machilla / Macho / Maclura aurantica / Macomeira / Macqui / Macre / Macropiper / Madar / Madd / Madder / Madia / Madooka / Madorius / Maenomenoa
446	0452	Maglia / Magnanitas / Magnésie
447	0453	Magnésie
448	0454	Magnésie
449	0455	Magnésie / Magnétisme animal
450	0456	Magnétisme animal / Magney / Magnolier / Mahamé / Mahaut / Maillechort / Makarekar / Main de Dieu / Maïs d'eau / Maïs noir / Maïs peladero / Mala Insana / Malabathrum / Malachita / Maladies
451	0457	Maladies / Malachita / Malagué / Malambo / Malo-manghit / Malaxation / Malope trifida / Malou (la) / Malt / Malum assyriae
452	0458	Malum citreum / Malum granatum / Malum medicam / Malus persicum / Malus / Malva / Mamaghoa / Mamoera / Mana / Manbou / Mancenillier de barrière / Mancinilla / Mandanauza / Mandioca / Manduy / Manettia / Manga-Noui / Manganese
453	0459	Manganese / Mangas-bravas / Mangeet / Mangifera / Mangium excelsum / Manglier / Mangouste d'Egypte / Mangue / Mani
454	0460	Mani / Maniguette / Maning / Manioc amer / Manja-kua / Manjolet / Makapa / Manne / Mannite / Mansaroke / Manteigas
455	0461	Manteigas / Mantèque / Mappam / Maquereau batard / Maquimaqui / Maracaibo / Maraena / Maranta / Maratek el Dahabi
456	0462	Maratek el Dahabi / Marc / Marcassite d'Or / Marchantia
457	0463	Marchantia / Marfuma / Margol / Margosa / Maria viegas / Mariage / Marie / Marigouja / Marjolaine sauvage / Marmer / Marmotte / Marouette / Marrubium / Marsdenia tenacissima / Marsilea coromandeliana
458	0464	Marsilea coromandeliana / Martinsia physalodes / Martres-de-veyre / Marzana / Mas / Masohy / Massage / Massue d'hercule / Mastic femelle / Mastichine / Mata-palo / Mataba / Matamata / Matarée
459	0465	Matarée / Maté / Mati / Matica / Matière médicale
460	0466	Matière médicale
461	0467	Matière médicale
462	0468	Matière médicale
463	0469	Matière médicale / Matière Résiniforme du Quinquina / Maurita / Mauve Jaune / Mava-cura / May / Maynas / Mays / Maysour / Machamech / Mechoacan blanc / Méconine / Médague
464	0470	Médague / Médicine blanche / Médicine noire / Medicago / Médicaments
465	0471	Médicaments
466	0472	Médicaments
467	0473	Médicaments
468	0474	Médicaments
469	0475	Médicaments
470	0476	Médicaments
471	0477	Médicaments / Médication / Médicinal naphtha / Médinier sauvage / Medre Amboye / Méduline / Meetlé / Mehadia
472	0478	Mehadia / Méjahoèse / Mel-sanech / Melaleuca
473	0479	Melaleuca / Melambo / Melampyrum / Melancorhynchos / Melancorhynchos / Melanoxylon brauna / Melaparius / Melia / Méliacées / Melilotus
474	0480	Melilotus / Melipona / Mélisse des Antilles / Meloe
475	0481	Meloe
476	0482	Meloe / Melolontha vulgaris
477	0483	Melolontha vulgaris
478	0484	Meloukié / Mendole / Menispermum / Mentha / Menya / Mer / Mercaptan
479	0485	Mercaptan
480	0486	Mercaptan
481	0487	Mercaptan
482	0488	Mercaptan
483	0489	Mercaptan
484	0490	Mercaptan / Mercurio-Végétal / Merde à colas / Mère aux poux / Méré / Meresic / Mérigeane / Merise / Merise d'amérique / Merlange / Meroïs / Merrain / Mescoutine
485	0491	Mesembryanthemum / Mespilodaphne pretiosa / Mespilus / Metaux
486	0492	Metaux / Météorologie / Méthode épidermique / Méthode hémospasique
487	0493	Méthode hémospasique / Métombas / Metopium / Meva / Meye / Mez / Micania / Miel
488	0494	Miel de colbaschi / Miel de maguey / Miellat / Miellin / Mier / Mikania / Mil / MIlan de mer / Milia / Millefleurs / Millepieds / Millet de cananor
489	0495	Millet long / Millet à panicule / Millet des nègres / Millubines / Mimosa / Mimusops Elenci / Minéraux
490	0496	Mingau / Minguar / Mirabilis / Mirasole / Mischeri / Mishme teeta / Mispikel / Mitre / Mijer-Ammar / Mochayet
491	0497	Modera canni / Modoros / Moelle de Pierre / Mogorium sambac / Moha de Hongrie / Mokos / Mollène / Mollète latifolia / Mollo / Molucane / Momordica
492	0498	Monchiri / Mondo / Monésia / Mongo / Monnina / Monnoyère / Monoe / Mont d'Or
493	0499	Mont d'Or / Monte secco / Montmirail / Mopamopa / Morella rubra
494	0500	Morella rubra / Morena / Moriche / Moringa / Morocha / Moronobea / Morphine
495	0501	Morphine
496	0502	Morphine / Mors du diable / Morses / Mort de froid / Morue / Moruche blanche / Morunga / Morus
497	0503	Morus / Moschus / Mospila / Moteux / Motha-ghas / Mou / Moucou-moucou / Mouflon / Moussache / Mousse
498	0504	Mousse / Mousseron / Moutaras / Moutarde / Moxa / Mucu / Mucura / Mulos / Munjeet / Muntjac / Muraena / Murat-lequaire / Murier du ver à soie
499	0505	Mus / Musa
500	0506	Musa / Musc / Muscades / Musculia / Musculus / Muscus cinereus terrestris / Muscus Cranii humani / Musique / Muskajan / Musquée / Mussaendas stadmanni / Mustela / Muxana / Mwey-Chu / Myosotis / Myrica
501	0507	Myristica / Myrobalan belleric / Myrobolan / Myroxilum
502	0508	Myroxilum / Myrrha aminnea / Myrrha imperfecta / Myrrhe / Myrrhoide / Myrte sauvage / Myrtus
503	0509	Myrtus / Myrtile / Myte / Naba / Nacascol / Naga / Nagaramastac / Nagu / Nagur-motha / Naizoni / Naka / Nalla-mulla
504	0510	Nalla-mulla / Nambok / Nang-kauvagan / Nangué / Nani / Nanti / Napaea Laevis / Naphtha / Naphtaline
505	0511	Naphtaline
506	0512	Naphtaline / Naples / Narcéine / Narcisse
507	0513	Narcisse / Narcotine / Narcotiques / Nard
508	0514	Nard foliacé de l'Inde / Nard champêtre / Nard du dauphiné / Nard sauvage / Nardus celtica / Nasitor / Natro / Natron / Nauclea / Naukoni / Nauta / Navet Jaune / Nebek / Nectaire / Nectandra rodiei
509	0515	Nectandra rodiei / Nedum-schetti / Nèfle d'Amérique / Nekai / Nelica / Neoufar / Nepeta / Nephelium lappaceum / Neris / Netzin / Nez coupé / N'Griarr / Nhandiroba / Nicke-caronde / Nicolaï / Nicotiana
510	0516	Nicotiana
511	0517	Nicotiana
512	0518	Nicotiana
513	0519	Nicotiana
514	0520	Nicotiana / Nicou
515	0521	Niederbronn / Nigella / Night-shade / Nil / Ningilan / Niopo / Nirupousée / Nissoubus / Noctiluca Aerea / Noir d'Espagne / Noir de fumée / Noiret / Noirot / Noisettes franches / Noix de bancoul / Noix d' enfer / Noix de kalmouk
516	0522	Noix purgative / Nokoko / Noli tangere / Nombril de Vénus / Nook / Nobembega / Nosocratique / Nostlig / Nostoch / Nouzillier / Novoli / Noyau d'Amérique / Noyaux
517	0523	Noyaux / Noyer du Japon / Numida meleagris
518	0524	Numida meleagris / Nux medica / Nymphaea / Nyons / O'Char / Oauassu / Obersalzbrunn / Ocymum / Ocotea
519	0525	Ocotea / Ocre / Ocuba / Oculina virginea / Odeurs / Oegylops
520	0526	Oeil de Boeuf / Oenanthe / Oenocarpus / Oestrus / Oeufs de bufle / Ognon d'Egypte / Oiseau trompette / Oldenlandia / Olea
521	0527	Olea
522	0528	Olea / Oléo-résines / Oléo-tartrates / Oleum / Olio d'aveto / Olive à grosse peau / Olivier du nord / Olivier de normandie / Olonga / Olus / Olyra
523	0529	Olyra / Ombu / Ongle / Onguents / Onipou / Ononine / Ontis / Oobée / Ooroo / Opah / Openawch / Ophidium viride / Ophioglossum
524	0530	Ophiorrhiza mungos / Ophioxylon / Opian / Opium
525	0531	Opium
526	0532	Opium
527	0533	Opium
528	0534	Opium
529	0535	Opium
530	0536	Opium
531	0537	Opium / Opopanax / Oporo-maa / Or
532	0538	Or / Orange de mer / Orcanette / Orchis
533	0539	Orchis / Ordéal / Orreille d'ours / Orembourg / Orfota / Orge / Orgibao / Orheto / Oriol / Orme à trois feuilles / Ormskirck / Orobanche
534	0540	Oronge blanche / Orozuz / Orpiment / Orseille de terre / Ortech / Ortie / Ortie rouge / Oryza
535	0541	Oryza
536	0542	Oryza germanica / Osier / Osmunda / Ostéocolle / Ottong / Ouaracha / Ouienta / Oularlimpi / Oune / Ouoi-randra / Oupas / Ouriol / Ours / Ouvirandra
537	0543	Ouvirandra / Ouycou / Ovighan / Owoando / Oxalis
538	0544	Oxalis / Oxydes / Pacari
539	0545	Pacari / Pacora / Pacta-valam / Pada / Padoue / Padus / Pady / Paeonia
540	0546	Paeonia / Pagel / Paidoline / Pain / Pakchoi / Palacinum / Palamoute / Palao / Palicurea / Palissandre / Palam vinifera secunda / Palmiers
541	0547	Palmiers / Palmitto / Palo blanco / Palo de malambo / Palo de Luz / Palomaria / Pamet / Panacoco / Panassou / Pandecaque / Panic noir / Panicum
542	0548	Panicum / Panmorium / Panoma / Pausipane / Pantagruelion / Pantouflier / Pao balsamo / Pao de sangre / Pao mi / Pao pereira / Papalissa / Papas / Papaver
543	0549	Papaver / Papayer
544	0550	Papepillo / Papier / Papita / Paraguatan / Parahiba / Parancura / Paraquata / Paratudo / Pareira / Pareira brava / Parietaria / Parilla / Parillinique
545	0551	Parillinique / Pariperoba / Paris
546	0552	Paris / Parlon / Parmentiera edulis / Parobo / Parruca / Pas / Passerage / Passiflora / Passy / Pastel d'ecarlate / Pastenague / Pat-kola / Patarra / Patchouly
547	0553	Paté / Paterna de la rivera / Patira / Patma / Patsjotti / Paullinia
548	0554	Paullinia / Payco / Pé de gallinha
549	0555	Pé de perdis / Pé de tsaie / Pea / Peau de chagrin / Pêche-bicout / Pêche lait / Pêcher / Pectine / Pedicularia / Peganum harmala / Pekia / Peladero / Pélosine / Pelote animale / Pelote marine / Peluda / Pemmicam / Penamacor
550	0556	Penamacor / Pendejera / Pensée à grandes fleurs / Pentaphyllon / Penticosa / Pepo / Peralu / Pedrix de la rivière / Pedrix rouge / Periardra dulcis / Périgueux / Perino / Perle rouge / Peroba / Persica
551	0557	Persica / Persicaire amphibie / Persil des marais / Pervenche du cap / Pésal / Pesse / Pet d'ane / Pétanielle / Petit basilic sauvage / Petit cousin / Petit gris / Petite Digitale / Petite frégate
552	0558	Petiveria / Pétromyron / Peucedanum ammoniacum / Pévatti / Peyton / Peziza auricula / Phalaris canariensis / Phallus
553	0559	Phallus / Pharmaceutique (la) / Pharmacodynamie / Pharmacographie / Pharmacomathie / Pharmacotechnie / Phaseolus / Phellandrium
554	0560	Philippodendrum regium / Phloridzine / Phoenix / Phonique / Phormium tenax
555	0561	Phormium tenax / Phosphore / Physalies
556	0562	Physalies / Physique médicale / Phytelephas macrocarpa / Phytolacca
557	0563	Phytolacca / Pi-tan / Piacaba / Piakimine / Piapi / Picacuan / Picamare / Picao da praya / Picdicroce / Picnocomon / Pichurim / Picrolichenine / Pied de cheval / Pied de lièvre / Piémont
558	0564	Pierre d'arabie / Pierre bleue / Pierre à champignons / Pierre divine / Pierre indique / Pierre miraculeuse / Pierre de porc / Pierre samienne / Pierre de serpent / Pierre de Saint-Paul / Pierre de tivoli / Pietra fungaria / Pietrapolla / Pigne
559	0565	Pignon d'Inde / Pila marina / Pilchard / Pile à auge / Pilluen / Pilo / Pilules Angélique / Pilules lumineuses / Piment / Pimpinella / Pin / Pincement de la Peau
560	0566	Pincement de la Peau / Pinchbeck / Pines / Pinguicula vulgaris / Pinhao / Pink-root / Pinnicus / Pinus
561	0567	Pinus
562	0568	Pinus
563	0569	Pinus / Piper
564	0570	Piper / Piperlin / Pyraya / Pircun / Pirenta / Pistacia
565	0571	Pistacia
566	0572	Pistacia / Pisum
567	0573	Pisum / Pitaiaya / Pithecollobium / Pithyuse / Pitilo / Pito / Pitte / Pivoine en arbre / Pivoulade de saule / Plan de phazi / Planera crenata / Plantago / Plantain à serpent / Plantane / Plante à bière / Plante des eunuques / Plantes
568	0574	Plantes / Planu-espis
569	0575	Planu-espis / Plastiques / Platane / Platanus / Platine / Plectranthus
570	0576	Plectranthus / Pleuritis / Pleutonectes / Pleurs de la vigne / Plie / Plomb
571	0577	Plomb
572	0578	Plomb / Pnnhète / Poa
573	0579	Poa / Poenammoo / Poerou / Pogostemon / Pohuc / Poils à gratter / Poinciana
574	0580	Poire / Poireau de mer / Poirier piquant / Pois blanc / Pois à bouquet / Pois pigeons / Pois carré de l'Ile de France / Pois sabre / Pois de senteur / Poison américain / Poison des coliques / Poison enracé / Poisons
575	0581	Poisons
576	0582	Poisons
577	0583	Poisons / Poisson lune / Poisson noir / Poivre de guinée / Poivre long / Poivré / Poix / Pollen jutlorum / Pollo
578	0584	Pollo / Polygala / Polygonum
579	0585	Polygonum
580	0586	Polygonum / Polypodium
581	0587	Polypodium / Polyporus / Pomatia / Pomme
582	0588	Pomme / Pompe / Pompion / Pompona / Ponc / Ponosi / Pontique / Populares / Porchefontaine
583	0589	Porchefontaine / Porta / Porte-glaive / Position des parties / Poso / Posologie médicale
584	0590	Posologie médicale / Potassium
585	0591	Potassium
586	0592	Potassium / Potentilla / Potias / Pou de bois / Poudre à canon / Poudre de pilo / Pougues
587	0593	Pougues / Poulard / Poule d'eau / Poule d'inde / Poule qui pond / Pouliot de Montagne / Poulque / Pouo-Chang / Pourpre / Poutou-tan / Pouzzolles / Prangos pabularia
588	0594	Prangos pabularia / Prasion / Précipité / Principe oxygine / Procosempic / Pronodjicio / Propiac / Propriétés des médicaments / Protium javanicum / Provatura / Provins
589	0595	Prune / Pruse
590	0596	Pruse / Prusse / Pseudo-bunium / Pseudo-melanthium / Pseudo-quina / Psoralea / Ptarmique / Ptelea / Pteris / Pterocarpus
591	0597	Pterocarpus / Pterospermum / Pucho pat / Pukovich / Pukoon / Pullna / Punica
592	0598	Punica
593	0599	Punica / Purga de gentio / Purgatifs
594	0600	Purgatifs / Purgation des etoiles / Purrée / Put-su / Puzichello
595	0601	Puzichello / Pygargue / Pyrenées / Pyrénéine / Pyrethrum / Pyrhocorax / Pyrmont / Pythonia
596	0602	Qua Quaare / Quai-ko / Quakers / Quamiay / Quamoclit / Quantargum / Quaquara / Quanuxilotf / Quassia / Quassite / Quatre fruits rouges
597	0603	Quatre fruits rouges / Quatre petite semences carminatives / Quazuma / Quefels / Quena quena / Quercus
598	0604	Quercus / Quernus / Queue d'hirondelle / Quina
599	0605	Quina
600	0606	Quina / Quines / Quinidine / Quinine
601	0607	Quinine
602	0608	Quinine
603	0609	Quinine
604	0610	Quinine
605	0611	Quinine
606	0612	Quinine
607	0613	Quinine
608	0614	Quinine
609	0615	Quinine
610	0616	Quinine / Quino do mato / Quinoidine / Quinquina
611	0617	Quinquina
612	0618	Quinquina
613	0619	Quinquina
614	0620	Quinquina
615	0621	Quinquina
616	0622	Quinquina / Qumquio / Quotneh / Qwetschenwaser
617	0623	Rabienta / Racahout / Racine d'alun / Radeizera / Radin chinae / Raia
618	0624	Raia
619	0625	Raia / Raifort d'eau / Rainha / Rais da corba / Raisin / Raisiné / Ram-Til
620	0626	Ram-til / Ramenlaique / Ramoon / Ranunculus / Rapabaca / Raphanus sylvestris / Raphia vinifera / Rapolana / Rarabé / Ras El Wad / Rascasses / Raschat-guébeli / Rassa mala / Rat d'eau / Ratanhia
621	0627	Rave plate / Ravelana Madagascariensis / Raven / Ravet / Réalgar / Réalgar de l'air / Réalgar faux / Rébénac / Recoaro / Red-gomme / Redjosso / Régence / Regia
622	0628	Regia / Réglisse d'Amérique / Reilban / Reinwardtia / Remède stéphens / Remède talbot / Remedio di vaquerio / Remolon / Rennes / Renonculacées / Repercussifs / Resh / Résine
623	0629	Résine
624	0630	Résine / Résolutifs / Révulsifs / Rex amamoris / Reyne / Rhamnées / Rhamnine / Rhamnus
625	0631	Rhamnus / Rhaponticum behen / Rharha-horac / Rheum
626	0632	Rheum / Rhodes / Rhododendros / Rhubarbe d'Alexandrette / Rhubarbe blanche / Rhubarbe noire / Rhubarbe des pauvres / Rhue / Rhuibarbo Do Campo
627	0633	Rhuibarbo do campo / Rhus
628	0634	Rhus / Ribes / Richès / Ricin
629	0635	Ricin
630	0636	Rjugan / Rjuno-figa / Roa / Roanne / Rob / Robinia / Robinsonia thurifera
631	0637	Robinsonia thurifera / Robolo / Roborants / Roca malha / Roi des fourmilliers / Romarillo / Romeyer / Rondier / Roquette sauvage / Rosa
632	0638	Rosa / Rose de neige / Roseau / Rosée du Liban / Rotin / Rouen / Roulette / Roumi / Roussette noire / Rouza / Rubette / Rubia / Rubiacées / Rubrica sinopica / Rubus
633	0639	Rubus / Ruivinho / Ruko / Rum / Rumex / Rusma / Ruta / Ruzot / Sabociro / Sabutis / Saccharoles / Saccharon / Saccharum officinarum
634	0640	Saccharum officinarum
635	0641	Saccharum officinarum / Saelting / Sacki / Safran batard / Safranum d'Espagne / Sagittaire / Sagapenum / Sagittaria
636	0642	Sagittaria / Sagou
637	0643	Sagou
638	0644	Sagou / Sagouier de Madagascar / Saignée
639	0645	Saignée / Sail les château Morand / Sail sous couzan
640	0646	Sail sous couzan / Sainfoin d'Espagne / Sajor baguala / Sajor cancong / Sak / Sakiva / Salaison de cadix / Salicine
641	0647	Salins en tarentaise / Salitre / Salix / Salmo / Salsepareille
642	0648	Salsepareille / Salseparine
643	0649	Salseparine / Salsifis / Salsola / Salut / Saluth / Salvadora persica / Salvia
644	0650	Salvia / Salzhausen / Salzschuzt / Sam-tchen / Sambucus
645	0651	Sambucus / Samoens / Sampagou / Sampalu / Sampsu / San / San chou / Sanatodos / Sandaraque
646	0652	Sandaraque des Grecs / Sandaron / Sandat / Sanera / Sang / Sanga / Sanglier / Sangnamou-batou / Sangsue batarde / Sansjo / Sansonet / Santal
647	0653	Santal / Santalum rubrun / Santenay / Santo-palo / Santolina / Santonica / Santonicum gallicum / Santonine
648	0654	Santonine / Santor / Sao / Sape / Sapin gentil / Sapinette / Sapium / Saponaire
649	0655	Sapium / Saponaire d'orient / Saponine / Sappan / Sapote / Saquamelt / Sarana / Sarcocolle / Sarck / Sardine / Sari / Sarra / Sarrasin de tartaire / Sarzarilla / Sassa / Sassafras du brésil / Sassafras de guatimala / Saturnin
650	0656	Saturnin / Satyrion Erithronium / Sauge du port de la paix / Sauge des près / Saule à feuilles de laurier / Saupe / Sauterelles / Sauvagesia / Sauver
651	0657	Savon végétal / Saxh / Saxifraga / Saya-ver / Scabious / Scammonée / Scammonnée d'Europe / Scarabaeus
652	0658	Scarabaeus / Scarabée dissecteur / Scarabée pilulaire / Schaiaka / Scheru bula / Schiste / Schoenanthe / Schubertia Disticha
653	0659	Scilla / Sciuris corymbosa / Scolymus hispanicus / Scoparia dulcis / Scorps / Scorzonnera / Scrophularia
654	0660	Scrophularia / Secale / Secale cornutum / Secthium edule / Secua / Sedum / Seegros / Segray
655	0661	Segray / Seguiera allicea / Seigle de Pologne / Sel / Selago / Seltz / Semecarpus
656	0662	Sermen-contra / Semmeria / Semi-homo / Senchy / Séné / Sena do campo / Sennegrain / Sep / Sepia / Serente / Seringeira / Serinx / Sepent noir / Serpentaire femelle / Serpentaires / Serquis
657	0663	Serronia jaborandi / Sesamum orientale / Sesbania / Sève des végétaux / Sewel coronde / Sexh / Sharmuth / Shea-toulon / Siala
658	0664	Sibipira major / Siboa / Sicarost / Sicyos edulis / Sida / Side / Sidra / Siger / Silene / Silphion / Silurus / Silver-bark / Simaba
659	0665	Simaba / Simaronna / Simarouba / Sinapine
660	0666	Sinapis
661	0667	Sinapisme / Sindrie-Mal / Sinope / Sioku / Sipo / Siponcles / Siredj / Sirène / Sirium Album / Sisai / Sisarum / Sisymbrium / Sizygium / Sjaden / Sji noki / Sjokusa / Sjooro / Skietesaon / Smegmadermos / Smiki / Smilacine
662	0668	Smilacine / Smilax
663	0669	Smilax / Snow-berry / Soa kiel / Soc / Soccombid-gi-kuh / Sodium
664	0670	Soelting / Soie / Sola / Solanées / Solanum
665	0671	Solanum
666	0672	Solanum
667	0673	Solanum
668	0674	Solanum / Solfatara / Solenostemma arghuel / Solidago / Sonchus / Sondi-fa-fat / Sone / Songe / Sonnen-thau / Soo / Soon-koong / Sophora / Sorbus
669	0675	Sorbus / Sorgho / Sorghum / Sorindeia pinnata / Sorrel / Sorveira / Sou-ping / Souchet sultan / Soufre
670	0676	Soufre
671	0677	Soufre / Soultz-les-bains / Source / Sowa / Spa / Sparadraps / Spargirisme / Spart / Spécifiques
672	0678	Speiron / Speltre / Sphoerococcus acicularis / Sphragis / Sphondilis / Spicanard / Spigelia / Spina / Spinacia oleracea
673	0679	Spinacia oleracea / Spiraea / Spissantia / Spondias / Spongia / Spongiola cynorrhodon / Squine
674	0680	Ssi / Ssio / Stangnotique / Stalagmitis
675	0681	Stalagmitis / Stapelia / Staphysain / Staroboubka / Statice / Statistique / Steatornis caripiensis
676	0682	Steccherius / Stenostomum / Sterculia / Sterus nigrum / Stipa / Storax / Stramen cameleorum / Strandgros
677	0683	Strigmenta / Struma / Struthium / Strychnine
678	0684	Strychnine / Strychnos
679	0685	Strychnos / Stryphnodendron / Styracine / Styrax / Substitutifs / Suc gastrique
680	0686	Suc Gastrique / Succin / Succion
681	0687	Succion / Succoji-fa / Sucottes / Sucre / Sudatorium / Sudorifiques / Sugmina / Suie
682	0688	Suie
683	0689	Suie / Suing / Sulfate d'Azadirine / Sulfo-sinapisine / Sulla / Sulphur nativum crundun / Sultané / Suma / Sumac / Suppositoires / Suppuratifs / Suren / Sus
684	0690	Sus / Sutiles / Swalopps / Swietenia / Sykaran / Syllci-pria / Sylphion / Symoron / Symplocos / Symplocarpus foetidus / Synaptase / Synodon / Synonimie / Syringine / Tabac / Tabayaba / Tabernaemonta
685	0691	Tacamahaca / Tacamez / Tacfove / Tachi / Tachia Guianensis / Tachiné / Tagal / Tagarey-verey / Tagera / Tagetes
686	0692	Taheinou / Tai-Hoang / Taijua / Taijuva / Tajabussa / Tajoba / Takka / Tallano / Tamanu / Tamarinier / Tamarix / Tambour / Taminia / Taminier / Tan / Tancasson
687	0693	Tancasson / Tanche de mer / Tangong / Tangay / Tanghinia venenifera / Tangle / Tangomokonomingué / Tanguem / Tanna / Tannin
688	0694	Tannin
689	0695	Tannin / Tanroujou / Tapinahoam / Taquara / Tarasp / Tarassum / Tarate / Taratouffi / Taraxacine / Tarbais / Tarfa / Tarmeric / Tartorah / Tartufolli / Tartufolo / Tatai-Iba / Tavara da arena / Taxus
690	0696	Taxus / Taya / Tayuya / Tazard / Tcha-tchou / Tchaad / Tchagban / Tchai / Tchechum / Tchicomame / Tcholen / Tchu-tchu / Tchu-kou / Tchuvi-Ovi / Teatina / Tecomajaca / Tectona / Teel
691	0697	Teff / Teguixin / Teige / Teigne / Teintures / Teka / Temps
692	0698	Temps / Terebenthina / Térébenthine
693	0699	Térébenthine
694	0700	Térébenthine
695	0701	Térébenthine
696	0702	Térébenthine
697	0703	Térébenthine
698	0704	Térébenthine / Teres / Terfeh
699	0705	Terminalia / Termites / Terre / Terroot / Tersez / Tessières-les-boulies
700	0706	Tessières-les-boulies / Tétaniques / Tête d'Adam / Tetracera / Tha / Thalictrum / Thalphusa / Thea
701	0707	Thea
702	0708	Thea
703	0709	Thea
704	0710	Thea
705	0711	Thé / Thébaïne / Theca / Thef / Théine / Theobroma
706	0712	Theobroma / Thérapeutique
707	0713	Thérapeutique / Theriaca / Thériaca articulorum / Thériaque du foie / Thériaque de mer
708	0714	Thériaque des pauvres / Thermie / Thespesia macrophylla / Thevetia / Thil / Thim-hio / Thimoty / Thonine / Thora / Thrauston / Thrône de la Terre / Thryallis / Thym des anciens / Thymbra / Thymus / Thyon / Tiburon / Ticorea febrifuga / Tirrker
709	0715	Tieuté / Til / Tilia / Timbo / Timothy / Tingulong / Tirelardon / Tisanes / Tiant-kotte / Toa / Tobel / Tobira / Toddy / Toeplitz / Tokasse / Tol / Tolérance / Tolomane / Tomabula / Tamallo / Tonga / Tongmonnam
710	0716	Tongmonnam / Tonlola / Too sei / Tookibi / Toona / Tooth ache tree / Topaze des anciens / Tophus bovinus / Topographie médicale / Tord-cou / Tougni-tougni / Touloucouna / Touranaby / Tournesol / Toutenague / Touvois / Touzelle
711	0717	Toxicologie / Trangacanthum indicum venereum / Traitement arabique / Tralhuen / Tramhu / Transfusion / Trascalan perforé / Trasi / Travellers tree / Treeak farook / Trèfle à la fièvre
712	0718	Trèfle jaune / Trèfle des prés / Tremella / Trépan / Trepoerava / Traianosperma / Trichilia / Trifolium / Trifolium caballinum / Trigonnella
713	0719	Trigonnella / Tremenia / Trimbareille / Triolet / Tripan / Tripolium / Triticum
714	0720	Triticum
715	0721	Triticum / Trixis / Trocart / Trou (le) / Truffola / Truie de mer / Tsao-keou / Tsi-Ju / Tsiboco / Tsiad / Tsin-phi / Tsjam-cumul / Tsjeru-katu-valli canibam / Tuber
716	0722	Tuber / Tubéracées / Tucari / Tue-diable / Tuggkada / Tulipa / Tulpaz / Tupurupo / Turbadt / Turbith rouge / Turfet / Turmeric / Turquie
717	0723	Tussac / Tutie / Tukira / Tyn / Typha / U / Ubas / Uebueb / Ulmaria / Ulmus / Ulpu / Ulva / Unguis cati / Unguis odoratus / Upaguando
718	0724	Upas / Urba / Uredo / Uriage / Urine / Urtica
719	0725	Urtica
720	0726	Urtica
721	0727	Urtica
722	0728	Urtica / Urtica / Uru / Uua-he-taitchou
723	0729	Uva camarona / Uva marina / Uvero / Uvica / Vaassou voura / Vaccinia rubra / Vaccinium / Vache marine / Vaches / Vaembu / Vaguinang-boua / Val-da-mo / Valdier
724	0730	Valdier / Valeriana / Valérianique
725	0731	Valérianique / Valériane des jardins / Vallezia / Vals / Vandellia diffusa
726	0732	Vandellia diffusa / Vanilla
727	0733	Vanille / Vapeurs / Varengeane / Vareta / Varingni / Variolaria amara / Variole / Vatadagou / Vatti / Vaudier / Vaugarny
728	0734	Vaugarny / Velanède / Ventouses
729	0735	Ventouses / Vératre / Vératrine
730	0736	Vératrine / Varatrum / Verbascum
731	0737	Verinnua / Vernet / Vernis / Vernis de corsama / Vernis de pasto / Véronique cressonée / Verrat / Verveine du pérou / Vésicants / Vésicatoires / Vésone / Vesoul
732	0738	Vespertilio / Vetiveria odoratissima / Vetonica / Vi / Viande / Viburnum / Vic-en-carladez
733	0739	Vic-en-carladez / Vichy
734	0740	Vichy
735	0741	Vichy
736	0742	Vichy
737	0743	Vichy / Vicia / Victoria regia / Victoriale / Viédase / Vieux-oing / Vignau / Vigne blanche / Vigne à caoutchouc / Vignement / Vigniatico / Villa vecosa
738	0744	Vin de genevrier / Vinaigre / Vinaigrillo / Vins médicinaux / Viola / Viorne / Viouletta / Vipera
739	0745	Vipera / Vipère / Viperine de virginie / Virola sebifera / Virou / Viscago / Vischio di masticogna / Viscine / Viscum
740	0746	Viscum / Visos / Vitis / Vitriol fumant / Vittie vayr / Viverra / Voaganga / Voai-marang / Voatanghing / Voilier / Volang-rondi-pouni / Volonté / Vorra cabacourra
741	0747	Vosges / Voua azigué / Voua / Vuendrang / Vutmab'hu / Walan / Wallenparei / Waltheria / Wampée / Waroucombang / Weba / Wéhée / Weilbach
742	0748	Weilbach / Werinnua / Werm-Seed-oil / Wharra / Wiesbaden / Wildeg / Winter-green / Wiskey / Wooddy carthagena / Woodiam-pultay / Wooginos / Woutta-pana / Wurali / Xara / Ximenia laurina / Xircust / Xylocarpus / Xylophages / Xylopia
743	0749	Xylopia / Xylopicron / Yallhoy / Yat / Yati / Ybira-payé / Ybira-rema / Yerba matica / Yerba naiureve / Yerva moradera / Yorre / Youptu / Ypadu / Ypu / Zabbara / Zahafaran / Zanthoxylum / Zarza parilla prima / Zea
744	0750	Zea / Zelkoua / Zinc
745	0751	Zinc
746	0752	Zinc / Zingiber / Zizyphus
747	0753	Zizyphus / Zodiaque / Zolhafoe / Zoologie médicale / Zostera oceanica / Zygophyllum / Zythum / Zythus
748	0754	Aboulschamm / Aceite / Achoriis / Achyranthes lanata / Aconitum
749	0755	Aconitum / Acrosticum / Acupuncture / Addoes / Ageratum conyzoides / Agu / Aguillon / Aizoon canariense / Ajava / Alezzani / Alpinia / Ambuia / Ambuyembo
750	0756	Ametto / Amsle / Anamirta / Andaa-cu / Andé / Andropogon / Angensi abifesso / Angostora / Anguai / Antidote coscoon / Antimoine / Apirine / Arabine / Aracatcha
751	0757	Aranea / Arapuu / Arbore de santo-thoma / Arbre bien aimé / Arbre de la Saint-Jean / Ariki-Kai / Arsenic / Asa-foetida / Asa-peixe / Asagraea / Bablab / Babonneg / Badasabala / Bainfel / Bains maudits / Barbiaca / Basab / Basoura / Bassorine / Batta valli / Baume de Saint-Salvador / Béli-babolah / Ben sanech / Benji
752	0758	Betta / Binny / Birr / Bitume glutineux / Boigordo / Bois dartres / Bois d'evilasso / Bois de garo / Bois de rape / Bois rose des ébénistes / Bonavista / Bougies médicinales / Brucine / Buyad cambin / Byarou
753	0759	Byarou / Caga-fogo / Calamus / Caldoniceia
754	0760	Caldoniceia / Cana de macaco / Caoutchouc / Caprifiguier / Capsicum / Cardamomes
755	0761	Cardamomes / Careiras / Carellia / Cariocostin / Carogtrong / Casagui / Cassia / Cassia lignea / Castagnara / Cauchilla / Cautère actuel / Centro Espigado / Charbon animal
756	0762	Charbon animal / Charbon végétal / Chols el Okeb / Citrus / Coccus
757	0763	Coccus / Codéine / Coffea / Colombo d'Amérique / Compression / Contre-poison / Convolvulus
758	0764	Convolvulus / Copal de Brésil ou Copal tendre / Corsinion / Cruchade / Curdon / Cyanhydrargyrate d'iodure de potassium / Cyanogène / Cynanchum Arghuel / Cyprès Femelle / Ductan / Dummodo / Eau / Escaoutou / Esquine / Estiva Nervios
759	0765	Faudiane / Faux Giléad / Ficus / Fiel d'Ane / Filets / Fironé / Foin de Chameau / Frooli / Frutta de Areva / Garad / Gargydan / Garoi / Gen-Seng / Glas / Gluten Granulé / Gomme de Mélèze / Goto / Graines de Baume / Graisse de Palme / Gramen / Guano
760	0766	Guduché / Gulanelia / Hamarare / Herba cardui flavi / Hêtre moucheté de cayenne / Hirudo / Hui-tsai / Hypostenisants / Ibicuiba / Icirariba / Imbonda / Incienso / Injections / Iodhydrargyrate de chlorure mercureux
761	0767	Iodhydrargyrate de chlorure mercureux / Jagre / Jandaira / Jatai / Kali / Kallurju / Karataz-banna / Kemma / Kerlhalid / Khaya / Kokoai / Koonaky / Koory / Lafoensia pacari / Laurel / Lavardens
762	0768	Lavardens / Lentilles de peluse / Lepto-centaurea / Litammani / Lythine / Macauba / Macoucana / Magnésie / Malejas / Mambusa / Mandosaia / Mandogaia / Manga / Manioc-agouti / Margallions velus / Marimbondo / Mata canna / Mate
763	0769	Mate / Médicaments / Mel sanech / Menthe / Mentrasto / Mercure / Mil des maures / Mirosine / Moringa / Motchallo / Motu / Murrena / Murier des osages / Muscade accawai / Nabq / Naga / Nboum / Nernadal
764	0770	Netsjatam / Nicolas / Nopal de castille / Ojos del cato / Omomi / Orelha do rato / Ozozuz / Palmiers-joncs / Palo di aceito / Pamma / Paupeira / Paya / Payco / Peal moss / Phascomille / Pierrefonds / Pinheiro de purga / Poa
765	0771	Poa / Poison d'Ane / Populus / Pousset / Purga du Joao Paez / Puy-De-Dome / Qcysoun / Quercus / Quina / Quinquina Patte de canard / Racine Amère de la Chine / Réfrigérants
766	0772	Réfrigérants / Resinello / Resino Imbra / Rouzat / Rriam / Sandoval / Santo / Sany sany / Sapientissima arborum / Satias / Semen contra / Sola / Soude d'Alexandrie / Sulfhydromètre / Tagua / Tamma / Taté / Thokobessa / Toffs / Tsi / Tuba baccifera
767	0773	Tuba baccifera / Tubaroy / Tuberaria / Tubihu / Tuckatroo / Tui juva / Tureys / Uroda / Urusu / Vapeurs / Vascomille / Veraulle / Vigniatica / Vincent
768	0774	Vincent / Wabba / Zib el ard / Zyziphus
769	0775	Index Morborum
750	0776	Index Morborum
751	0777	Index Morborum
752	0778	Index Morborum
753	0779	Index Morborum
754	0780	Index Morborum
755	0781	Index Morborum
755	0782	Index Morborum
757	0783	Index Morborum
758	0784	Index Morborum
759	0785	Index Morborum
760	0786	Index Morborum
761	0787	Index Morborum
762	0788	Index Morborum
763	0789	Index Morborum
764	0790	Errata Général des six Volumes et du Supplément
785	0791	Errata Général des six Volumes et du Supplément
786	0792	Errata Général des six Volumes et du Supplément
787	0793	Errata Général des six Volumes et du Supplément
788	0794	Errata Général des six Volumes et du Supplément
789	0795	Errata Général des six Volumes et du Supplément
790	0796	Errata Général des six Volumes et du Supplément
791	0797	Errata Général des six Volumes et du Supplément
792	0798	Errata Général des six Volumes et du Supplément
