page	refimg	chapitre
[sans numérotation]	0001	[Page de faux-titre]
[page blanche]	0002	
[sans numérotation]	0003	[Page de titre]
[page blanche]	0004	
1	0005	Dictionnaire de thérapeutique de matière médicale, de pharmacologie, de toxicologie et des eaux minérales / Chlorures
2	0006	Chlorures
3	0007	Chlorures
4	0008	Chlorures
5	0009	Chlorures
6	0010	Chlorures
7	0011	Chlorures
8	0012	Chlorures / Chocolats
9	0013	Chocolats
10	0014	Chocolats
11	0015	Chocolats
12	0016	Chocolats
13	0017	Chocolats / Choléique
14	0018	Choléique / Chopart / Choranche / Christau / Chromates / Chrome
15	0019	Chrome
16	0020	Chrome
17	0021	Chrome
18	0022	Chrome
19	0023	Chrome / Chrysarobine / Churrus / Cicca / Ciclamine / Cicutine / Cidre
20	0024	Cidre
21	0025	Cidre / Cigares
22	0026	Cigares / Ciguë
23	0027	Ciguë
24	0028	Ciguë
25	0029	Ciguë
26	0030	Ciguë
27	0031	Ciguë
28	0032	Ciguë
29	0033	Ciguë
30	0034	Ciguë
31	0035	Ciguë / Ciments dentaires
32	0036	Ciments dentaires / Cinchona / Cinchonicine / Cinchonidine / Cinchonine / Cinco-folhas / Cinnabre / Cinnamomum / Ciotat
33	0037	Cires
34	0038	Cires
35	0039	Cires / Citrin / Citron
36	0040	Citron
37	0041	Citron
38	0042	Citron
39	0043	Citron / Citrouille / Civillina / Civettes
40	0044	Civettes / Civita-vecchia / Clarification
41	0045	Clarification / Clavée / Clématites
42	0046	Clématites / Clermont-Ferrand / Clifton
43	0047	Clifton / Cloportes
44	0048	Cloportes / Coaltar
45	0049	Coaltar / Coamo / Coca
46	0050	Coca
47	0051	Coca
48	0052	Coca
49	0053	Coca / Coccus / Cochenilles
50	0054	Cochenilles
51	0055	Cochenilles / Cochlearia
52	0056	Cochlearia
53	0057	Cochlearia
54	0058	Cochlearia / Coconuco / Cocotier
55	0059	Cocotier / Codamine / Codéine / Coiner's / Coin / Coings
56	0060	Coings / Coise
57	0061	Coise / Colberg / Colchique
58	0062	Colchique
59	0063	Colchique
60	0064	Colchique
61	0065	Colchique
62	0066	Colchique
63	0067	Colchique / Colcotar / Cold-cream / Cold / Colléine / Collioures / Collodion
64	0068	Collodion
65	0069	Collodion
66	0070	Collodion
67	0071	Collodion
68	0072	Collodion / Collutoires / Collyres
69	0073	Collyres / Colombajo / Colombo
70	0074	Colombo
71	0075	Colombo / Colophane / Coloquinte
72	0076	Coloquinte
73	0077	Coloquinte
74	0078	Coloquinte / Colza / Come / Compans
75	0079	Compans / Compte-gouttes
76	0080	Compte-gouttes / Concombres
77	0081	Concombres
78	0082	Concombres / Condensateur / Condillac
79	0083	Condillac / Condiments / Condurango
80	0084	Condurango / Confitures / Conium / Conques / Conserves alimentaires
81	0085	Conserves alimentaires
82	0086	Conserves alimentaires
83	0087	Conserves alimentaires
84	0088	Conserves alimentaires
85	0089	Conserves alimentaires
86	0090	Conserves alimentaires
87	0091	Conserves alimentaires / Consoude
88	0092	Consoude / Constantinogorsk
89	0093	Constantinogorsk
90	0094	Constantinogorsk
91	0095	Constantinogorsk / Contrayerves / Contrexéville
92	0096	Contrexéville / Convallamarine / Convallarétine / Convallaria maialis / Convolvuline / Convolvulus / Cooper's Well
93	0097	Cooper's Well / Copahu (Baume de)
94	0098	Copahu (Baume de)
95	0099	Copahu (Baume de)
96	0100	Copahu (Baume de)
97	0101	Copahu (Baume de)
98	0102	Copahu (Baume de) / Copal / Copalchi / Copalme / Coque du levant
99	0103	Coque du levant
100	0104	Coque du levant
101	0105	Coque du levant
102	0106	Coque du levant
103	0107	Coque du levant / Coquelicot / Coquelourde / Coqueluchon / Coqueret
104	0108	Coqueret / Corail
105	0109	Corail
106	0110	Corail / Corcoles
107	0111	Corcoles / Cordéac / Corenc / Coriandre
108	0112	Coriandre / Cormons / Corne de cerf / Cornella de la rivière
109	0113	Cornella de la rivière / Cortegada / Cos / Cosmétiques
110	0114	Cosmétiques
111	0115	Cosmétiques / Coto / Couchons / Coudes / Coumarine / Coumarouna
112	0116	Coumarouna / Couperose / Courants / Courbaril
113	0117	Courge / Courmayeur
114	0118	Courmayeur / Couronne / Courpière / Courrière (la) / Cours
115	0119	Cours / Courtomer / Couscou / Cousso / Couzan / Cran / Cransac / Craveggia
116	0120	Craveggia / Crayons / Crèches / Credo / Crèmes
117	0121	Crèmes / Crénique / Créosote
118	0122	Créosote
119	0123	Créosote
120	0124	Créosote
121	0125	Créosote
122	0126	Créosote
123	0127	Créosote / Crésotinique / Cresson
124	0128	Cresson / Creutznach / Croft / Cronthal
125	0129	Cronthal
126	0130	Cronthal / Crotons
127	0131	Crotons
128	0132	Crotons
129	0133	Crotons
130	0134	Crotons / Croton-chloral
131	0135	Croton-chloral / Cuba / Cubèbe
132	0136	Cubèbe
133	0137	Cubèbe
134	0138	Cubèbe
135	0139	Cubèbe / Cudowa / Cuiller
136	0140	Cuiller / Cuisinier / Cuivre
137	0141	Cuivre
138	0142	Cuivre
139	0143	Cuivre
140	0144	Cuivre
141	0145	Cuivre
142	0146	Cuivre
143	0147	Cuivre
144	0148	Cuivre
145	0149	Cuivre
146	0150	Cuivre
147	0151	Cuivre
148	0152	Cuivre / Cumbal / Cumbe-pisin / Cumin
149	0153	Cumin / Cuminol / Curanga / Curare
150	0154	Curare
151	0155	Curare
152	0156	Curare
153	0157	Curare
154	0158	Curare
155	0159	Curare
156	0160	Curare
157	0161	Curare
158	0162	Curare
159	0163	Curare
160	0164	Curare
161	0165	Curare
162	0166	Curare
163	0167	Curare
164	0168	Curare
165	0169	Curare
166	0170	Curare
167	0171	Curare
168	0172	Curare
169	0173	Curare
170	0174	Curare
171	0175	Curare / Curcas / Curcuma
172	0176	Curcuma / Cusparine / Cusset / Cyanhydrique
173	0177	Cyanhydrique
174	0178	Cyanhydrique
175	0179	Cyanhydrique
176	0180	Cyanhydrique
177	0181	Cyanhydrique
178	0182	Cyanhydrique
179	0183	Cyanhydrique
180	0184	Cyanhydrique
181	0185	Cyanhydrique
182	0186	Cyanhydrique
183	0187	Cyanhydrique
184	0188	Cyanhydrique / Cyclame / Cynanchum / Cynips
185	0189	Cynips / Cynoglosse
186	0190	Cynoglosse / Cynorrhodon / Cytises
187	0191	Cytises / Daburi / Dame nue / Damiana
188	0192	Damiana / Dammars
189	0193	Dammars
190	0194	Dammars / Danevert / Daphné / Darcet / Daruvar / Dattier
191	0195	Dattier / Datura
192	0196	Datura
193	0197	Datura
194	0198	Datura
195	0199	Datura
196	0200	Datura
197	0201	Datura
198	0202	Datura
199	0203	Datura
200	0204	Datura / Davos
201	0205	Davos
202	0206	Davos
203	0207	Davos
204	0208	Davos / Dawamesk / Dax
205	0209	Dax
206	0210	Dax
207	0211	Dax
208	0212	Dax
209	0213	Dax
210	0214	Dax / Décoction / Deinach / Dei vegri
211	0215	Dei vegri / Delabarre / Delphine / Denis-lès-Blois / Dentifrices
212	0216	Dentifrices
213	0217	Dentifrices / Dépilatoires / Dérivation / Desseratz / Desaignes / Dépilatoires / Dérivation / Desessartz / Desaignes / Désinfectants
214	0218	Désinfectants
215	0219	Désinfectants
216	0220	Désinfectants
217	0221	Désinfectants
218	0222	Désinfectants
219	0223	Désinfectants
220	0224	Désinfectants
221	0225	Désinfectants
222	0226	Désinfectants
223	0227	Désinfectants
224	0228	Désinfectants
225	0229	Désinfectants
226	0230	Désinfectants
227	0231	Désinfectants
228	0232	Désinfectants
229	0233	Désinfectants
230	0234	Désinfectants
231	0235	Désinfectants
232	0236	Désinfectants
233	0237	Désinfectants
234	0238	Désinfectants
235	0239	Désinfectants / Dessiccants / Détersifs / Dextrine
236	0240	Dextrine / Dextrogyre / Diablotins / Diabotanum / Diacarthame / Diacatholicon / Diachylon
237	0241	Diachylon / Diacode / Diagrède / Diapalme / Diaphoenix / Diaphorétiques
238	0242	Diaphorétiques / Diaprun / Diarrhodon
239	0243	Diascordium / Diastases
240	0244	Diastases
241	0245	Diastases
242	0246	Diastases / Diatessarum / Dictamnus
243	0247	Dictamnus / Diemeringen / Dieu-le-fit / Diezgo / Digestifs / Digitales
244	0248	Digitales
245	0249	Digitales
246	0250	Digitales
247	0251	Digitales
248	0252	Digitales
249	0253	Digitales
250	0254	Digitales
251	0255	Digitales
252	0256	Digitales
253	0257	Digitales
254	0258	Digitales
255	0259	Digitales
256	0260	Digitales
257	0261	Digitales
258	0262	Digitales
259	0263	Digitales
260	0264	Digitales / Digne
261	0265	Digne / Dinan / Dinkhold / Dinsdale / Diosmée / Dippel
262	0266	Dippel / Dipso / Dizenbach / Dobbelbad
263	0267	Dobbelbad / Diss / Ditaïne / Ditamine / Diurétiques
264	0268	Diurétiques / Dives / Divonne
265	0269	Divonne / Dobéran
266	0270	Dobéran / Doccie basse
267	0271	Doccie basse
268	0272	Doccie basse / Doccio / Dofana / Domaine / Domats / Dombhat / Domène
269	0273	Domène / Domeray / Domèvre-sur-vézouse / Doradille / Dorema ammoniacum / Dorfgeismar / Dorna / Dorres
270	0274	Dorres / Dorton / Dotis / Doubling gap / Douce-amère
271	0275	Douce-amère
272	0276	Douce-amère / Douches / Doundaké / Dovadola / Dower / Dracoena-draco / Dragée / Dragon / Drastiques
273	0277	Drastiques / Driburg
274	0278	Driburg / Drimyos winteri / Drize / Drogue amère / Droitwich / Drosera
275	0279	Drosera
276	0280	Drosera
277	0281	Drosera
278	0282	Drosera / Dryobalanop camphora / Duboisia myoporoïde
279	0283	Duboisia myoporoïde
280	0284	Duboisia myoporoïde
281	0285	Duboisia myoporoïde
282	0286	Duboisia myoporoïde / Duivon / Dulcamara / Dulcite / Dumblane / Durande / Durkheim
283	0287	Durkheim / Durtal
284	0288	Durtal / Dynamite
285	0289	Dynamite / Dzoungarie / Eau
286	0290	Eau
287	0291	Eau
288	0292	Eau
289	0293	Eau
290	0294	Eau
291	0295	Eau
292	0296	Eau
293	0297	Eau
294	0298	Eau
295	0299	Eau
296	0300	Eau
297	0301	Eau
298	0302	Eau
299	0303	Eau
300	0304	Eau
301	0305	Eau
302	0306	Eau
303	0307	Eau
304	0308	Eau
305	0309	Eau
306	0310	Eau
307	0311	Eau
308	0312	Eau
309	0313	Eau
310	0314	Eau
311	0315	Eau
312	0316	Eau
313	0317	Eau
314	0318	Eau
315	0319	Eau
316	0320	Eau
317	0321	Eau
318	0322	Eau
319	0323	Eau
320	0324	Eau
321	0325	Eau
322	0326	Eau
323	0327	Eau
324	0328	Eau
325	0329	Eau
326	0330	Eau
327	0331	Eau
328	0332	Eau
329	0333	Eau
330	0334	Eau
331	0335	Eau
332	0336	Eau
333	0337	Eau
334	0338	Eau
335	0339	Eau
336	0340	Eau
337	0341	Eau
338	0342	Eau
339	0343	Eau
340	0344	Eau
341	0345	Eau
342	0346	Eau
343	0347	Eau
344	0348	Eau
345	0349	Eau
346	0350	Eau
347	0351	Eau
348	0352	Eau
349	0353	Eau
350	0354	Eau
351	0355	Eau
352	0356	Eau
353	0357	Eau
354	0358	Eau
355	0359	Eau
356	0360	Eau
357	0361	Eau
358	0362	Eau
359	0363	Eau
360	0364	Eau
361	0365	Eau
362	0366	Eau
363	0367	Eau
364	0368	Eau
365	0369	Eau
366	0370	Eau
367	0371	Eau
368	0372	Eau
369	0373	Eau
370	0374	Eau
371	0375	Eau
372	0376	Eau
373	0377	Eau
374	0378	Eau / Ecballine / Ecboliques / Ecgonine / Éclaire / Écussons / Egyptiac / Eilsen
375	0379	Eilsen / Eimbeck / Élatérine / Élaterium / Elbe / Électricité
376	0380	Électricité
377	0381	Électricité
378	0382	Électricité
379	0383	Électricité
380	0384	Électricité
381	0385	Électricité
382	0386	Électricité
383	0387	Électricité
384	0388	Électricité
385	0389	Électricité
386	0390	Électricité
387	0391	Électricité
388	0392	Électricité
389	0393	Électricité
390	0394	Électricité
391	0395	
392	0396	Électricité
393	0397	Électricité
394	0398	Électricité
395	0399	Électricité
396	0400	Électricité
397	0401	Électricité
398	0402	Électricité
399	0403	Électricité
400	0404	Électricité
401	0405	Électricité
402	0406	Électricité
403	0407	Électricité
404	0408	Électricité
405	0409	Électricité
406	0410	Électricité
407	0411	Électricité
408	0412	Électricité
409	0413	Électricité
410	0414	Électricité
411	0415	Électricité
412	0416	Électricité
413	0417	Électricité
414	0418	Électricité
415	0419	Électricité
416	0420	Électricité
417	0421	Électricité
418	0422	Électricité
419	0423	Électricité
420	0424	Électricité
421	0425	Électricité
422	0426	Électricité
423	0427	Électricité
424	0428	Électricité
425	0429	Électricité
426	0430	Électricité
427	0431	Électricité
428	0432	Électricité
429	0433	Électricité
430	0434	Électricité
431	0435	Électricité
432	0436	Électricité
433	0437	Électricité
434	0438	Électricité
435	0439	Électricité
436	0440	Électricité
437	0441	Électricité
438	0442	Électricité
439	0443	Électricité
440	0444	Électricité
441	0445	Électricité
442	0446	Électricité
443	0447	Électricité
444	0448	Électricité
445	0449	Électricité
446	0450	Électricité
447	0451	Électricité
448	0452	Électricité
449	0453	Électricité
450	0454	Électricité
451	0455	Électricité
452	0456	Électricité
453	0457	Électricité
454	0458	Électricité
455	0459	Électricité
456	0460	Électricité
457	0461	Électricité
458	0462	Électricité
459	0463	Électricité
460	0464	Électricité
461	0465	Électricité
462	0466	Électricité
463	0467	Électricité
464	0468	Électricité
465	0469	Électricité
466	0470	Électricité
467	0471	Électricité
468	0472	Électricité
469	0473	Électricité
470	0474	Électricité
471	0475	Électricité
472	0476	Électricité
473	0477	Électricité
474	0478	Électricité
475	0479	Électricité
476	0480	Électricité
477	0481	Électricité
478	0482	Électricité
479	0483	Électricité
480	0484	Électricité
481	0485	Électricité
482	0486	Électricité
483	0487	Électricité
484	0488	Électricité
485	0489	Électricité
486	0490	Électricité
487	0491	Électricité
488	0492	Électricité
489	0493	Électricité
490	0494	Électricité
491	0495	Électricité
492	0496	Électricité
493	0497	Électricité
494	0498	Électricité
495	0499	Électricité
496	0500	Électricité
497	0501	Électricité
498	0502	Électricité
499	0503	Électricité
500	0504	Électricité
501	0505	Électricité
502	0506	Électricité / Électron / Électuaires / Élemi
503	0507	Élemi / Éléolés / Éléphantine / Élixirs
504	0508	Élixirs / Elisabethbad / Éliminateurs / Ellébores
505	0509	Ellébores
506	0510	Ellébores
507	0511	Ellébores
508	0512	Ellébores
509	0513	Ellébores / Ellorrio / Elmen / Éloeocérolés / Éloelés / Elöpatak
510	0514	Elöpatak / Elster
511	0515	Elster / Émanateurs / Embelle / Embrocations / Émeraldine / Émétine / Émétique / Éméto-cathartiques / Emmaïs / Emménagogues / Émodine / Émollients / Empfing / Empire chinois
512	0516	Emplatres
513	0517	Emplatres / Empoisonnements / Ems
514	0518	Ems
515	0519	Ems
516	0520	Ems
517	0521	Ems / Émulsine / Émulsions
518	0522	Émulsions / Encens
519	0523	Encens
520	0524	Encens / En-carladez / Encausse
521	0525	Encausse / Endermique / Enghien-les-bains
522	0526	Enghien-les-bains
523	0527	Enghien-les-bains / Enguistein / Enn / Entéroclisme
524	0528	Entéroclisme / Entrainement / Épervière / Épilatoires
525	0529	Épilatoires / Épinay / Épine-vinette
526	0530	Épine-vinette
527	0531	Épine-vinette / Épispastiques / Épithème / Éponges
528	0532	Éponges / Eppenhausen
529	0533	Eppenhausen / Epsom / Eptingen / Épurge
530	0534	Épurge / Érables / Eranthine / Erdobenye / Ergot de seigle
531	0535	Ergot de seigle
532	0536	Ergot de seigle
533	0537	Ergot de seigle
534	0538	Ergot de seigle
535	0539	Ergot de seigle
536	0540	Ergot de seigle
537	0541	Ergot de seigle
538	0542	Ergot de seigle
539	0543	Ergot de seigle
540	0544	Ergot de seigle
541	0545	Ergot de seigle
542	0546	Ergot de seigle
543	0547	Ergot de seigle
544	0548	Ergot de seigle
545	0549	Ergot de seigle
546	0550	Ergot de seigle
547	0551	Ergot de seigle
548	0552	Ergot de seigle
549	0553	Ergot de seigle
550	0554	Ergot de seigle
551	0555	Ergot de seigle
552	0556	Ergot de seigle
553	0557	Ergot de seigle
554	0558	Ergot de seigle
555	0559	Ergot / Éricinol / Erigeron canadense
556	0560	Erigeron canadense / Erlachbad / Erlau / Erlenbad / Errhins / Erysimum
557	0561	Erysimum / Érythrée / Érythrine / Érytroléine / Érytrophénique / Érytrophléine / Érytrophylle
558	0562	Érythrose / Érytroxylon / Érytrozyme / Escaldas (les)
559	0563	Escaldas (les) / Escargot / Escharotiques
560	0564	Escharotiques / Escouloubre / Esculine / Esenbeckia / Ésérine / Eski-Cherer / Esparguera / Espèces / Espic / Essences
561	0565	Essences
562	0566	Essences
563	0567	Essences / Estill-Springs
564	0568	Estoher / Étain
565	0569	Étain
566	0570	Étain
567	0571	Étain
568	0572	Étain / Éthers
569	0573	Éthers
570	0574	Éthers
571	0575	Éthers
572	0576	Éthers
573	0577	Éthers
574	0578	Éthers
575	0579	Éthers
576	0580	Éthers
577	0581	Éthers
578	0582	Éthers
579	0583	Éthers
580	0584	Éthers
581	0585	Éthers
582	0586	Éthers
583	0587	Éthers
584	0588	Éthers
585	0589	Éthers
586	0590	Éthers
587	0591	Éthers
588	0592	Éthers
589	0593	Éthers
590	0594	Éthers
591	0595	Éthers
592	0596	Éthers / Éthiops / Éthuse / Éthylamine / Éthylates / Eucalyptus
593	0597	Eucalyptus
594	0598	Eucalyptus
595	0599	Eucalyptus
596	0600	Eucalyptus
597	0601	Eucalyptus
598	0602	Eucalyptus
599	0603	Eucalyptus
600	0604	Eucalyptus / Euganéens / Eugénine / Eugénol / Euphorbes
601	0605	Euphorbes
602	0606	Euphorbes
603	0607	Euphorbes / Euzet-les-Bains
604	0608	Euzet-les-Bains / Evaux
605	0609	Evaux / Évian
606	0610	Évian
607	0611	Évian
608	0612	Évian / Evonymine / Exogonium / Extraits
609	0613	Extraits
610	0614	Extraits / Exutoires / Fachingen
611	0615	Fachingen / Faham / Faine / Falciaj / Falset / Faltrank / Faradisation / Farnbull / Farine / Farnier / Faro / Fauquier white sulfhur Springs / Favorita de carabana
612	0616	Favorita de carabana / FayetteSprings / Fausse angusture / Fayard / Fébrifuges / Fécamp / Fécule / Feldafing / Félix-de-Paillières (Saint) / Fellathale / Felso-bajon / Feltz / Feneu
613	0617	Feneu / Fenouil
614	0618	Fenouil
615	0619	Fenouil / Fenugrec
616	0620	Fenugrec / Fer
617	0621	Fer
618	0622	Fer
619	0623	Fer
620	0624	Fer
621	0625	Fer
622	0626	Fer
623	0627	Fer
624	0628	Fer
625	0629	Fer
626	0630	Fer
627	0631	Fer
628	0632	Fer
629	0633	Fer
630	0634	Fer
631	0635	Fer
632	0636	Fer
633	0637	Fer
634	0638	Fer
635	0639	Fer
636	0640	Fer
637	0641	Fer
638	0642	Fer
639	0643	Fer
640	0644	Fer
641	0645	Fer
642	0646	Fer
643	0647	Fer
644	0648	Fer
645	0649	Fer
646	0650	Fer
647	0651	Fer
648	0652	Fer
649	0653	Fer
650	0654	Fer
651	0655	Fer
652	0656	Fer
653	0657	Fer
654	0658	Fer
655	0659	Fer
656	0660	Fer
657	0661	Fer
658	0662	Fer
659	0663	Fer
660	0664	Fer
661	0665	Fer
662	0666	Fer
663	0667	Fer
664	0668	Fer / Ferentino / Féron / Ferricyanures / Ferrière
665	0669	Ferrière / Ferrocyanures / Ferula / Feurs / Fève
666	0670	Fève de Saint-Ignace / Fez / Ficaire
667	0671	Ficaire / Fideris / Fiel de boeuf
668	0672	Fiel de boeuf
669	0673	Fiel de boeuf
670	0674	Fiel de boeuf / Fiestel / Figuier
671	0675	Figuier
672	0676	Figuier / Filetta / Filey / Filhos / Filicique / Fitero
673	0677	Fitero
674	0678	Fitero / Fläsch / Flat-roch / Flinsberg / Floret (Saint)
675	0679	Floret (Saint) / Florida / Florins-Saint-André / Flue / Foie / Fomentations / Foncaude
676	0680	Foncaude / Foncirgue
677	0681	Foncirgue / Fonfrède / Fonga / Fonsange
678	0682	Fonsange / Fontaine
679	0683	Fontaine / Fontaneyre / Fontarabie / Fonté / Fontenelle / Font-Santa de San-Pedro-de-Torello
680	0684	Font-Santa de San-Pedro-de-Torello / Forbach / Forceral / Fordongianus / Forges / Forges-les-Eaux
681	0685	Forges-les-Eaux
682	0686	Forges-les-Eaux / Forges-sur-Briis
683	0687	Forges-sur-Briis / Formique
684	0688	Formique / Fortuna / Fortyogo
685	0689	Fortyogo / Fougère mâle
686	0690	Fougère mâle
687	0691	Fougère mâle
688	0692	Fougère mâle / Fouilloux
689	0693	Fouilloux / Fowler / Frailes / Fraisier
690	0694	Fraisier
691	0695	Fraisier / Framboisier
692	0696	Framboisier / Francfort-sur-le-Mein / Francfort-sur-l'Oder / Franciscea uniflora / François Ier (Eau minérale de) / Frankenhausen
693	0697	Frankenhausen / Frankenia grandifolia / Frankfort Springs / Franz-Josef-Bitterquelle / Franzensbad (Eaux minérales et boues de)
694	0698	Franzensbad
695	0699	Franzensbad
696	0700	Franzensbad
697	0701	Franzensbad / Freienwalde / French lick Springs
698	0702	Frênes
699	0703	Frênes / Frictions / Friedrichshall
700	0704	Friedrichshall / Freudenthall / Freyersbach
701	0705	Freyersbach / Froid / Fuchsine
702	0706	Fuchsine
703	0707	Fuchsine
704	0708	Fuchsine
705	0709	Fuchsine
706	0710	Fuchsine / Fucus
707	0711	Fucus / Fuencaliente
708	0712	Fuencaliente / Fuente-Alamo / Fuente-Amargosa / Fuente-Podrida / Fuente-Santa de Gayangos / Fuensanta de Lorca / Fumades
709	0713	Fumades / Fumeterre / Fumigations
710	0714	Fumigations / Fured
711	0715	Fured / Fusains
712	0716	Fusains / Gabian
713	0717	Gabian / Gadara / Gadinière (la) / Gaïacs
714	0718	Gaïacs
715	0719	Gaïacs / Gais
716	0720	Gais / Galactogogues (Médicaments) / Galactodendron / Galactomètre / Galactose / Galanga
717	0721	Galanga / Galbanum
718	0722	Galbanum
719	0723	Galbanum / Galda / Galène / Galera / Galiet / Galipea / Galipot / Galium aparine
720	0724	Galium aparine / Galleraje / Galles
721	0725	Galles
722	0726	Galles
723	0727	Galles
724	0728	Galles
725	0729	Galles
726	0730	Galles
727	0731	Galles
728	0732	Galles
729	0733	Galles
730	0734	Galles
731	0735	Galles / Gallium / Galmier (Saint)
732	0736	Galmier (Saint)
733	0737	Galmier (Saint) / Galvanisation / Gamarde / Gandesa / Gambir / Garance
734	0738	Garance
735	0739	Garance
736	0740	Garance / Garcinia / Gardenia
737	0741	Gardenia / Gargarismes
738	0742	Gargarismes / Garou
739	0743	Garou
740	0744	Garou / Garris / Gastein
741	0745	Gastein
742	0746	Gastein
743	0747	Gastein
744	0748	Gastein / Gaultheria proçumbens
745	0749	Gaultheria proçumbens
746	0750	Gaultheria proçumbens / Gauthersbad
747	0751	Gauthersbad / Gava / Gavage
748	0752	Gavage
749	0753	Gavage
750	0754	Gavage
751	0755	Gavage
752	0756	Gavage
753	0757	Gavage
754	0758	Gavage
755	0759	Gavage / Gaviria / Gayac / Gaz d'éclairage
756	0760	Gaz d'éclairage
757	0761	Gaz d'éclairage
758	0762	Gaz d'éclairage
759	0763	Gaz d'éclairage / Gaz hilarant / Gazost
760	0764	Gazost / Gebangan / Geilnau
761	0765	Geilnau / Geissospermum
762	0766	Geissospermum
763	0767	Geissospermum / Gélatine
764	0768	Gélatine
765	0769	Gélatine / Gelées
766	0770	Gelées / Gelsemium
767	0771	Gelsemium
768	0772	Gelsemium
769	0773	Gelsemium
770	0774	Gelsemium / Genêts
771	0775	Genêts
772	0776	Genêts
773	0777	Genévriers
774	0778	Genévriers
775	0779	Genévriers
776	0780	Genévriers
777	0781	Génépis / Gen-Seng / Gentiane
778	0782	Gentiane
779	0783	Gentiane / Georges-des-Mont (Saint-) / Géorgie (Eaux minérales de l'état de)
780	0784	Géorgie (Eaux minérales de l'état de) / Gérardmer
781	0785	Gérardmer / Géraud (Saint-) / Germ / Germandrée
782	0786	Germandrée / Geroldsgrun
783	0787	Gervais (Saint-)
784	0788	Gervais (Saint-)
785	0789	Gervais (Saint-)
786	0790	Gervais (Saint-) / Gettysburg Springs
787	0791	Gettysburg Springs / Giesshübl-Pughstein / Gigondas
788	0792	Gigonza / Gildas (Saint-) / Gilsland / Gimeaux
789	0793	Gimeaux / Gingembre
790	0794	Gingembre
791	0795	Gingembre / Ginoles / Ginseng (racine de)
792	0796	Ginseng (racine de) / Giroflier
793	0797	Giroflier
794	0798	Giroflier
795	0799	Giroflier / Giuliano (San)
796	0800	Giuliano (San)
797	0801	Giuliano (San) / Glaine-Montaigut / Glairine / Glecoma / Gleditschia
798	0802	Gleditschia / Gleen'Springs / Gleichenberg
799	0803	Gleichenberg
800	0804	Gleichenberg / Gleissen
801	0805	Gleissen / Gleisweiller / Globulaires
802	0806	Globulaires
803	0807	Globulaires
804	0808	Globulaires / Globules / Glorianes / Gloriosa superba
805	0809	Gloriosa superba / Glucose / Gluten / Glycérine
806	0810	Glycérine
807	0811	Glycérine
808	0812	Glycérine
809	0813	Glycérine
810	0814	Glycérine
811	0815	Glycérine
812	0816	Glycérine
813	0817	Glycérine
814	0818	Glycérine
815	0819	Glycérine
816	0820	Glycérine
817	0821	Glycérine
818	0822	Glycérine
819	0823	Glycérine
820	0824	Glycérine
821	0825	Glycérine
822	0826	Glycérine
823	0827	Glycérine
824	0828	Glycérine / Glycine / Glycyrrhizine / Gmund / Gnaphalie / Goa (Poudre de)
825	0829	Goa (Poudre de)
826	0830	Goa (Poudre de)
827	0831	Goa (Poudre de)
828	0832	Goa (Poudre de) / Godelheim / Godesberg / Gohier
829	0833	Gohier / Golia-Pristane / Golaise (la) / Goldbach / Goldberg / Gombo
830	0834	Gombo / Gomme ammoniaque
831	0835	Gomme ammoniaque
832	0836	Gomme ammoniaque
833	0837	Gomme ammoniaque / Gomme arabique
834	0838	Gomme arabique
835	0839	Gomme arabique
836	0840	Gomme arabique / Gomme-gutte
837	0841	Gomme-gutte
838	0842	Gomme-gutte / Gonten
839	0843	Gonten / Goppingen / Gortwa-Kisfalu / Goschwitz / Goudrons
840	0844	Goudrons
841	0845	Goudrons
842	0846	Goudrons
843	0847	Goudrons
844	0848	Goudrons / Goulard / Gournay-en-bray / Gouttes amères / Gouvieux / Grabalos / Graena / Graines de paradis
845	0849	Graines de paradis / Graisses
846	0850	Graisses
847	0851	Graisses / Gramat / Gran / Grindelia
848	0852	Grindelia
849	0853	Grindelia / Grandeyrol / Grandrif / Granules / Gratiole
850	0854	Gratiole / Gravalos
851	0855	Gravalos / Graville (Sainte-Honorine) / Graus (les) / Grenadier
852	0856	Grenadier
853	0857	Grenadier
854	0858	Grenadier
855	0859	Grenadier
856	0860	Grenadier
857	0861	Grenadier / Greifswald / Gréoulx
858	0862	Gréoulx
859	0863	Gréoulx
860	0864	Griesbach
861	0865	Griesbach / Groseilliers
862	0866	Groseilliers / Gross-albertshofen / Gross-wardein / Gross-wunitz / Gruben
863	0867	Gruben / Grull / Guadeloupe / Guachamaca / Guaco
864	0868	Guaco / Guagno (Saint-Antoine de)
865	0869	Guagno (Saint-Antoine de) / Guano
866	0870	Guano / Guarana
867	0871	Guarana
868	0872	Guarana / Guardia vieja / Guaycuru
869	0873	Guaycuru
870	0874	Guaycuru / Gui
871	0875	Gui / Guibertes (les) / Guillon / Guimauve
872	0876	Guimauve
873	0877	Guimauve / Guitera / Gundelia tournefortia / Gurjun
874	0878	Gurjun
875	0879	Gurjun
