page	refimg	chapitre
[sans numérotation]	0001	[Page de faux-titre]
[sans numérotation]	0002	
[sans numérotation]	0003	[Page de titre]
[page blanche]	0004	
1	0005	Sirène [E. Oustalet]
2	0006	Sirène [E. Oustalet]
3	0007	Sirène [E. Oustalet]
4	0008	Sirène [E. Oustalet] (bibliographie) / Sirénides [E. Oustalet]
5	0009	Sirénides [E. Oustalet]
6	0010	Sirénides [E. Oustalet] (bibliographie) / Siréniens [E. Oustalet]
7	0011	Siréniens [E. Oustalet]
8	0012	Siréniens [E. Oustalet]
9	0013	Siréniens [E. Oustalet]
10	0014	Siréniens [E. Oustalet]
11	0015	Siréniens [E. Oustalet]
12	0016	Siréniens [E. Oustalet]
13	0017	Siréniens [E. Oustalet]
14	0018	Siréniens [E. Oustalet] (bibliographie)
15	0019	Siréniens [E. Oustalet] (bibliographie) / Sirénomèles [O. Larcher] / Siri ou Siry [G. Planchon] / Sirium [G. Planchon]
16	0020	Sirium [G. Planchon] (bibliographie) / Sirops [J. Regnauld]
17	0021	Sirops [J. Regnauld]
18	0022	Sirops [J. Regnauld]
19	0023	Sirops [J. Regnauld]
20	0024	Sirops [J. Regnauld]
21	0025	Sirops [J. Regnauld]
22	0026	Sirops [J. Regnauld]
23	0027	Sirops [J. Regnauld]
24	0028	Sirops [J. Regnauld]
25	0029	Sirops [J. Regnauld] / Sisarum [G. Planchon] / Sisco (Guiseppe) [L. Hahn] (bibliographie) / Sison [G. Planchon]
26	0030	Sison [G. Planchon] (bibliographie) / Sistostrema [Ed. Lefèvre] / Sisymbre [G. Planchon]
27	0031	Sisymbre [G. Planchon] (bibliographie) / Sisyrinchium [G. Planchon]
28	0032	Sisyrinchium [G. Planchon] (bibliographie) / Sitiophobie [Ant. Ritti]
29	0033	Sitiophobie [Ant. Ritti]
30	0034	Sitiophobie [Ant. Ritti]
31	0035	Sitiophobie [Ant. Ritti]
32	0036	Sitiophobie [Ant. Ritti]
33	0037	Sitiophobie [Ant. Ritti]
34	0038	Sitiophobie [Ant. Ritti]
35	0039	Sitiophobie [Ant. Ritti]
36	0040	Sitiophobie [Ant. Ritti]
37	0041	Sitiophobie [Ant. Ritti]
38	0042	Sitiophobie [Ant. Ritti]
39	0043	Sitiophobie [Ant. Ritti]
40	0044	Sitiophobie [Ant. Ritti]
41	0045	Sitiophobie [Ant. Ritti]
42	0046	Sitiophobie [Ant. Ritti]
43	0047	Sitiophobie [Ant. Ritti]
44	0048	Sitiophobie [Ant. Ritti]
45	0049	Sitiophobie [Ant. Ritti]
46	0050	Sitiophobie [Ant. Ritti]
47	0051	Sitiophobie [Ant. Ritti]
48	0052	Sitiophobie [Ant. Ritti]
49	0053	Sitiophobie [Ant. Ritti]
50	0054	Sitiophobie [Ant. Ritti] (bibliographie)
51	0055	Sitiophobie [Ant. Ritti] (bibliographie)
52	0056	Sitoni (Les) [L. Hahn] (bibliographie) / Sittarittie, Sit-Ruttee [Amédée Dechambre] / Sium. Voy. Berce / Six (James) [L. Hahn] / Sjouanna [G. Planchon] / Skae (David) [L. Hahn]
53	0057	Skae (David) [L. Hahn] / Skeete (Thomas) [L. Hahn] (bibliographie) / Skey (Frederic-Carpenter) [L. Hahn]
54	0058	Skey (Frederic-Carpenter) [L. Hahn] (bibliographie) / Skiadan (Michel) [L. Hahn] / Skinner (Joseph) [A. Dureau]
55	0059	Skinner (Joseph) [A. Dureau] (bibliographie) / Skjoelderup (Michel) [A. Dureau] / Skleno (Eaux minérales de). Voy. Szkleno / Skobell (F.-C.) [L. Hahn] / Skodique (Bruit) [Henri Barth] / Sköldberg (Les deux) [L. Hahn]
56	0060	Sköldberg (Les deux) [L. Hahn] (bibliographie) / Skopzy (Les) [Amédée Dechambre]
57	0061	Skopzy (Les) [Amédée Dechambre]
58	0062	Skopzy (Les) [Amédée Dechambre]
59	0063	Skopzy (Les) [Amédée Dechambre]
60	0064	Skopzy (Les) [Amédée Dechambre]
61	0065	Skopzy (Les) [Amédée Dechambre] (bibliographie) / Slaves [Hovelacque]
62	0066	Slaves [Hovelacque]
63	0067	Slaves [Hovelacque]
64	0068	Slaves [Hovelacque]
65	0069	Slaves [Hovelacque]
66	0070	Slaves [Hovelacque]
67	0071	Slaves [Hovelacque]
68	0072	Slaves [Hovelacque]
69	0073	Slaves [Hovelacque]
70	0074	Slaves [Hovelacque] / Sleig (W.-W) [L. Hahn] (bibliographie) / Slevogt (Johann-Adrian) [L. Hahn]
71	0075	Slevogt (Johann-Adrian) [L. Hahn] (bibliographie)
72	0076	Slevogt (Johann-Adrian) [L. Hahn] (bibliographie) / Sloane (Hans) [A. Chéreau]
73	0077	Sloane (Hans) [A. Chéreau] (bibliographie) / Sloudcouss (Les). Voy. Britanniques (Possessions) / Slovaques. Voy. Slaves / Smee (Alfred) [L. Hahn]
74	0078	Smee (Alfred) [L. Hahn] (bibliographie) / Smegma. Voy. Sébacées / Smellie (Guillaume) [A. Chéreau]
75	0079	Smellie (Guillaume) [A. Chéreau] (bibliographie) / Smet, ou Smetius (Henri) [A. Chéreau]
76	0080	Smet, ou Smetius (Henri) [A. Chéreau] (bibliographie) / Smilachine [Amédée Dechambre] / Smilacine. Voy. Salseparine / Smilax. Voy. Salsepareille / Smith (Les) [L. Hahn, A. Dureau]
77	0081	Smith (Les) [L. Hahn, A. Dureau] (bibliographie)
78	0082	Smith (Les) [L. Hahn, A. Dureau] (bibliographie)
79	0083	Smith (Les) [L. Hahn, A. Dureau] (bibliographie)
80	0084	Smith (Les) [L. Hahn, A. Dureau] (bibliographie)
81	0085	Smith (Les) [L. Hahn, A. Dureau] (bibliographie)
82	0086	Smith (Les) [L. Hahn, A. Dureau] (bibliographie)
83	0087	Smith (Les) [L. Hahn, A. Dureau] (bibliographie)
84	0088	Smith (Les) [L. Hahn, A. Dureau] (bibliographie)
85	0089	Smith (Les) [L. Hahn, A. Dureau] (bibliographie)
86	0090	Smith (Les) [L. Hahn, A. Dureau] (bibliographie)
87	0091	Smithson (James-Lewis-Macle) [L. Hahn] (bibliographie) / Smyly (Josiah) [L. Hahn]
88	0092	Smyly (Josiah) [L. Hahn] (bibliographie) / Smyrna aminnea [G. Planchon] / Smyrnium (T.) [H. Baillon]
89	0093	Smyrnium (T.) [H. Baillon] (bibliographie) / Smyth (Les) [L. Hahn]
90	0094	Smyth (Les) [L. Hahn] (bibliographie) / Smyttère (Philippe-Joseph-Emmanuel de) [L. Hahn] / Sniadecki ou Snadezki (Andreas ou Jedrzeia) [L. Hahn]
91	0095	Sniadecki ou Snadezki (Andreas ou Jedrzeia) [L. Hahn] (bibliographie) / Snow (Joseph) [L. Hahn]
92	0096	Snow (Joseph) [L. Hahn] (bibliographie) / Soaria ou Saoria / Botanique [Ed. Lefèvre] / Emploi médical [Amédée Dechambre]
93	0097	Soaria ou Saoria. Emploi médical [Amédée Dechambre] / Sobernheim (Joseph-Friedrich) [L. Hahn] (bibliographie) / Sobrarias (Juan) [L. Hahn]
94	0098	Sobrarias (Juan) [L. Hahn] / Sobremonte-Ramirez (Gaspar-Bravo de). Voy. Bravo / Socchi [G. Planchon] / Sociétaires (Insectes) [A. Laboulbène] / Société (Iles de la). Voy. Océanie et Polynésie / Sociétés protectrices et de secours [Amédée Dechambre] / Société protectrice de l'enfance. Voy. Enfance / Société de secours aux blessés et Convention de Genève. Voy. Militaire (Service de santé)
95	0099	Sociétés protectrices et de secours [Amédée Dechambre] / Association générale des médecins de France [Amédée Dechambre]
96	0100	Sociétés protectrices et de secours. Association générale des médecins de France [Amédée Dechambre] / Association des médecins du département de la Seine [Amédée Dechambre]
97	0101	Sociétés protectrices et de secours. Association des médecins du département de la Seine [Amédée Dechambre] / Association des amis des sciences. Voy. Associations / Association des médecins aliénistes. Voy. Associations [Amédée Dechambre] / Sociétés savantes / Historique [A. Lutaud]
98	0102	Sociétés savantes. Historique [A. Lutaud]
99	0103	Sociétés savantes. Historique [A. Lutaud]
100	0104	Sociétés savantes. Historique [A. Lutaud]
101	0105	Sociétés savantes. Historique [A. Lutaud]
102	0106	Sociétés savantes. Historique [A. Lutaud]
103	0107	Sociétés savantes. Historique [A. Lutaud]
104	0108	Sociétés savantes. Historique [A. Lutaud]
105	0109	Sociétés savantes. Historique [A. Lutaud]
106	0110	Sociétés savantes. Historique [A. Lutaud]
107	0111	Sociétés savantes. Historique [A. Lutaud]
108	0112	Sociétés savantes. Historique [A. Lutaud]
109	0113	Sociétés savantes. Historique [A. Lutaud]
110	0114	Sociétés savantes. Historique [A. Lutaud]
111	0115	Sociétés savantes. Historique [A. Lutaud]
112	0116	Sociétés savantes. Historique [A. Lutaud]
113	0117	Sociétés savantes. Historique [A. Lutaud]
114	0118	Sociétés savantes. Historique [A. Lutaud] / Remarques générales [Amédée Dechambre]
115	0119	Sociétés savantes. Remarques générales [Amédée Dechambre]
116	0120	Sociétés savantes. Remarques générales [Amédée Dechambre]
117	0121	Sociétés savantes. Remarques générales [Amédée Dechambre]
118	0122	Sociétés savantes. Remarques générales [Amédée Dechambre]
119	0123	Sociétés savantes. Remarques générales [Amédée Dechambre]
120	0124	Sociétés savantes. Remarques générales [Amédée Dechambre]
121	0125	Sociétés savantes. Remarques générales [Amédée Dechambre]
122	0126	Sociétés savantes. Remarques générales [Amédée Dechambre] / Socin (Abel) [L. Hahn] (bibliographie) / Socoa (Station marine de) [A. Rotureau] / Socquet (Joseph-Marie) [L. Hahn]
123	0127	Socquet (Joseph-Marie) [L. Hahn] (bibliographie) / Soda (Pathologie). Voy. Pyrosis / Soda. Voy. Soude / Sodada [H. Baillon] / Soda-podwers [Amédée Dechambre]
124	0128	Soda-podwers [Amédée Dechambre] / Soda-water [Amédée Dechambre] / Soden (John-Smith) [L. Hahn] (bibliographie) / Soden (Eaux minérales de) [A. Rotureau]
125	0129	Soden (Eaux minérales de) [A. Rotureau]
126	0130	Soden (Eaux minérales de) [A. Rotureau]
127	0131	Soden (Eaux minérales de) [A. Rotureau]
128	0132	Soden (Eaux minérales de) [A. Rotureau]
129	0133	Soden (Eaux minérales de) [A. Rotureau]
130	0134	Soden (Eaux minérales de) [A. Rotureau] (bibliographie) / Söderberg (Olof) [L. Hahn]
131	0135	Söderberg (Olof) [L. Hahn] / Söderstedt (Johan-Gustaf) [L. Hahn] (bibliographie) / Sodium / Chimie [Malaguti]
132	0136	Sodium. Chimie [Malaguti]
133	0137	Sodium. Chimie [Malaguti] / Emploi [Amédée Dechambre]
134	0138	Sodium. Emploi [Amédée Dechambre] / Sohaga [Amédée Dechambre] / Sohi [G. Planchon] / Sohunjuna [Amédée Dechambre] / Soie / Origine zoologique [A. Laboulbène]
135	0139	Soie. Origine zoologique [A. Laboulbène]
136	0140	Soie. Origine zoologique [A. Laboulbène]
137	0141	Soie. Origine zoologique [A. Laboulbène]
138	0142	Soie. Origine zoologique [A. Laboulbène]
139	0143	Soie. Origine zoologique [A. Laboulbène]
140	0144	Soie. Origine zoologique [A. Laboulbène] / Emploi [Amédée Dechambre] / Hygiène industrielle [Amédée Dechambre]
141	0145	Soie. Hygiène industrielle [Amédée Dechambre]
142	0146	Soif. Voy. Faim [Amédée Dechambre] / Sol [J. Mahé]
143	0147	Sol [J. Mahé]
144	0148	Sol [J. Mahé]
145	0149	Sol [J. Mahé]
146	0150	Sol [J. Mahé]
147	0151	Sol [J. Mahé]
148	0152	Sol [J. Mahé]
149	0153	Sol [J. Mahé]
150	0154	Sol [J. Mahé]
151	0155	Sol [J. Mahé]
152	0156	Sol [J. Mahé]
153	0157	Sol [J. Mahé]
154	0158	Sol [J. Mahé]
155	0159	Sol [J. Mahé]
156	0160	Sol [J. Mahé]
157	0161	Sol [J. Mahé]
158	0162	Sol [J. Mahé]
159	0163	Sol [J. Mahé]
160	0164	Sol [J. Mahé]
161	0165	Sol [J. Mahé]
162	0166	Sol [J. Mahé]
163	0167	Sol [J. Mahé]
164	0168	Sol [J. Mahé]
165	0169	Sol [J. Mahé]
166	0170	Sol [J. Mahé]
167	0171	Sol [J. Mahé]
168	0172	Sol [J. Mahé]
169	0173	Sol [J. Mahé]
170	0174	Sol [J. Mahé]
171	0175	Sol [J. Mahé]
172	0176	Sol [J. Mahé]
173	0177	Sol [J. Mahé]
174	0178	Sol [J. Mahé]
175	0179	Sol [J. Mahé]
176	0180	Sol [J. Mahé]
177	0181	Sol [J. Mahé]
178	0182	Sol [J. Mahé]
179	0183	Sol [J. Mahé]
180	0184	Sol [J. Mahé]
181	0185	Sol [J. Mahé]
182	0186	Sol [J. Mahé]
183	0187	Sol [J. Mahé]
184	0188	Sol [J. Mahé]
185	0189	Sol [J. Mahé]
186	0190	Sol [J. Mahé]
187	0191	Sol [J. Mahé]
188	0192	Sol [J. Mahé]
189	0193	Sol [J. Mahé]
190	0194	Sol [J. Mahé]
191	0195	Sol [J. Mahé]
192	0196	Sol [J. Mahé]
193	0197	Sol [J. Mahé]
194	0198	Sol [J. Mahé]
195	0199	Sol [J. Mahé] (bibliographie)
196	0200	Sol [J. Mahé] (bibliographie) / Solaire (Plexus). Voy. Sympathique (Grand) / Solamen scabiosorum [G. Planchon] / Solan de Cabras (Eaux minérales de) [A. Rotureau]
197	0201	Solan de Cabras (Eaux minérales de) [A. Rotureau] (bibliographie) / Solanacées [G. Planchon]
198	0202	Solanacées [G. Planchon] (bibliographie) / Solander (Karl-Daniell) [L. Hahn] / Solandra [G. Planchon]
199	0203	Solanine [Malaguti] / Solanidine [Malaguti] (bibliographie) / Solano de Lucques (François) [A. Chéreau]
200	0204	Solano de Lucques (François) [A. Chéreau] (bibliographie) / Solanum. Voy. Morelle / Solares (Eau minérale de) [A. Rotureau]
201	0205	Solares (Eau minérale de) [A. Rotureau] / Solarides [Ed. Lefèvre] / Solaris Herba [G. Planchon] (bibliographie) / Solatrum [G. Planchon] / Solayrés de Renhac (François-Louis) [A. Chéreau]
202	0206	Solayrés de Renhac (François-Louis) [A. Chéreau] (bibliographie)
203	0207	Sölberg-Wells (John) [L. Hahn] (bibliographie) / Solbrig (August von) [L. Hahn]
204	0208	Solbrig (August von) [L. Hahn] (bibliographie) / Soldanelle [G. Planchon] / Soldani (Ambrogio) [A. Chéreau]
205	0209	Soldani (Ambrogio) [A. Chéreau] (bibliographie) / Soldat [G. Morache]
206	0210	Soldat [G. Morache]
207	0211	Soldat [G. Morache]
208	0212	Soldat [G. Morache]
209	0213	Soldat [G. Morache]
210	0214	Soldat [G. Morache]
211	0215	Soldat [G. Morache]
212	0216	Soldat [G. Morache]
213	0217	Soldat [G. Morache]
214	0218	Soldat [G. Morache]
215	0219	Soldat [G. Morache]
16	0220	Soldat [G. Morache]
217	0221	Soldat [G. Morache]
218	0222	Soldat [G. Morache]
219	0223	Soldat [G. Morache]
220	0224	Soldat [G. Morache]
221	0225	Soldat [G. Morache]
222	0226	Soldat [G. Morache]
223	0227	Soldat [G. Morache]
224	0228	Soldat [G. Morache]
225	0229	Soldat [G. Morache]
226	0230	Soldat [G. Morache]
227	0231	Soldat [G. Morache]
228	0232	Soldat [G. Morache]
229	0233	Soldat [G. Morache]
230	0234	Soldat [G. Morache]
231	0235	Soldat [G. Morache]
232	0236	Soldat [G. Morache]
233	0237	Soldat [G. Morache]
234	0238	Soldat [G. Morache]
235	0239	Soldat [G. Morache]
236	0240	Soldat [G. Morache]
237	0241	Soldat [G. Morache]
238	0242	Soldat [G. Morache]
239	0243	Soldat [G. Morache]
240	0244	Soldat [G. Morache]
241	0245	Soldat [G. Morache]
242	0246	Soldat [G. Morache] (bibliographie)
243	0247	Soldat [G. Morache] (bibliographie) / Sole [E. Oustalet]
244	0248	Sole [E. Oustalet]
245	0249	Sole [E. Oustalet] (bibliographie)
246	0250	Soléaire (Muscle). Voy. Jumeaux / Soleil [G. Planchon] / Solen [Ed. Lefèvre] / Solena [G. Planchon] (bibliographie) / Solenander (Reinert) [L. Hahn] / Solénoconques ou Scaphopodes [Ed. Lefèvre]
247	0251	Solénoconques ou Scaphopodes [Ed. Lefèvre] / Solénostemme [Ed. Lefèvre] (bibliographie) / Solidage [G. Planchon]
248	0252	Solidage [G. Planchon] (bibliographie) / Solides. Voy. Corps / Solidification et Liquéfaction [Amédée Dechambre] / Solidisme [Amédée Dechambre]
249	0253	Solidisme [Amédée Dechambre]
250	0254	Solidisme [Amédée Dechambre] / Solimani (Laurent) [L. Hahn] / Solingen (Les deux.) [L. Hahn] (bibliographie)
251	0255	Solingen (Les deux.) [L. Hahn] (bibliographie) / Solipèdes [E. Oustalet] / Solitaires (Insectes) [A. Laboulbène]
252	0256	Solitaires (Insectes) [A. Laboulbène] / Solly (Samuel) [L. Hahn] (bibliographie) / Solution, Dissolution [Amédée Dechambre]
253	0257	Solution, Dissolution [Amédée Dechambre]
254	0258	Solution, Dissolution [Amédée Dechambre]
255	0259	Solution, Dissolution [Amédée Dechambre]
256	0260	Solution, Dissolution [Amédée Dechambre]
257	0261	Solution, Dissolution [Amédée Dechambre]
258	0262	Solution, Dissolution [Amédée Dechambre]
259	0263	Solution, Dissolution [Amédée Dechambre]
260	0264	Somascétique [Amédée Dechambre] / Someren (Cornelis van) [L. Hahn] / Somers (Henri) [L. Hahn] / Somerville (Les) [L. Hahn] (bibliographie)
261	0265	Somerville (Les) [L. Hahn] (bibliographie) / Somis (Ignazio) [L. Hahn]
262	0266	Somis (Ignazio) [L. Hahn] (bibliographie) / Sommé (C.-L.) [L. Hahn] / Sommeil / Physiologie [Émile Bertin]
263	0267	Sommeil. Physiologie [Émile Bertin]
264	0268	Sommeil. Physiologie [Émile Bertin]
265	0269	Sommeil. Physiologie [Émile Bertin]
266	0270	Sommeil. Physiologie [Émile Bertin]
267	0271	Sommeil. Physiologie [Émile Bertin]
268	0272	Sommeil. Physiologie [Émile Bertin]
269	0273	Sommeil. Physiologie [Émile Bertin]
270	0274	Sommeil. Physiologie [Émile Bertin]
271	0275	Sommeil. Physiologie [Émile Bertin]
272	0276	Sommeil. Physiologie [Émile Bertin]
273	0277	Sommeil. Physiologie [Émile Bertin]
274	0278	Sommeil. Physiologie [Émile Bertin]
275	0279	Sommeil. Physiologie [Émile Bertin]
276	0280	Sommeil. Physiologie [Émile Bertin]
277	0281	Sommeil. Physiologie [Émile Bertin]
278	0282	Sommeil. Physiologie [Émile Bertin]
279	0283	Sommeil. Physiologie [Émile Bertin]
280	0284	Sommeil. Physiologie [Émile Bertin]
281	0285	Sommeil. Physiologie [Émile Bertin]
282	0286	Sommeil. Physiologie [Émile Bertin]
283	0287	Sommeil. Physiologie [Émile Bertin]
284	0288	Sommeil. Physiologie [Émile Bertin]
285	0289	Sommeil. Physiologie [Émile Bertin]
286	0290	Sommeil. Physiologie [Émile Bertin]
287	0291	Sommeil. Physiologie [Émile Bertin]
288	0292	Sommeil. Physiologie [Émile Bertin]
289	0293	Sommeil. Physiologie [Émile Bertin]
290	0294	Sommeil. Physiologie [Émile Bertin]
291	0295	Sommeil. Physiologie [Émile Bertin] (bibliographie) / Médecine légale [G. Tourdes]
292	0296	Sommeil. Médecine légale [G. Tourdes]
293	0297	Sommeil. Médecine légale [G. Tourdes]
294	0298	Sommeil. Médecine légale [G. Tourdes]
295	0299	Sommeil. Médecine légale [G. Tourdes]
296	0300	Sommeil. Médecine légale [G. Tourdes]
297	0301	Sommeil. Médecine légale [G. Tourdes]
298	0302	Sommeil. Médecine légale [G. Tourdes]
299	0303	Sommeil. Médecine légale [G. Tourdes]
300	0304	Sommeil. Médecine légale [G. Tourdes]
301	0305	Sommeil. Médecine légale [G. Tourdes]
302	0306	Sommeil. Médecine légale [G. Tourdes]
303	0307	Sommeil. Médecine légale [G. Tourdes]
304	0308	Sommeil. Médecine légale [G. Tourdes]
305	0309	Sommeil. Médecine légale [G. Tourdes]
306	0310	Sommeil. Médecine légale [G. Tourdes]
307	0311	Sommeil. Médecine légale [G. Tourdes]
308	0312	Sommeil. Médecine légale [G. Tourdes]
309	0313	Sommeil. Médecine légale [G. Tourdes]
310	0314	Sommeil. Médecine légale [G. Tourdes]
311	0315	Sommeil. Médecine légale [G. Tourdes]
312	0316	Sommeil. Médecine légale [G. Tourdes]
313	0317	Sommeil. Médecine légale [G. Tourdes]
314	0318	Sommeil. Médecine légale [G. Tourdes]
315	0319	Sommeil. Médecine légale [G. Tourdes] (bibliographie)
316	0320	Sommeil. Médecine légale [G. Tourdes] (bibliographie) / Sommeil (Maladie du). Voy. Maladie du Sommeil / Sommelius (Les deux) [L. Hahn]
317	0321	Sommelius (Les deux) [L. Hahn] (bibliographie) / Sommer (Les) [L. Hahn]
318	0322	Sommer (Les) [L. Hahn] (bibliographie)
319	0323	Sommer (Les) [L. Hahn] (bibliographie) / Sömmerring (Les) [A. Dureau]
320	0324	Sömmerring (Les) [A. Dureau] (bibliographie)
321	0325	Sömmerring (Les) [A. Dureau] (bibliographie) / Sommités [Amédée Dechambre]
322	0326	Sommités [Amédée Dechambre] / Somnambulisme naturel ou spontané [B. Ball, E. Chambard]
323	0327	Somnambulisme naturel ou spontané [B. Ball, E. Chambard]
324	0328	Somnambulisme naturel ou spontané [B. Ball, E. Chambard]
325	0329	Somnambulisme naturel ou spontané [B. Ball, E. Chambard]
326	0330	Somnambulisme naturel ou spontané [B. Ball, E. Chambard]
327	0331	Somnambulisme naturel ou spontané [B. Ball, E. Chambard]
328	0332	Somnambulisme naturel ou spontané [B. Ball, E. Chambard]
329	0333	Somnambulisme naturel ou spontané [B. Ball, E. Chambard]
330	0334	Somnambulisme naturel ou spontané [B. Ball, E. Chambard]
331	0335	Somnambulisme naturel ou spontané [B. Ball, E. Chambard]
332	0336	Somnambulisme naturel ou spontané [B. Ball, E. Chambard]
333	0337	Somnambulisme naturel ou spontané [B. Ball, E. Chambard]
334	0338	Somnambulisme naturel ou spontané [B. Ball, E. Chambard]
335	0339	Somnambulisme naturel ou spontané [B. Ball, E. Chambard]
336	0340	Somnambulisme naturel ou spontané [B. Ball, E. Chambard]
337	0341	Somnambulisme naturel ou spontané [B. Ball, E. Chambard]
338	0342	Somnambulisme naturel ou spontané [B. Ball, E. Chambard]
339	0343	Somnambulisme naturel ou spontané [B. Ball, E. Chambard]
340	0344	Somnambulisme naturel ou spontané [B. Ball, E. Chambard]
341	0345	Somnambulisme naturel ou spontané [B. Ball, E. Chambard]
342	0346	Somnambulisme naturel ou spontané [B. Ball, E. Chambard]
343	0347	Somnambulisme naturel ou spontané [B. Ball, E. Chambard]
344	0348	Somnambulisme naturel ou spontané [B. Ball, E. Chambard]
345	0349	Somnambulisme naturel ou spontané [B. Ball, E. Chambard]
346	0350	Somnambulisme naturel ou spontané [B. Ball, E. Chambard]
347	0351	Somnambulisme naturel ou spontané [B. Ball, E. Chambard]
348	0352	Somnambulisme naturel ou spontané [B. Ball, E. Chambard]
349	0353	Somnambulisme naturel ou spontané [B. Ball, E. Chambard]
350	0354	Somnambulisme naturel ou spontané [B. Ball, E. Chambard]
351	0355	Somnambulisme naturel ou spontané [B. Ball, E. Chambard]
352	0356	Somnambulisme naturel ou spontané [B. Ball, E. Chambard]
353	0357	Somnambulisme naturel ou spontané [B. Ball, E. Chambard]
354	0358	Somnambulisme naturel ou spontané [B. Ball, E. Chambard]
355	0359	Somnambulisme naturel ou spontané [B. Ball, E. Chambard]
356	0360	Somnambulisme naturel ou spontané [B. Ball, E. Chambard]
357	0361	Somnambulisme naturel ou spontané [B. Ball, E. Chambard]
358	0362	Somnambulisme naturel ou spontané [B. Ball, E. Chambard]
359	0363	Somnambulisme naturel ou spontané [B. Ball, E. Chambard]
360	0364	Somnambulisme naturel ou spontané [B. Ball, E. Chambard]
361	0365	Somnambulisme naturel ou spontané [B. Ball, E. Chambard]
362	0366	Somnambulisme naturel ou spontané [B. Ball, E. Chambard] (bibliographie)
363	0367	Somnambulisme naturel ou spontané [B. Ball, E. Chambard] (bibliographie) / Somnambulisme provoqué [E. Chambard]
364	0368	Somnambulisme provoqué [E. Chambard]
365	0369	Somnambulisme provoqué [E. Chambard]
366	0370	Somnambulisme provoqué [E. Chambard]
367	0371	Somnambulisme provoqué [E. Chambard]
368	0372	Somnambulisme provoqué [E. Chambard]
369	0373	Somnambulisme provoqué [E. Chambard]
370	0374	Somnambulisme provoqué [E. Chambard]
371	0375	Somnambulisme provoqué [E. Chambard]
372	0376	Somnambulisme provoqué [E. Chambard]
373	0377	Somnambulisme provoqué [E. Chambard]
374	0378	Somnambulisme provoqué [E. Chambard]
375	0379	Somnambulisme provoqué [E. Chambard]
376	0380	Somnambulisme provoqué [E. Chambard]
377	0381	Somnambulisme provoqué [E. Chambard]
378	0382	Somnambulisme provoqué [E. Chambard]
379	0383	Somnambulisme provoqué [E. Chambard]
380	0384	Somnambulisme provoqué [E. Chambard]
381	0385	Somnambulisme provoqué [E. Chambard] / Somnolence [Amédée Dechambre]
382	0386	Somnolence [Amédée Dechambre]
383	0387	Somnolence [Amédée Dechambre] / Somo [G. Planchon] (bibliographie) / Son (Physique) [C.-M. Gariel]
384	0388	Son (Physique) [C.-M. Gariel]
385	0389	Son (Physique) [C.-M. Gariel]
386	0390	Son (Physique) [C.-M. Gariel]
387	0391	Son (Physique) [C.-M. Gariel]
388	0392	Son (Physique) [C.-M. Gariel]
389	0393	Son (Physique) [C.-M. Gariel] / Son / Origine botanique. Voy. Blé, Céréales / Composition chimique [Amédée Dechambre]
390	0394	Son / Emploi médical [Amédée Dechambre] / Sonchus. Voy. Laitron / Sonde (Iles de la). Voy. Malaisie / Sondén (Carl-Ulrik) [L. Hahn] (bibliographie)
391	0395	Sondén (Carl-Ulrik) [L. Hahn] (bibliographie) / Sondes [E. Spillmann]
392	0396	Sondes [E. Spillmann]
393	0397	Sondes [E. Spillmann]
394	0398	Sondes [E. Spillmann]
395	0399	Sondes [E. Spillmann]
396	0400	Sondes [E. Spillmann]
397	0401	Sondes [E. Spillmann]
398	0402	Sondes [E. Spillmann]
399	0403	Sondes [E. Spillmann]
400	0404	Sondes [E. Spillmann]
401	0405	Sondes [E. Spillmann]
402	0406	Sondes [E. Spillmann]
403	0407	Sondes [E. Spillmann]
404	0408	Sondes [E. Spillmann]
405	0409	Sondes [E. Spillmann]
406	0410	Sondes [E. Spillmann]
407	0411	Sondes [E. Spillmann]
408	0412	Sondes [E. Spillmann] / Sone [G. Planchon] (bibliographie) / Songe [Amédée Dechambre]
409	0413	Songe [Amédée Dechambre]
410	0414	Songe [Amédée Dechambre]
411	0415	Songe [Amédée Dechambre]
412	0416	Songe [Amédée Dechambre]
413	0417	Songe [Amédée Dechambre]
414	0418	Songe [Amédée Dechambre]
415	0419	Songe [Amédée Dechambre]
416	0420	Songe [Amédée Dechambre]
417	0421	Songe [Amédée Dechambre]
418	0422	Songe [Amédée Dechambre]
419	0423	Songe [Amédée Dechambre]
420	0424	Songe [Amédée Dechambre]
421	0425	Songe [Amédée Dechambre]
422	0426	Songe [Amédée Dechambre]
423	0427	Songe [Amédée Dechambre]
424	0428	Songe [Amédée Dechambre]
425	0429	Songe [Amédée Dechambre]
426	0430	Songe [Amédée Dechambre]
427	0431	Songe [Amédée Dechambre]
428	0432	Songe [Amédée Dechambre]
429	0433	Songe [Amédée Dechambre]
430	0434	Songe [Amédée Dechambre]
431	0435	Songe [Amédée Dechambre]
432	0436	Songe [Amédée Dechambre]
433	0437	Songe [Amédée Dechambre] / Songe (Médecine légale). Voy. Sommeil / Songeon (Joseph-Marie) [A. Chéreau] / Songkoong [G. Planchon] (bibliographie) / Sonnenburg (Les deux) [L. Hahn]
434	0438	Sonnenburg (Les deux) [L. Hahn] (bibliographie) / Sonnenschein (Franz-Leopold) [L. Hahn] / Sonnerat (Pierre) [L. Hahn]
435	0439	Sonnerat (Pierre) [L. Hahn] / Sonneratia [H. Baillon] (bibliographie) / Sönnerberg (Jacob) [L. Hahn]
436	0440	Sönnerberg (Jacob) [L. Hahn] (bibliographie) / Sonnet de Courval (Thomas) [A. Chéreau]
437	0441	Sonnet de Courval (Thomas) [A. Chéreau] / Sonneur [E. Oustalet]
438	0442	Sonneur [E. Oustalet]
439	0443	Sonneur [E. Oustalet] (bibliographie) / Sonnini de Manoncourt (Charles-Nicolas-Sigisbert) [L. Hahn] / Sonorité [C.-M. Gariel]
440	0444	Sonorité [C.-M. Gariel] / Sontheimer (Joseph von) [L. Hahn]
441	0445	Sontheimer (Joseph von) [L. Hahn] (bibliographie) / Sonzes [G. Planchon] / Soodoo Porrutie Puttay [G. Planchon] / Sophora, Sophorées [H. Baillon]
442	0446	Sophora, Sophorées [H. Baillon] / Soranus (Les) [L. Hahn]
443	0447	Soranus (Les) [L. Hahn]
444	0448	Soranus (Les) [L. Hahn]
445	0449	Soranus (Les) [L. Hahn]
446	0450	Soranus (Les) [L. Hahn]
447	0451	Soranus (Les) [L. Hahn]
448	0452	Soranus (Les) [L. Hahn]
449	0453	Soranus (Les) [L. Hahn]
450	0454	Soranus (Les) [L. Hahn] / Sorbait (Paul de) [A. Chéreau] (bibliographie) / Sorbamide [L. Hahn] / Sorbes [H. Baillon] / Sorbier [H. Baillon]
451	0455	Sorbier [H. Baillon] (bibliographie)
452	0456	Sorbine [L. Hahn]
453	0457	Sorbine [L. Hahn] / Sorbinique (Acide) [L. Hahn] / Sorbique (Acide) [L. Hahn]
454	0458	Sorbique (Acide) [L. Hahn]
455	0459	Sorbique (Acide) [L. Hahn] / Sorbite [L. Hahn] / Sorbus. Voy. Sorbier / Sorcellerie et Magie [A. Chéreau]
456	0460	Sorcellerie et Magie [A. Chéreau]
457	0461	Sorcellerie et Magie [A. Chéreau]
458	0462	Sorcellerie et Magie [A. Chéreau]
459	0463	Sorcellerie et Magie [A. Chéreau]
460	0464	Sorcellerie et Magie [A. Chéreau]
461	0465	Sorcellerie et Magie [A. Chéreau]
462	0466	Sorcellerie et Magie [A. Chéreau]
463	0467	Sorcellerie et Magie [A. Chéreau]
464	0468	Sorcellerie et Magie [A. Chéreau]
465	0469	Sorcellerie et Magie [A. Chéreau]
466	0470	Sorcellerie et Magie [A. Chéreau]
467	0471	Sorcellerie et Magie [A. Chéreau]
468	0472	Sorcellerie et Magie [A. Chéreau]
469	0473	Sorcellerie et Magie [A. Chéreau]
470	0474	Sorcellerie et Magie [A. Chéreau]
471	0475	Sorcellerie et Magie [A. Chéreau]
472	0476	Sorcellerie et Magie [A. Chéreau]
473	0477	Sorcellerie et Magie [A. Chéreau]
474	0478	Sorcellerie et Magie [A. Chéreau]
475	0479	Sorcellerie et Magie [A. Chéreau]
476	0480	Sorcellerie et Magie [A. Chéreau]
477	0481	Sorcellerie et Magie [A. Chéreau]
478	0482	Sorcellerie et Magie [A. Chéreau]
479	0483	Sorcellerie et Magie [A. Chéreau]
480	0484	Sorcellerie et Magie [A. Chéreau]
481	0485	Sorcellerie et Magie [A. Chéreau] (bibliographie)
482	0486	Sorcellerie et Magie [A. Chéreau] (bibliographie) / Sörensen (Les) [L. Hahn] / Sorg (Franz-Lothar-August) [L. Hahn] / Sorgho [Ed. Lefèvre]
483	0487	Sorgho [Ed. Lefèvre]
484	0488	Sorgho [Ed. Lefèvre] (bibliographie) / Sori (Giacomo) [L. Hahn]
485	0489	Sormani (Napoleone-Massimiliano) [L. Hahn] (bibliographie) / Sortiléges. Voy. Sorcellerie / Sosa Sotomayor (Juan de) [L. Hahn] / Soto (Les) [L. Hahn]
486	0490	Soto (Les) [L. Hahn] (bibliographie) / Sotteville-lez-Rouen (Eau minérale de) [A. Rotureau]
487	0491	Sotteville-lez-Rouen (Eau minérale de) [A. Rotureau] / Sottio [G. Planchon] (bibliographie) / Souanes (Les). Voy. Caucasique (Région) / Souari [G. Planchon] / Soubeiran (Eugène) [A. Chéreau]
488	0492	Soubeiran (Eugène) [A. Chéreau] (bibliographie)
489	0493	Soubeiran (Eugène) [A. Chéreau] / Souberbielle (Joseph) [A. Chéreau] (bibliographie)
490	0494	Souberbielle (Joseph) [A. Chéreau] (bibliographie) / Soubise (Eaux minérales de) [A. Rotureau] / Soubresaut [Amédée Dechambre]
491	0495	Soubresaut [Amédée Dechambre] / Soucelles (Eau minérale de) [A. Rotureau] / Souchet [G. Planchon]
492	0496	Souchet [G. Planchon]
493	0497	Souchet [G. Planchon] (bibliographie) / Souci [G. Planchon]
494	0498	Souci [G. Planchon] (bibliographie) / Souci d'eau [G. Planchon] / Soucreyre (Eaux minérales de) [A. Rotureau] / Soudan (Géographie médicale) [L. Laveran]
495	0499	Soudan (Géographie médicale) [L. Laveran]
496	0500	Soudan (Géographie médicale) [L. Laveran]
497	0501	Soudan (Géographie médicale) [L. Laveran]
498	0502	Soudan (Géographie médicale) [L. Laveran]
499	0503	Soudan (Géographie médicale) [L. Laveran]
500	0504	Soudan (Géographie médicale) [L. Laveran]
501	0505	Soudan (Géographie médicale) [L. Laveran]
502	0506	Soudan (Géographie médicale) [L. Laveran]
503	0507	Soudan (Géographie médicale) [L. Laveran] (bibliographie) / Soude / Chimie [Malaguti]
504	0508	Soude. Chimie [Malaguti]
505	0509	Soude. Chimie [Malaguti]
506	0510	Soude. Chimie [Malaguti]
507	0511	Soude. Chimie [Malaguti]
508	0512	Soude. Chimie [Malaguti]
509	0513	Soude. Chimie [Malaguti]
510	0514	Soude. Chimie [Malaguti]
511	0515	Soude. Chimie [Malaguti]
512	0516	Soude. Chimie [Malaguti]
513	0517	Soude. Chimie [Malaguti]
514	0518	Soude. Chimie [Malaguti]
515	0519	Soude. Chimie [Malaguti]
516	0520	Soude. Chimie [Malaguti] / Thérapeutique [Fonssagrives]
517	0521	Soude. Thérapeutique [Fonssagrives]
518	0522	Soude. Thérapeutique [Fonssagrives]
519	0523	Soude. Thérapeutique [Fonssagrives]
520	0524	Soude. Thérapeutique [Fonssagrives]
521	0525	Soude. Thérapeutique [Fonssagrives]
522	0526	Soude. Thérapeutique [Fonssagrives]
523	0527	Soude. Thérapeutique [Fonssagrives]
524	0528	Soude. Thérapeutique [Fonssagrives]
525	0529	Soude. Thérapeutique [Fonssagrives]
526	0530	Soude. Thérapeutique [Fonssagrives]
527	0531	Soude. Thérapeutique [Fonssagrives]
528	0532	Soude. Thérapeutique [Fonssagrives]
529	0533	Soude. Thérapeutique [Fonssagrives]
530	0534	Soude. Thérapeutique [Fonssagrives]
531	0535	Soude. Thérapeutique [Fonssagrives]
532	0536	Soude. Thérapeutique [Fonssagrives]
533	0537	Soude. Thérapeutique [Fonssagrives]
534	0538	Soude. Thérapeutique [Fonssagrives]
535	0539	Soude. Thérapeutique [Fonssagrives]
536	0540	Soude. Thérapeutique [Fonssagrives]
537	0541	Soude. Thérapeutique [Fonssagrives] / Soude (Botanique) [G. Planchon]
538	0542	Soude (Botanique) [G. Planchon] (bibliographie) / Soudon (Eau minérale de) [A. Rotureau]
539	0543	Soudras [Amédée Dechambre] / Souffle (Bruit de) [Henri Barth]
540	0544	Souffle (Bruit de) [Henri Barth]
541	0545	Souffle (Bruit de) [Henri Barth]
542	0546	Souffle (Bruit de) [Henri Barth]
543	0547	Souffle (Bruit de) [Henri Barth]
544	0548	Souffle (Bruit de) [Henri Barth]
545	0549	Souffle (Bruit de) [Henri Barth]
546	0550	Souffle (Bruit de) [Henri Barth]
547	0551	Souffle (Bruit de) [Henri Barth]
548	0552	Souffle (Bruit de) [Henri Barth]
549	0553	Souffle (Bruit de) [Henri Barth]
550	0554	Souffle (Bruit de) [Henri Barth]
551	0555	Souffle (Bruit de) [Henri Barth]
552	0556	Souffle (Bruit de) [Henri Barth]
553	0557	Souffle (Bruit de) [Henri Barth]
554	0558	Souffle (Bruit de) [Henri Barth]
555	0559	Souffle (Bruit de) [Henri Barth]
556	0560	Souffle (Bruit de) [Henri Barth]
557	0561	Souffle (Bruit de) [Henri Barth]
558	0562	Souffle (Bruit de) [Henri Barth]
559	0563	Souffle (Bruit de) [Henri Barth]
560	0564	Souffle (Bruit de) [Henri Barth]
561	0565	Souffle (Bruit de) [Henri Barth]
562	0566	Souffle (Bruit de) [Henri Barth]
563	0567	Souffle (Bruit de) [Henri Barth]
564	0568	Souffle (Bruit de) [Henri Barth]
565	0569	Souffle (Bruit de) [Henri Barth]
566	0570	Souffle (Bruit de) [Henri Barth]
567	0571	Souffle (Bruit de) [Henri Barth]
568	0572	Souffle (Bruit de) [Henri Barth]
569	0573	Souffle (Bruit de) [Henri Barth]
570	0574	Souffle (Bruit de) [Henri Barth]
571	0575	Souffle (Bruit de) [Henri Barth]
572	0576	Souffle (Bruit de) [Henri Barth]
573	0577	Souffle (Bruit de) [Henri Barth]
574	0578	Souffle (Bruit de) [Henri Barth]
575	0579	Souffle (Bruit de) [Henri Barth]
576	0580	Souffle (Bruit de) [Henri Barth]
577	0581	Souffle (Bruit de) [Henri Barth]
578	0582	Souffle (Bruit de) [Henri Barth]
579	0583	Souffle (Bruit de) [Henri Barth]
580	0584	Souffle (Bruit de) [Henri Barth]
581	0585	Souffle (Bruit de) [Henri Barth]
582	0586	Souffle (Bruit de) [Henri Barth]
583	0587	Souffle (Bruit de) [Henri Barth]
584	0588	Souffle (Bruit de) [Henri Barth]
585	0589	Souffle (Bruit de) [Henri Barth]
586	0590	Souffle (Bruit de) [Henri Barth] (bibliographie)
587	0591	Souffle (Bruit de) [Henri Barth] (bibliographie)
588	0592	Souffle (Bruit de) [Henri Barth] (bibliographie)
589	0593	Souffle (Bruit de) [Henri Barth] (bibliographie)
590	0594	Souffle (Bruit de) [Henri Barth] (bibliographie) / Soufre / Chimie [C. Lutz]
591	0595	Soufre. Chimie [C. Lutz]
592	0596	Soufre. Chimie [C. Lutz]
593	0597	Soufre. Chimie [C. Lutz]
594	0598	Soufre. Chimie [C. Lutz]
595	0599	Soufre. Chimie [C. Lutz] / Emploi médical [Ernest Labbée]
596	0600	Soufre. Emploi médical [Ernest Labbée]
597	0601	Soufre. Emploi médical [Ernest Labbée]
598	0602	Soufre. Emploi médical [Ernest Labbée]
599	0603	Soufre. Emploi médical [Ernest Labbée]
600	0604	Soufre. Emploi médical [Ernest Labbée]
601	0605	Soufre. Emploi médical [Ernest Labbée]
602	0606	Soufre. Emploi médical [Ernest Labbée]
603	0607	Soufre. Emploi médical [Ernest Labbée]
604	0608	Soufre. Emploi médical [Ernest Labbée]
605	0609	Soufre. Emploi médical [Ernest Labbée]
606	0610	Soufre. Emploi médical [Ernest Labbée]
607	0611	Soufre. Emploi médical [Ernest Labbée]
608	0612	Soufre. Emploi médical [Ernest Labbée]
609	0613	Soufre. Emploi médical [Ernest Labbée]
610	0614	Soufre. Emploi médical [Ernest Labbée]
611	0615	Soufre. Emploi médical [Ernest Labbée]
612	0616	Soufre. Emploi médical [Ernest Labbée]
613	0617	Soufre. Emploi médical [Ernest Labbée]
614	0618	Soufre. Emploi médical [Ernest Labbée]
615	0619	Soufre. Emploi médical [Ernest Labbée]
616	0620	Soufre. Emploi médical [Ernest Labbée]
617	0621	Soufre. Emploi médical [Ernest Labbée]
618	0622	Soufre. Emploi médical [Ernest Labbée] (bibliographie) / Hygiène industrielle [Alexandre Layet]
619	0623	Soufre. Hygiène industrielle [Alexandre Layet]
620	0624	Soufre. Hygiène industrielle [Alexandre Layet]
621	0625	Soufre. Hygiène industrielle [Alexandre Layet]
622	0626	Soufre. Hygiène industrielle [Alexandre Layet]
623	0627	Soufre. Hygiène industrielle [Alexandre Layet]
624	0628	Soufre. Hygiène industrielle [Alexandre Layet]
625	0629	Soufre. Hygiène industrielle [Alexandre Layet]
626	0630	Soufre. Hygiène industrielle [Alexandre Layet]
627	0631	Soufre. Hygiène industrielle [Alexandre Layet]
628	0632	Soufre. Hygiène industrielle [Alexandre Layet]
629	0633	Soufre. Hygiène industrielle [Alexandre Layet] (bibliographie) / Soufre végétal [G. Planchon] / Sougragne ou Sougraigne (Eaux minérales de) [A. Rotureau] / Soui-Mangas [E. Oustalet]
630	0634	Soui-Mangas [E. Oustalet]
631	0635	Soui-Mangas [E. Oustalet]
632	0636	Soui-Mangas [E. Oustalet] (bibliographie) / Soukiou [G. Planchon] / Soulamea [H. Baillon]
633	0637	Soulamea [H. Baillon] (bibliographie) / Souleyet (Louis-François-Auguste) [L. Hahn]
634	0638	Souleyet (Louis-François-Auguste) [L. Hahn] (bibliographie) / Soulieux (Eau minérale de) [A. Rotureau]
635	0639	Soulieux (Eau minérale de) [A. Rotureau] / Souline [G. Planchon] (bibliographie) / Soultzbach (Haut-Rhin) (Eaux minérales de) [A. Rotureau]
636	0640	Soultzbach (Haut-Rhin) (Eaux minérales de) [A. Rotureau] (bibliographie) / Soultzbach (Bade) (Eaux minérales de) [A. Rotureau]
637	0641	Soultzbach (Bade) (Eaux minérales de) [A. Rotureau] / Soultz-les-Bains ou Bains de Soultz, ou Soultzbad (Eau minérale de) [A. Rotureau]
638	0642	Soultz-les-Bains ou Bains de Soultz, ou Soultzbad (Eau minérale de) [A. Rotureau]
639	0643	Soultz-les-Bains ou Bains de Soultz, ou Soultzbad (Eau minérale de) [A. Rotureau] (bibliographie) / Soultzmatt (Eaux minérales de) [A. Rotureau]
640	0644	Soultzmatt (Eaux minérales de) [A. Rotureau]
641	0645	Soultzmatt (Eaux minérales de) [A. Rotureau]
642	0646	Soultzmatt (Eaux minérales de) [A. Rotureau]
643	0647	Soultzmatt (Eaux minérales de) [A. Rotureau]
644	0648	Soultzmatt (Eaux minérales de) [A. Rotureau] (bibliographie) / Soupir [Amédée Dechambre]
645	0649	Soupir [Amédée Dechambre] / Sourcils / Anatomie [E. Charvot]
646	0650	Sourcils. Anatomie [E. Charvot]
647	0651	Sourcils. Anatomie [E. Charvot]
648	0652	Sourcils. Anatomie [E. Charvot]
649	0653	Sourcils. Anatomie [E. Charvot] / Pathologie / Difformités et vices de conformation du sourcil [E. Charvot]
650	0654	Sourcils. Pathologie. Difformités et vices de conformation du sourcil [E. Charvot] / Lésions chirurgicales [E. Charvot]
651	0655	Sourcils. Pathologie. Lésions chirurgicales [E. Charvot]
652	0656	Sourcils. Pathologie. Lésions chirurgicales [E. Charvot] / Amaurose et troubles visuels consécutifs aux lésions du sourcil [E. Charvot]
653	0657	Sourcils. Pathologie. Amaurose et troubles visuels consécutifs aux lésions du sourcil [E. Charvot]
654	0658	Sourcils. Pathologie. Amaurose et troubles visuels consécutifs aux lésions du sourcil [E. Charvot]
655	0659	Sourcils. Pathologie. Amaurose et troubles visuels consécutifs aux lésions du sourcil [E. Charvot]
656	0660	Sourcils. Pathologie. Amaurose et troubles visuels consécutifs aux lésions du sourcil [E. Charvot]
657	0661	Sourcils. Pathologie. Amaurose et troubles visuels consécutifs aux lésions du sourcil [E. Charvot] / Kystes dermoïdes de la queue du sourcil [E. Charvot]
658	0662	Sourcils. Pathologie. Kystes dermoïdes de la queue du sourcil [E. Charvot]
659	0663	Sourcils. Pathologie. Kystes dermoïdes de la queue du sourcil [E. Charvot]
660	0664	Sourcils. Pathologie. Kystes dermoïdes de la queue du sourcil [E. Charvot]
661	0665	Sourcils. Pathologie. Kystes dermoïdes de la queue du sourcil [E. Charvot]
662	0666	Sourcils. Pathologie. Kystes dermoïdes de la queue du sourcil [E. Charvot]
663	0667	Sourcils. Pathologie. Kystes dermoïdes de la queue du sourcil [E. Charvot] / Kystes pierreux ou calcaires des sourcils [E. Charvot]
664	0668	Sourcils. Pathologie. Kystes pierreux ou calcaires des sourcils [E. Charvot] (biliographie)
665	0669	Sourcils. Pathologie. Kystes pierreux ou calcaires des sourcils [E. Charvot] (biliographie) / Sourcilier [A. Le Double]
666	0670	Sourcilier [A. Le Double] / Souris [E. Oustalet]
667	0671	Souris [E. Oustalet] / Sourit ou Surith [G. Planchon] / Sous-clavier [A. Le Double]
668	0672	Sous-clavier [A. Le Double] / Sous-clavière [Léon Le Fort] / Anatomie [Léon Le Fort]
669	0673	Sous-clavière. Anatomie [Léon Le Fort] / Pathologie / Plaies de l'artère sous-clavière [Léon Le Fort]
670	0674	Sous-clavière. Pathologie. Plaies de l'artère sous-clavière [Léon Le Fort]
671	0675	Sous-clavière. Pathologie. Plaies de l'artère sous-clavière [Léon Le Fort] / Anévrysmes [Léon Le Fort]
672	0676	Sous-clavière. Pathologie. Anévrysmes [Léon Le Fort]
673	0677	Sous-clavière. Pathologie. Anévrysmes [Léon Le Fort]
674	0678	Sous-clavière. Pathologie. Anévrysmes [Léon Le Fort]
675	0679	Sous-clavière. Pathologie. Anévrysmes [Léon Le Fort]
676	0680	Sous-clavière. Pathologie. Anévrysmes [Léon Le Fort]
677	0681	Sous-clavière. Pathologie. Anévrysmes [Léon Le Fort]
678	0682	Sous-clavière. Pathologie. Anévrysmes [Léon Le Fort]
679	0683	Sous-clavière. Pathologie. Anévrysmes [Léon Le Fort]
680	0684	Sous-clavière. Pathologie. Anévrysmes [Léon Le Fort]
681	0685	Sous-clavière. Pathologie. Anévrysmes [Léon Le Fort]
682	0686	Sous-clavière. Pathologie. Anévrysmes [Léon Le Fort]
683	0687	Sous-clavière. Pathologie. Anévrysmes [Léon Le Fort]
684	0688	Sous-clavière. Pathologie. Anévrysmes [Léon Le Fort]
685	0689	Sous-clavière. Pathologie. Anévrysmes [Léon Le Fort]
686	0690	Sous-clavière. Pathologie. Anévrysmes [Léon Le Fort]
687	0691	Sous-clavière. Pathologie. Anévrysmes [Léon Le Fort]
688	0692	Sous-clavière. Pathologie. Anévrysmes [Léon Le Fort]
689	0693	Sous-clavière. Pathologie. Anévrysmes [Léon Le Fort]
690	0694	Sous-clavière. Pathologie. Anévrysmes [Léon Le Fort]
691	0695	Sous-clavière. Pathologie. Anévrysmes [Léon Le Fort]
692	0696	Sous-clavière. Pathologie. Anévrysmes [Léon Le Fort]
693	0697	Sous-clavière. Pathologie. Anévrysmes [Léon Le Fort]
694	0698	Sous-clavière. Pathologie. Anévrysmes [Léon Le Fort]
695	0699	Sous-clavière. Pathologie. Anévrysmes [Léon Le Fort]
696	0700	Sous-clavière. Pathologie. Anévrysmes [Léon Le Fort]
697	0701	Sous-clavière. Pathologie. Anévrysmes [Léon Le Fort]
698	0702	Sous-clavière. Pathologie. Anévrysmes [Léon Le Fort]
699	0703	Sous-clavière. Pathologie. Anévrysmes [Léon Le Fort]
700	0704	Sous-clavière. Pathologie. Anévrysmes [Léon Le Fort]
701	0705	Sous-clavière. Pathologie. Anévrysmes [Léon Le Fort]
702	0706	Sous-clavière. Pathologie. Anévrysmes [Léon Le Fort]
703	0707	Sous-clavière. Pathologie. Anévrysmes [Léon Le Fort]
704	0708	Sous-clavière. Pathologie. Anévrysmes [Léon Le Fort]
705	0709	Sous-clavière. Pathologie. Anévrysmes [Léon Le Fort]
706	0710	Sous-clavière. Pathologie. Anévrysmes [Léon Le Fort]
707	0711	Sous-clavière. Pathologie. Anévrysmes [Léon Le Fort]
708	0712	Sous-clavière. Pathologie. Anévrysmes [Léon Le Fort]
709	0713	Sous-clavière. Pathologie. Anévrysmes [Léon Le Fort]
710	0714	Sous-clavière. Pathologie. Anévrysmes [Léon Le Fort] (bibliographie) / Sous-Clavière (Veine) [Amédée Dechambre] / Sous-conjonctivales (Glandes) [Amédée Dechambre] / Sous-costaux [A. Le Double]
711	0715	Sous-costaux [A. Le Double] / Sous-cutanée (Méthode). Voy. Hypodermique, Plaie, Ténotomie / Sous-épineux [A. Le Double]
712	0716	Sous-épineux [A. Le Double]
713	0717	Sous-épineux [A. Le Double] / Sousinon, Sousion [G. Planchon] (bibliographie) / Sous-maxillaire (Ganglion). Voy. Maxillaire inférieur (Nerf) / Sous-maxillaire (Glande). Voy. Maxillaire (Glande) et Salivaires (Glandes) / Sous-occipital (Nerf) [Amédée Dechambre] / Sous-orbitaire (Artère) [Amédée Dechambre] / Sous-orbitaire (Nerf) [Amédée Dechambre] / Sous-périostée (Méthode) [Amédée Dechambre] / Sous-scapulaire [A. Le Double]
714	0718	Sous-scapulaire [A. Le Double]
715	0719	Sous-scapulaire [A. Le Double]
716	0720	Sous-scapulaire [A. Le Double] / Sous-scapulaire accessoire [A. Le Double] / Sous-scapulaires (Artères). Voy. Scapulaires / Soutènement (Appareils de) [E. Spillmann]
717	0721	Soutènement (Appareils de) [E. Spillmann]
718	0722	Soutènement (Appareils de) [E. Spillmann]
719	0723	Soutènement (Appareils de) [E. Spillmann]
720	0724	Soutènement (Appareils de) [E. Spillmann] / South (James) [L. Hahn] / Southam (George) [L. Hahn]
721	0725	Southam (George) [L. Hahn] (bibliographie) / Southey (Henry-Herbert) [L. Hahn] / Souty (Jean-Jacques-Auguste-Armand) [A. Chéreau]
722	0726	Souty (Jean-Jacques-Auguste-Armand) [A. Chéreau] (bibliographie) / Sowa [Amédée Dechambre] / Sowauli ou Suhaillii [Amédée Dechambre] / Sowerby (Les) [L. Hahn]
723	0727	Sowerby (Les) [L. Hahn] / Soy et Soya [G. Planchon] (bibliographie) / Soymida [H. Baillon]
724	0728	Soymida [H. Baillon] (bibliographie) / Spa (Eaux minérales et boues de) [A. Rotureau]
725	0729	Spa (Eaux minérales et boues de) [A. Rotureau]
726	0730	Spa (Eaux minérales et boues de) [A. Rotureau]
727	0731	Spa (Eaux minérales et boues de) [A. Rotureau]
728	0732	Spa (Eaux minérales et boues de) [A. Rotureau]
729	0733	Spa (Eaux minérales et boues de) [A. Rotureau]
730	0734	Spa (Eaux minérales et boues de) [A. Rotureau]
731	0735	Spa (Eaux minérales et boues de) [A. Rotureau] (bibliographie) / Spach (Israel) [A. Dureau]
732	0736	Spach (Israel) [A. Dureau] (bibliographie) / Spagirie [A. Chéreau]
733	0737	Spagirie [A. Chéreau] / Spagnolino (Carlo) [L. Hahn] (bibliographie) / Spajrani (Giuseppe) [L. Hahn] / Spalax [E. Oustalet] / Spallanzani (Lazare) [Amédée Dechambre]
734	0738	Spallanzani (Lazare) [Amédée Dechambre]
735	0739	Spallanzani (Lazare) [Amédée Dechambre] (bibliographie) / Spangenberg (Les) [L. Hahn]
736	0740	Spangenberg (Les) [L. Hahn] (bibliographie)
737	0741	Spangenberg (Les) [L. Hahn] (bibliographie) / Sparadraps [E. Burcker]
738	0742	Sparadraps [E. Burcker]
739	0743	Sparadraps [E. Burcker]
740	0744	Sparadraps [E. Burcker]
741	0745	Sparadraps [E. Burcker] / Sparasse. Voy. Araignée / Sparassis [Ed. Lefèvre] / Sparattosperma [Ed. Lefèvre] (bibliographie) / Spare [E. Oustalet] / Sparganium ou Sparganion [G. Planchon]
742	0746	Sparganium ou Sparganion [G. Planchon] (bibliographie) / Spargoute, Espargoute [G. Planchon] / Sparks (Edwards-Isaac) [L. Hahn]
743	0747	Sparks (Edwards-Isaac) [L. Hahn] (bibliographie) / Sparoïdes [E. Oustalet]
744	0748	Sparoïdes [E. Oustalet]
745	0749	Sparoïdes [E. Oustalet]
746	0750	Sparoïdes [E. Oustalet] (bibliographie) / Sparrman (Les) [L. Hahn] / Spart, Sparte, Spartum [G. Planchon] / Spartéine [Malaguti]
747	0751	Spartéine [Malaguti] (bibliographie) / Spartium [G. Planchon] / Spasme (en général) [C. Zuber]
748	0752	Spasme (en général) [C. Zuber]
749	0753	Spasme (en général) [C. Zuber]
750	0754	Spasme (en général) [C. Zuber] (bibliographie)
751	0755	Spasme saltatoire [C. Zuber]
752	0756	Spasme saltatoire [C. Zuber]
753	0757	Spasme saltatoire [C. Zuber]
754	0758	Spasme saltatoire [C. Zuber] (bibliographie) / Spasmes fonctionnels [C. Zuber]
755	0759	Spasmes fonctionnels [C. Zuber]
756	0760	Spasmes fonctionnels [C. Zuber]
757	0761	Spasmes fonctionnels [C. Zuber]
758	0762	Spasmes fonctionnels [C. Zuber]
759	0763	Spasmes fonctionnels [C. Zuber]
760	0764	Spasmes fonctionnels [C. Zuber]
761	0765	Spasmes fonctionnels [C. Zuber]
762	0766	Spasmes fonctionnels [C. Zuber]
763	0767	Spasmes fonctionnels [C. Zuber]
764	0768	Spasmes fonctionnels [C. Zuber]
765	0769	Spasmes fonctionnels [C. Zuber]
766	0770	Spasmes fonctionnels [C. Zuber]
767	0771	Spasmes fonctionnels [C. Zuber]
768	0772	Spasmes fonctionnels [C. Zuber]
769	0773	Spasmes fonctionnels [C. Zuber]
770	0774	Spasmes fonctionnels [C. Zuber]
771	0775	Spasmes fonctionnels [C. Zuber]
772	0776	Spasmes fonctionnels [C. Zuber]
773	0777	Spasmes fonctionnels [C. Zuber]
774	0778	Spasmes fonctionnels [C. Zuber]
775	0779	Spasmes fonctionnels [C. Zuber]
776	0780	Spasmes fonctionnels [C. Zuber]
777	0781	Spasmes fonctionnels [C. Zuber]
778	0782	Spasmes fonctionnels [C. Zuber]
779	0783	Spasmes fonctionnels [C. Zuber] (bibliographie)
780	0784	Spasmes fonctionnels [C. Zuber] (bibliographie) / Spasmes traumatiques [C. Zuber]
781	0785	Spasmes traumatiques [C. Zuber]
782	0786	Spasmes traumatiques [C. Zuber]
783	0787	Spasmes traumatiques [C. Zuber]
784	0788	Spasmes traumatiques [C. Zuber]
785	0789	Spasmes traumatiques [C. Zuber]
786	0790	Spasmes traumatiques [C. Zuber]
787	0791	Spasmes traumatiques [C. Zuber]
788	0792	Spasmes traumatiques [C. Zuber]
789	0793	Spasmes traumatiques [C. Zuber]
790	0794	Spasmes traumatiques [C. Zuber]
791	0795	Spasmes traumatiques [C. Zuber]
792	0796	Spasmes traumatiques [C. Zuber]
793	0797	Spasmes traumatiques [C. Zuber]
794	0798	Spasmes traumatiques [C. Zuber] (bibliographie)
795	0799	Spasmes traumatiques [C. Zuber] (bibliographie) / Spatangidés. Voy. Spatangue / Spatangue [Ed. Lefèvre]
796	0800	Spatangue [Ed. Lefèvre] / Späth (Johan-Léonhard) [L. Hahn] (bibliographie) / Spatulaire [E. Oustalet] / Spatule (Zoologie) [E. Oustalet]
797	0801	Spatule (Zoologie) [E. Oustalet] (bibliographie) / Spatule (Chirurgie) [E. Spillmann] / Spécialités médicales [A. Chéreau]
798	0802	Spécialités médicales [A. Chéreau]
799	0803	Spécialités médicales [A. Chéreau]
800	0804	Spécialités médicales [A. Chéreau] / Spécificité [Amédée Dechambre]
801	0805	Spécificité [Amédée Dechambre]
802	0806	Spécificité [Amédée Dechambre]
803	0807	Spécificité [Amédée Dechambre]
804	0808	Spécificité [Amédée Dechambre]
805	0809	Spécificité [Amédée Dechambre]
806	0810	Spécificité [Amédée Dechambre]
807	0811	Spécificité [Amédée Dechambre]
[page blanche]	0812	
809	0813	Articles contenus dans le dixième volume (3e série.)
810	0814	Articles contenus dans le dixième volume (3e série.)
811	0815	Articles contenus dans le dixième volume (3e série.)
812	0816	Articles contenus dans le dixième volume (3e série.)
