page	refimg	chapitre
[sans numérotation]	0001	[Page de faux-titre]
[page blanche]	0002	
[sans numérotation]	0003	[Page de titre]
[page blanche]	0004	
V	0005	Avant-propos
VI	0006	Avant-propos
VII	0007	Avant-propos
[page blanche]	0008	
1	0009	Dictionnaire de thérapeutique de matière médicale de pharmacologie de toxicologie et des eaux minérales / A / Aaez / Aargau / Aarzilhe / Aas / Abach / Abano
2	0010	Abano
3	0011	Abano / Abas-Tuman / Abbecourt / Abbeville / Abdalagis / Abein / Abeja / Abélesie / Abelmeluch / Abelmosch / Abenaquis Springs / Abensbach
4	0012	Abensberg / Aberastur / Aberbrothick / Abercrombie / Aberdour / Abernethy / Aberystwith / Abies / Abiétine / Abiétite / Abiétique / Abietis cerevislae / Abilo / Abkari-opium / Abluants / Ablution
5	0013	Abortifs / Aboukir / Abrabeses / Abre / Abréviations
6	0014	Abréviations / Abricotier / Abri radix / Abrus precatorius / Absac
7	0015	Absac / Absin menu / Absinthe
8	0016	Absinthe
9	0017	Absinthe
10	0018	Absinthe
11	0019	Absinthe / Absorbants / Abstergents / Abstinence / Absus / Abuta amara / Abuta rufescens / Abutilon / Abutua / Abutua unha de vaca / Acacia / Acacin / Acajou
12	0020	Acajou / Acalyphe / Acanthe / Acavveria / Aceite de amucey / Aceite de sel / Acer / Acerra
13	0021	Acerra / Acétates / Acétique
14	0022	Acétique
15	0023	Acétique
16	0024	Acétique
17	0025	Acétique / Acétol normal / Acétolats / Acétolatures / Acétolés / Acétomellés / Acétomel / Acétones
18	0026	Acétones
19	0027	Acétones / Achard / Ache / Ache / Achillée
20	0028	Achillée / Achras sapota / Achselmannstein / Achyrates aspera / Acicatena
21	0029	Acides
22	0030	Acides
23	0031	Acides / Acileztra / Acipenser / Aci-reale / Acmelle / Acolyctine / Aconella / Aconit
24	0032	Aconit
25	0033	Aconit
26	0034	Aconit
27	0035	Aconit
28	0036	Aconit
29	0037	Aconit
30	0038	Aconit
31	0039	Aconit
32	0040	Aconit
33	0041	Aconit
34	0042	Aconit
35	0043	Aconit / Acore
36	0044	Acore / Açores / Acorus aduterinus / Acouchi / Acqua acetosa / Aqua binelli / Acqua ferrata / Acquappesa
37	0045	Acquappesa / Acqua santa / Acqua sparta / Acque albule / Acquetta / Acqui
38	0046	Acqui
39	0047	Acqui / Acratothermes / Acres / Acrinyle / Acrodiclidium camara / Acrosticum lingua / Actée / Acton / Acupuncture
40	0048	Acupuncture
41	0049	Acupuncture
42	0050	Acupuncture / Adamfolde / Adams / Adansonia digita / Adansonine / Adelheidsquelle / Adelholzen / Adenandra uniflora / Adenanthera pavonina
43	0051	Adenanthera pavonina / Adenostyles glabra / Adeps myristice / Adhésifs / Adiantum / Adjuvants / Admaston / Adolfsberg / Adonis / Adorfd / Adorne / Adoucissants / Adoxa mouchatella / Adragante (Gomme)
44	0052	Adragante (Gomme)
45	0053	Adragante (Gomme) / Adrian / Adrian et deschamps / Aedipso / Aegina / Aegle marmelos / Aegopodium podagraria / Aehlen / Aérothérapie
46	0054	Aérothérapie
47	0055	Aérothérapie
48	0056	Aérothérapie
49	0057	Aérothérapie
50	0058	Aérothérapie
51	0059	Aérothérapie
52	0060	Aérothérapie
53	0061	Aérothérapie / Aesculine / Aesculus hypocartanum / Aether fodenii / Aethusa cynapium / Afalterbach / Affium / Affium - kara - hissar / Affusion / Agapathus umberlatus / Agaric amadonnier / Agaric blanc / Agasta / Agathophyllum aromaticum / Agati / Agatides / Agatosma / Agave / Agédoite / Agglutinatifs
54	0062	Agglutinatifs
55	0063	Agglutinatifs
56	0064	Agglutinatifs / Agnana / Agnano / Agnone / Agnus castus / Agrimonia eupatoria / Agriou / Agrippa / Agripaume
57	0065	Agripaume / Agropyrum repens / Agua azul / Agua santa de vimeiro / Aguas buenas / Aguas calientes / Aguas de comangillas / Aguilar Del Rio Alhama / Ahlbeck / Ahouai / Ahusqui / Aias
58	0066	Aias / Aiault / Aibling / Aich / Aiddin / Aidone / Aidos / Aigen / Aiglantine / Aigle / Aigrelié / Aigremoine
59	0067	Aigremoine / Aigrette / Aigueperse / Ail
60	0068	Ail / Ailano / Ailante / Aimant / Aile / Ailhaud / Aimant arsenical / Ain
61	0069	Ain / Ain el Mouza / Ain Nouissy / Aincille / Ainslie / Air / Airelle
62	0070	Airelle / Airthrie / Aiscorri O Bermejo / Aithen / Aix / Aix-la-Chapelle
63	0071	Aix-la-Chapelle / Aix-les-Bains
64	0072	Aix-les-Bains
65	0073	Aix-les-Bains
66	0074	Aix-les-Bains / Ajaccio / Ajnacsko / Ajuga reptans / Akaswail / Akéomine / Alabaster cave Spring / Alais / Alambic / Alameda de cervera / Alameda de la sagra / Alangazi / Alange
67	0075	Alange / Alap / Alaraz / Albaladejo / Albane / Albano / Albany / Albaretto di borgotaro / Albastrum / Albatre
68	0076	Albatre / Albens / Albers / Albeysperes / Albin deflou / Albisbrunn / Alboraya / Albules / Album ceti / Album graecum / Album nigrum / Albumine
69	0077	Albumine
70	0078	Albumine / Albuquerque / Alburg / Alcala de los gazules / Alcafuche / Alcalescents / Alcali extemporané / Alcali mineral / Alcali fixe végétal / Alcalimétrie
71	0079	Alcalimétrie
72	0080	Alcalimétrie / Alcalins
73	0081	Alcalins
74	0082	Alcalins
75	0083	Alcalins
76	0084	Alcalins
77	0085	Alcalins
78	0086	Alcalins
79	0087	Alcalins
80	0088	Alcalins
81	0089	Alcalins
82	0090	Alcalins
83	0091	Alcalins
84	0092	Alcalins / Alcaloïdes
85	0093	Alcaloïdes
86	0094	Alcaloïdes / Alcamo / Alcantud
87	0095	Alcantud / Alcaras / Alcaucin / Alcazar de san-juan / Alcazaren / Alceda / Alcée / Alchimille / Alcoka del Rio / Alcolea / Alcool
88	0096	Alcool
89	0097	Alcool
90	0098	Alcool
91	0099	Alcool
92	0100	Alcool
93	0101	Alcool
94	0102	Alcool
95	0103	Alcool
96	0104	Alcool
97	0105	Alcool
98	0106	Alcool
99	0107	Alcool
100	0108	Alcool
101	0109	Alcool
102	0110	Alcool
103	0111	Alcool
104	0112	Alcool
105	0113	Alcool
106	0114	Alcool
107	0115	Alcool
108	0116	Alcool / Alcornoque / Alcyon / Aldea del Rey / Aldea del Rio / Aldéhyde
109	0117	Aldéhyde / Aldeire / Alderneu / Ale / Alègre
110	0118	Alègre / Aléoutiennes / Alep / Alet / Aletris / Alexanderbad / Alexisbad
111	0119	Alexisbad / Alfa / Alfaro / Alfiano Notta / Alford / Alfovaca de cobra / Algarinejo / Algarobia glandulosa / Alger
112	0120	Alger / Algonodales / Algue / Al Guogy / Alhagi / Alhama de Aragon
113	0121	Alhama de Aragon / Alhama de Granada / Alhama la Seca / Alhama de murcia / Alhaurin el Grande
114	0122	Alhaurin el Grande / Ali (Sicile) / Alibert / Alibour
115	0123	Alibour / Alicun / Aliès / Aliez / Alimentation
116	0124	Alimentation
117	0125	Alimentation
118	0126	Alimentation
119	0127	Alimentation
120	0128	Alimentation
121	0129	Alimentation
122	0130	Alimentation
123	0131	Alimentation
124	0132	Alimentation
125	0133	Alimentation
126	0134	Alimentation
127	0135	Alimentation
128	0136	Alimentation
129	0137	Alimentation
130	0138	Alimentation
131	0139	Alimentation
132	0140	Alimentation
133	0141	Alimentation
134	0142	Alimentation
135	0143	Alimentation
136	0144	Alimentation
137	0145	Alimentation
138	0146	Alimentation
139	0147	Alimentation
140	0148	Alimentation
141	0149	Alimentation / Aliseda
132	0150	Aliseda / Alisier / Alisma / Alizarine / Aljustrel / Alkékenge / Alkermès
143	0151	Alkermès / Allaitement
144	0152	Allaitement
145	0153	Allaitement
146	0154	Allaitement
147	0155	Allaitement
148	0156	Allaitement
149	0157	Allaitement
150	0158	Allaitement
151	0159	Allaitement / Allataim / Alleghany Springs / Alleghe / Alleggrezza
152	0160	Alleluia / Allerheilingenbad / Allevard
153	0161	Allevard / Allezani / Alliages / Alliaire / Allespice / Allyle / Almagro / Almas / Almeida de Sayago / Almeria
154	0162	Almeria / Almogia / Almoharin / Almuradul / Aloès
155	0163	Aloès
156	0164	Aloès
157	0165	Aloès
158	0166	Aloès
159	0167	Aloès
160	0168	Aloès
161	0169	Aloès / Alomartes / Alora / Alouchi / Alouchier / Aloyse / Alpena / Alpha / Alphita / Alpinia / Alquezar / Alqueidon / Alquifoux / Alsasua / Alsine / Also-sebes
162	0170	Also-sebes / Also-vatza / Alstonia
163	0171	Alstonia / Alstroemère / Altare / Altavina irpina / Altdorf / Altérants
164	0172	Altérants
165	0173	Altérants
166	0174	Altérants
167	0175	Altérants / Althaea Officinalis / Althaeine / Alt-haide / Althof / Altingia / Altitude
168	0176	Altitude / Altwasser / Aluine / Alumen / Aluminadou / Aluminium
169	0177	Aluminium / Alun
170	0178	Alun
171	0179	Alun / Alunite / Aluyne / Alxoxopan / Alyon
172	0180	Alyon / Alyxie / Alzola / Alzolabea / Amadou
173	0181	Amadou / Amandes
174	0182	Amandes
175	0183	Amandes
176	0184	Amandes
177	0185	Amandes
178	0186	Amandes
179	0187	Amandes / Amanites
180	0188	Amanites
181	0189	Amanites
182	0190	Amanites
183	0191	Amanites / Amanitine / Amaracus / Amaraco / Amaranga / Amarante / Amarataco / Amarinites / Amaryllis
184	0192	Amaryllis / Amato / Amatrice / Ama-tsja / Amatum / Amatzquitl / Amaurosis / Ambare / Ambaville / Ambela / Ambelanieb / Amberboa / Ambert / Ambi / Ambia / Ambon / Ambleteuse / Ambra liquida / Ambre
185	0193	Ambre
186	0194	Ambre / Ambrette / Ambrosie / Ambulia / Ambuxon / Amcylia / Amelanchier / Amélie-les-Bains
187	0195	Amélie-les-Bains / Amelpo / Amelung / Amelxine / Amer
188	0196	Amer / Amera / Amères / Amezaga / Amherst / Amiante / Amides
189	0197	Amides / Amidon
190	0198	Amidon
191	0199	Amidon
192	0200	Amidon
193	0201	Amidon
194	0202	Amidon
195	0203	Amidon / Ammania / Ammi / Ammon / Ammoniaque
196	0204	Ammoniaque
197	0205	Ammoniaque
198	0206	Ammoniaque
199	0207	Ammoniaque
200	0208	Ammoniaque
201	0209	Ammoniaque
202	0210	Ammoniaque
203	0211	Ammoniaque
204	0212	Ammoniaque
205	0213	Ammoniaque
206	0214	Ammoniaque
207	0215	Ammoniaque
208	0216	Ammoniaque
209	0217	Ammoniaque / Amomum
210	0218	Amomum / Amongeaba / Amouroche / Amouros de bartas / Ampélide / Ampelopsis / Ampélothérapie / Amphibole / Amphoux / Amsooi / Amygdalae amarae / Amygdalae dulces / Amygdaline / Amylamine / Amyle
211	0219	Amyle
212	0220	Amyle
213	0221	Amyle
214	0222	Amyle / Amylène / Amylum maranta / Amyrine / Amyris / Anacardiées
215	0223	Anacardiées / Anacyclus / Anagallis / Anagyre / Analeptiques
216	0224	Analeptiques
217	0225	Analeptiques / Anamirta / Ananto-m'ul / Ancelon / Ancelot / Anchusa officinalis / Anciaux / Ancke / Anco / Ancolie / Anda / Andabre
218	0226	Andabre / Andelys (les) / Andermatt / Andersdorf / Anderson / Andira / Andorre / Andral / André Delacroix / Andrographis / Andromèdes / Andropogon
219	0227	Andropogon
220	0228	Andropogon / Androsème / Andujar / Anduran / Andry
221	0229	Andry / Anémones
222	0230	Anémones
223	0231	Anémones
224	0232	Anémones / Anesthésiques
225	0233	Anesthésiques
226	0234	Anesthésiques
227	0235	Anesthésiques
228	0236	Anesthésiques
229	0237	Anesthésiques
230	0238	Anesthésiques
231	0239	Anesthésiques
232	0240	Anesthésiques
233	0241	Anesthésiques
234	0242	Anesthésiques
235	0243	Anesthésiques
236	0244	Anesthésiques
237	0245	Anesthésiques
238	0246	Anesthésiques
239	0247	Anesthésiques
240	0248	Anesthésiques / Aneth
241	0249	Aneth / Anéthol / Angèles / Angélim / Angéline / Angélique
242	0250	Angélique
243	0251	Angélique / Angelot / Angera / Angers / Ange-sala / Anghiari / Anglada / Angogo / Angoulème / Angraecum fragrans / Anguilla pekinensio / Angusture
244	0252	Angusture
245	0253	Angusture
246	0254	Angusture / Anhalt
247	0255	Anhalt / Aniléine
248	0256	Aniléine
249	0257	Aniléine
250	0258	Aniléine
251	0259	Aniléine
252	0260	Aniléine
253	0261	Aniléine
254	0262	Aniléine
255	0263	Aniléine / Animé
256	0264	Animé
257	0265	Animé / Anis
258	0266	Anis
259	0267	Anis
260	0268	Anis
261	0269	Anis / Anoma Morunga / Anona Odoratissima
262	0270	Anona Odoratissima / Ansérine / Antamul / Antennaria Dioica / Anthelmintiques / Anthemis / Antophylle / Anthos / Anthracène
263	0271	Anthracène / Anthrakokali / Anthrènes / Anthriscus / Anthropomorphon / Anthyllide / Anthiaphrodisiaques
264	0272	Anthiaphrodisiaques
265	0273	Anthiaphrodisiaques / Antiar / Antiaris toxicaria / Antidotes / Anthydropine / Anthystériques / Antilly / Antimoine
266	0274	Antimoine
267	0275	Antimoine
268	0276	Antimoine
269	0277	Antimoine
270	0278	Antimoine
271	0279	Antimoine
272	0280	Antimoine
273	0281	Antimoine
274	0282	Antimoine
275	0283	Antimoine
276	0284	Antimoine
277	0285	Antimoine
278	0286	Antimoine
279	0287	Antimoine
280	0288	Antimoine
281	0289	Antimoine
282	0290	Antimoine / Antimoniates / Antimonio / Antin / Antioche / Antioquia / Antipériodiques / Antiphlogistiques / Antirrhinum / Antiscorbutiques / Antisceptiques / Antispasmodiques
283	0291	Antispasmodiques / Antofle / Antogast
284	0292	Antogast / Antsjar / Antura / Anudron / Anupias / Anvali / Anverus / Aongra / Aoura / Aourouchi / Aouriole / Aournier / Apama / Aparine / Appecchio / Apenrade / Apéritifs
285	0293	Apéritifs / Aphis Chinensis / Aphrodisiaques
286	0294	Aphrodisiaques
287	0295	Aphrodisiaques / Aphne / Apiol / Apios / Apium / Apiro Di Angoli / Aplotaxis / Apocodéine
288	0296	Apocodéine / Apoconita / Apocrénique / Apocynées / Apocynine / Apollinaris / Apomorphine
289	0297	Apomorphine
290	0298	Apomorphine / Aporétine / Apothème / Apozèmes
291	0299	Apozèmes / Appenzeli / Aqua Ardens / Aqua Pimente / Aquilaria agalloucha / Aquilegia / Aquino / Arabette / Arabine / Arachan / Arachide
292	0300	Arachide / Aracouchini / Aragonite / Araignée / Aragona / Aralia / Aramayona
293	0301	Aramayona / Aran / Arangos / Aranjuez / Arapatak / Arbon / Arbonne / Arbousier / Arbre
294	0302	Arbroath / Arbutine / Arbutus / Arcachon / Arcaeus / Arcanson / Arce / Arceria / Archangelica / Archena
295	0303	Archena / Arcidosso / Arco / Arcola / Arcos de Peiras / Arctium lappa / Arcturine / Ardes / Ardrossan / Ardales / Arec
296	0304	Arec / Arechavaleta
297	0305	Arechavaleta / Aregos / Arenapo / Arénation
298	0306	Arénation / Arendsee / Arenosillo / Arensburg / Aréométrie
299	0307	Aréométrie
300	0308	Aréométrie
301	0309	Aréométrie / Arès / Arezzo
302	0310	Arezzo / Argemone mexicana / Argent
303	0311	Argent
304	0312	Argent
305	0313	Argent
306	0314	Argent
307	0315	Argent
308	0316	Argent
309	0317	Argent / Argenti / Argentière / Argentona / Arguel / Argyritis / Ariano / Aribe
310	0318	Aribe / Aricine / Arino / Aristoloche / Arlanc / Armajolo / Armantat / Armentia / Armoise
311	0319	Armoise / Armoracia / Armungia / Arnal
312	0320	Arnaud de verneuil / Anedillo / Arnica
313	0321	Arnica
314	0322	Arnica
315	0323	Arnica / Arnould / Arnstadt
316	0324	Arnstadt / Aroba / Aromatiques
317	0325	Aromatiques / Arpad / Arpas Kalessi / Arqua Petrarca / Arrabal / Arracacha
318	0326	Arrow-root
319	0327	Arrow-root / Arsenic
320	0328	Arsenic
321	0329	Arsenic
322	0330	Arsenic
323	0331	Arsenic
324	0332	Arsenic
325	0333	Arsenic
326	0334	Arsenic
327	0335	Arsenic
328	0336	Arsenic
329	0337	Arsenic
330	0338	Arsenic
331	0339	Arsenic
332	0340	Arsenic
333	0341	Arsenic
334	0342	Arsenic
335	0343	Arsenic
336	0344	Arsenic
337	0345	Arsenic
338	0346	Arsenic
339	0347	Arsenic
340	0348	Arsenic
341	0349	Arsenic
342	0350	Arsenic
343	0351	Arsenic / Arta / Artanthe adunca / Artanthe elongata / Artanthe lancaefolia / Arteijo / Artemisia / Artery
344	0352	Artery / Arthanite / Artias / Artichaut / Aru-aru / Arum
345	0353	Arum / Arundo ampelodesmos / Asa foetida
346	0354	Asa foetida
347	0355	Asa foetida
348	0356	Asa foetida
349	0357	Asa foetida
350	0358	Asa foetida / Asagrea officinalis / Asaret
351	0359	Asaret / Asbeste / Asboline / Ascea / Asclepias asthmatica / Asclepias gigantea / Asclepias pseudo sarza / Ashby / Ashtead / Askery / Askoé / Asmonich / Aspalath / Asperge
352	0360	Asperge
353	0361	Asperge
354	0362	Aspérule / Asphodèle / Aspic / Aspidine / Aspidium Filix-Mas / Aspiration
355	0363	Aspiration
356	0364	Aspiration
357	0365	Aspiration / Aspiroz / Asplenié / Aspres-sur-ruech
358	0366	Aspres-sur-ruech / Assa-foetida / Assala / Astacus / Astaphis agria / Aster / Asterias / Asterion / Astragales / Astringents / Astrop / Astruc / Atalen / Atella Basilicate / Atienza / Atis / Atisine / Atlantic Eilly / Atovonico el Grande / Atropa / Aubenas / Auber / Aubergier
359	0367	Aubergier / Aubrun / Auctorille / Audierne / Audinac / Augnat / Augustusbad / Aulus
360	0368	Aulus / Aumale
361	0369	Aumure / Aune / Aunée / Aurantia / Aurates / Aurensan / Aurières
362	0370	Aurières / Aurigny / Aurone / Aurum / Ausée / Autenrieth / Auteuil / Auzon / Availles / Avant / Avelon / Avena / Avène
363	0371	Avène / Avenone / Aviles / Avocatier / Avoine / Avon Springs
364	0372	Avon Springs / Ax
365	0373	Ax / Axonge
366	0374	Axonge
367	0375	Axonge / Ayacucho / Aya-pano / Ayn-m'Keberta / Aÿn-Nouissy / Azaderach / Azaraque / Aznalcollar / Azoléine / Azotate
368	0376	Azotate / Azote
369	0377	Azote
370	0378	Azote
371	0379	Azote
372	0380	Azote
373	0381	Azote
374	0382	Azote
375	0383	Azote / Azulène
376	0384	Babeurre / Bablahs / Baccharoïdes ascarida / Bachet (le) / Bacille / Bactéries
377	0385	Bactéries
378	0386	Bactéries
379	0387	Bactéries
380	0388	Bactéries
381	0389	Bactéries
382	0390	Bactéries
383	0391	Bactéries
384	0392	Bactéries
385	0393	Bactéries
386	0394	Bactéries
387	0395	Bactéries
388	0396	Bactéries
389	0397	Bactéries
390	0398	Bactéries
391	0399	Bactéries
392	0400	Bactéries
393	0401	Bactéries
394	0402	Bactéries
395	0403	Bactéries
396	0404	Bactéries
397	0405	Bactéries
398	0406	Bactéries
399	0407	Bactéries
400	0408	Bactéries
401	0409	Bactéries
402	0410	Bactéries
403	0411	Bactéries
404	0412	Bactéries
405	0413	Bactéries
406	0414	Bactéries
407	0415	Bactéries
408	0416	Bactéries
409	0417	Bactéries
410	0418	Bactéries
411	0419	Bactéries
412	0420	Bactéries
413	0421	Bactéries / Badamier / Baden
414	0422	Baden
415	0423	Baden / Baden-Baden
416	0424	Baden-Baden
417	0425	Baden-Baden / Baden bei Wien
418	0426	Baden bei Wien
419	0427	Baden bei Wien / Badenweiler / Badiane / Bael / Baffine / Bagnaccio / Bagnères-de-Bigorre
420	0428	Bagnères-de-Bigorre
421	0429	Bagnères-de-Bigorre
422	0430	Bagnères-de-Bigorre
423	0431	Bagnères-de-Bigorre
424	0432	Bagnères-de-Bigorre / Bagnères-de-Luchon / Bagni
425	0433	Bagni / Bagnolas / Bagnoli / Bagnoles
426	0434	Bagnoles
427	0435	Bagnoles
428	0436	Bagnoles / Baguenaudier / Bagues / Bains
429	0437	Bains
430	0438	Bains
431	0439	Bains
432	0440	Bains
433	0441	Bains
434	0442	Bains
435	0443	Bains
436	0444	Bains / Baillie / Bajmocx / Balane / Balanus / Balaruc
437	0445	Balaruc
438	0446	Balaruc
439	0447	Balaruc / Balaton-fured / Balaustier / Balbier / Balf / Balfour / Balisier / Ballotte / Balsamines / Balsamiques
440	0448	Balsamiques
441	0449	Balsamiques
442	0450	Balsamiques / Balsamites / Balsamodendron / Banane-bananier
443	0451	Banane-bananier
444	0452	Banane-bananier / Banka / Banko / Baobab / Bar
445	0453	Bar / Baraci / Barambio / Barclay / Barbaloine / Barbazan
446	0454	Barbazan
447	0455	Barbazan / Bardane
448	0456	Bardane / Barèges / Barégine / Barlow / Barosma Crenata / Bartfeld
449	0457	Bartfeld / Baruel / Baryum
450	0458	Baryum
451	0459	Baryum
452	0460	Baryum
453	0461	Baryum
454	0462	Baryum / Basilic / Bassen / Bassinet / Bassorine / Bathna / Bastin / Batiator
455	0463	Batiator / Baudruche / Bauer / Baumes
456	0464	Baumes
457	0465	Baumes / Bdellium / Beccabunga / Bechion / Béconquille / Beebéru
458	0466	Beebéru / Béla / Belladone
459	0467	Belladone
460	0468	Belladone
461	0469	Belladone
462	0470	Belladone
463	0471	Belladone
464	0472	Belladone
465	0473	Belladone
466	0474	Belladone
467	0475	Belladone
468	0476	Belladone
469	0477	Belladone
470	0478	Belladone
471	0479	Belladone
472	0480	Belladone
473	0481	Belladone
474	0482	Belladone
475	0483	Belladone
476	0484	Belladone
477	0485	Belladone
478	0486	Belladone
479	0487	Belladone
480	0488	Belladone
481	0489	Belladone
482	0490	Belladone
483	0491	Belladone / Bellas / Bellesme / Belleville
484	0492	Belleville / Belloc / Bellus / Ben / Benavente / Bence-jones / Benedict / Benetulli
485	0493	Benetulli / Ben-Haroun / Benimarfull / Benjoin
486	0494	Benjoin
487	0495	Benjoin / Benoite
488	0496	Benoite / Bentheim
489	0497	Benzine
490	0498	Benzine
491	0499	Benzine
492	0500	Benzine / Benzoïque / Benzoates / Berberis / Berck-sur-Mer
493	0501	Berck-sur-Mer / Berg
494	0502	Berg / Bergallo / Bergamotte
495	0503	Bergamotte / Beringerbad
496	0504	Beringerbad / Berka / Bernardin / Berkeley Springs / Bernos / Berkshire Soda Springs
497	0505	Berkshire Soda Springs / Bernstein / Beroa / Berthollet / Bertholletia / Bertrich / Besse / Betaille
498	0506	Betaille / Bethesda / Bétel
499	0507	Bétel
500	0508	Bétel / Bétoine / Beurre
501	0509	Beurre
502	0510	Beurre
503	0511	Beurre / Bévilaque / Bex / Bezoard / Bibra
504	0512	Bibra / Bidens / Bieloi / Bière
505	0513	Bière
506	0514	Bière
507	0515	Bière
508	0516	Bière / Big Bine Springs / Bisch dale Springs / Bikzad
509	0517	Bikzad / Bilazai / Biliaires
510	0518	Biliaires / Bilin / Bio / Birkensfeld
511	0519	Birkensfeld / Birbenbach / Bir-Mara / Birresborn / Birmenstorf
512	0520	Birmenstorf / Biscuits médicinaux / Bismuth
513	0521	Bismuth
514	0522	Bismuth
515	0523	Bismuth
516	0524	Bismuth
517	0525	Bismuth
518	0526	Bismuth
519	0527	Bismuth / Bistorte
520	0528	Bistorte / Bittera
521	0529	Bittera / Bitumes
522	0530	Bitumes
523	0531	Bitumes
524	0532	Bitumes / Bixine / Blackpool / Bladen
525	0533	Bladen / Blanc
526	0534	Blanc / Blancard / Blanchimont / Blasibad
527	0535	Blatte / Blavette / Blécornu / Blende / Bléville / Blossburg Springs / Bloust Alabama / Blue Lick Springs / Bluet
528	0536	Blue Ridge Springs / Bluemenstein / Borbio / Boccheggiano / Bocco / Bocklet
529	0537	Bocklet / Bodajk / Bodenfielde / Bodok / Boghadiz / Boghead / Boisse / Boisserette
530	0538	Bolaires / Bol d'arménie / Boldo
531	0539	Boldo / Boll / Bols médicamenteux / Bolus / Bonbons
532	0540	Bonbons / Bondonneau / Bonne-Fontaine / Bonneval / Bontius
533	0541	Boras / Borcet
534	0542	Bore
535	0543	Bore
536	0544	Bore
537	0545	Bore
538	0546	Bore
539	0547	Bore / Bormio / Bornéol / Borsa / Borsaros
540	0548	Borsaros / Borszek / Boswellie / Botrie / Botrys / Bottaccio / Boucanage / Boudes
541	0549	Boudes / Boues minérales
542	0550	Boues minérales
543	0551	Boues minérales
544	0552	Boues minérales
545	0553	Boues minérales / Bougies
546	0554	Bougies / Bougraine / Boui / Bouillons
547	0555	Bouillons
548	0556	Bouillons
549	0557	Bouillons
550	0558	Bouillons
551	0559	Bouillons / Boucka-Keli / Boules de Mars / Boulogne-sur-Mer
552	0560	Boulogne-sur-Mer / Boundou / Bouqueron-les-Bains / Bourbon-Lancy
553	0561	Bourbon-Lancy
554	0562	Bourbon-Lancy
555	0563	Bourbon-Lancy / Bourbon-l'Archambault
556	0564	Bourbon-l'Archambault
557	0565	Bourbon-l'Archambault
558	0566	Bourbon-l’Archambault
559	0567	Bourbon-l’Archambault / Bourbonne-les-Bains
560	0568	Bourbonne-les-Bains
561	0569	Bourbonne-les-Bains
562	0570	Bourbonne-les-Bains / Bourboule (la)
563	0571	Bourboule (la)
564	0572	Bourboule (la)
565	0573	Bourboule (la) / Bourdaine / Bourg d'Ault / Bourg d'Oisans / Bourgène / Bourg-épine / Bourges / Bournand / Bournemouth / Bourrache
566	0574	Bourrache
567	0575	Bourrache / Bourrasol / Bourse à pasteur / Boussan / Boutan / Boutet / Bowdichia / Box-Berryle / Boynes / Branstedt
568	0576	Branstedt / Braubach / Braya / Brayera / Brides-les-Bains
569	0577	Brides-les-Bains / Brieg / Brighton
570	0578	Brindonia / Briquebec / Bristol / Bromal / Brome
571	0579	Brome
572	0580	Brome
573	0581	Brome
574	0582	Brome
575	0583	Brome
576	0584	Brome
577	0585	Brome
578	0586	Brome
579	0587	Brome
580	0588	Brome
581	0589	Brome
582	0590	Brome
583	0591	Brome
584	0592	Brome
585	0593	Brome
586	0594	Brome
587	0595	Brome
588	0596	Brome
589	0597	Brome / Bromoforme
590	0598	Bromoforme / Bromont / Brosse / Brousse
591	0599	Brousse / Brucea / Brucine / Brukenau
592	0600	Brukenau / Brucourt
593	0601	Brucourt / Brugheas / Brunsfelsie / Bruszno / Bryone
594	0602	Bryone
595	0603	Bryone
596	0604	Bryone / Buchu
597	0605	Buchu
598	0606	Buchu / Buclesore / Buda / Budos
599	0607	Budosko / Bué / Bufflo Springs / Bugbane / Bugeaud / Bugle / Buglosse
600	0608	Buglosse / Bugrane / Buis
601	0609	Buis
602	0610	Buis / Bullicame / Buncombe / Bun-haldi / Bujuto / Bukowina / Bulgnéville
603	0611	Bulgnéville / Buphane / Buplèvre / Burdscheid / Burgbernheim / Burrone / Buschbad / Busignargues
604	0612	Busignargues / Busko / Bussang / Busserole / Bussiares
605	0613	Bussiares / Butylamines / Butyrique
606	0614	Butyrique / Butyromètre / Buxine / Buxton
607	0615	Buxton / Buxus / Buyères de Nava / Buzias
608	0616	Buzias / Buzot / Byron Acid Springs
609	0617	Byron acid Springs / Caa / Cabaret / Cabasse / Cabeço-da-vide / Cabillaud / Cabotz / Cacalie / Cacao
610	0618	Cacao
611	0619	Cacao
612	0620	Cacao / Cachalot / Cachets médicamenteux / Cachou
613	0621	Cachou
614	0622	Cachou
615	0623	Cachou / Cachundé
616	0624	Cachundé / Cadaba / Cadagua pala / Cade
617	0625	Cade
618	0626	Cade / Cadéac / Cadmium
619	0627	Cadmium
620	0628	Cadmium
621	0629	Cadmium / Café
622	0630	Café
623	0631	Café
624	0632	Café
625	0633	Café
626	0634	Café
627	0635	Café
628	0636	Café
629	0637	Café
630	0638	Café
631	0639	Café
632	0640	Café
633	0641	Café
634	0642	Café
635	0643	Café / Cail-cédra / Caille / Caianca / Cajeput
636	0644	Cajeput / Calabar (Fève de)
637	0645	Calabar (Fève de)
638	0646	Calabar (Fève de)
639	0647	Calabar (Fève de)
640	0648	Calabar (Fève de)
641	0649	Calabar (Fève de)
642	0650	Calabar (Fève de)
643	0651	Calabar (Fève de)
644	0652	Calabar (Fève de) / Calcium
645	0653	Calcium
646	0654	Calcium
647	0655	Calcium
648	0656	Calcium
649	0657	Calcium
650	0658	Calcium
651	0659	Calcium
652	0660	Calcium
653	0661	Calcium
654	0662	Calcium
655	0663	Calcium
656	0664	Calcium
657	0665	Calcium / Calculs
658	0666	Calculs
659	0667	Calculs
660	0668	Calculs
661	0669	Calculs
662	0670	Calculs / Caldanella de Campiglia / Caldaniccia / Caldas
663	0671	Caldas
664	0672	Caldas / Caldillas de San Miguel / Caldiero / Calebasse / Caledonia Springs
665	0673	Caledonia Springs / Calendula / Calenture / Calisaya / Calliano / Callicarpe / Callirrhoé / Calomel / Calophylium / Calorique
666	0674	Calvnela de mosi / Camarès / Cambo
667	0675	Cambo / Caméléon / Cameria / Cametti / Camoins-Les-Bains / Camomilles
668	0676	Camomilles
669	0677	Camomilles / Campagne / Campanule / Campêche
670	0678	Campêche / Camphre
671	0679	Camphre
672	0680	Camphre
673	0681	Camphre
674	0682	Camphre
675	0683	Camphre
676	0684	Camphre
677	0685	Camphre
678	0686	Camphre
679	0687	Camphre / Cana agria / Canaries / Canaveilles / Cancame / Canchalagua
680	0688	Canchalagua / Candé / Candin / Canena / Canet / Canillejos / Cannabis / Canne à sucre
681	0689	Canne à sucre / Canne de Provence / Cannea / Cannelle
682	0690	Cannelle
683	0691	Cannelle
684	0692	Cannelle
685	0693	Cannelle
686	0694	Cannelle / Cannstadt
687	0695	Cannstadt
688	0696	Cannstadt / Canquoin / Cantharides
689	0697	Cantharides
690	0698	Cantharides
691	0699	Cantharides
692	0700	Cantharides
693	0701	Cantharides
694	0702	Cantharides
695	0703	Cantharides
696	0704	Cantharides
697	0705	Cantharides
698	0706	Cantharides
699	0707	Cantharides
700	0708	Cantharides
701	0709	Cantharides
702	0710	Cantharides
703	0711	Cantharides / Caoutchouc
704	0712	Caoutchouc
705	0713	Caoutchouc
706	0714	Caoutchouc / Capillaires
707	0715	Capillaires / Capon Springs / Cappone / Capres / Caproique / Caprylique / Capsicum
708	0716	Capsicum
709	0717	Capsicum / Capsules
710	0718	Capsules / Capvern
711	0719	Capvern / Caragne / Carapa / Carballino / Carballo / Carboazotique / Carbone
712	0720	Carbone
713	0721	Carbone
714	0722	Carbone
715	0723	Carbone
716	0724	Carbone
717	0725	Carbone
718	0726	Carbone
719	0727	Carbone
720	0728	Carbone
721	0729	Carbone
722	0730	Carbone
723	0731	Carbone
724	0732	Carbone / Carburetted / Carcanières
725	0733	Carcanières / Cardamine / Cardamome / Cardol / Carica papaya
726	0734	Carica papaya
727	0735	Carica papaya
728	0736	Carica papaya / Carignan / Carissa / Carline / Carlisle Springs / Carlsbad / Carminatifs
729	0737	Carminatifs / Carmine / Carnauba / Carotte / Caroube / Carpobalsamum / Carpagaheen
730	0738	Carpagaheen / Carratraca
731	0739	Carratraca / Carthame / Cartons fumigatoires / Carvacrol / Carvi
732	0740	Carvi / Caryophylline / Casamicciolo / Casca / Cascara / Cascarille / Cassal de Barras / Cassave / Casse
733	0741	Casse / Cassinasco / Cassuejouls / Cassivium / Cassytha / Castanar de Ibor
734	0742	Castanar de Ibor / Castanea / Castel-doria / Casteljaloux / Castellamare di Stabia
735	0743	Castellamare di Stabia
736	0744	Castellamare di Stabia
737	0745	Castellamare di Stabia / Castelnuovo / Castera-Verduzan
738	0746	Castera-Verduzan / Castiglioni / Castoréum / Castrocaro / Castrobeale / Cataplasmes
739	0747	Cataplasmes
740	0748	Cataplasmes
741	0749	Cataplasmes
742	0750	Cataplasmes / Catapuce / Cate / Catgut / Cathartine / Cathartiques / Cathéritiques / Catholicum / Cati / Catoosa Springs / Catskill Spring / Caucase / Caustiques
743	0751	Caustiques
744	0752	Caustiques / Cauterets
745	0753	Cauterets
746	0754	Cauterets
747	0755	Cauterets / Cauvalat
748	0756	Cauvalat / Caxamarca / Caxton Spring / Caya / Cayla / Cayapona / Cébadille / Cédrat / Cèdres / Cédron
749	0757	Cédron / Célastres / Céleri / Celles
750	0758	Celles / Celluloïde
751	0759	Celluloïde / Cellulose
752	0760	Cellulose
753	0761	Cellulose / Cendres / Centaurée
754	0762	Centaurée / Cephaeles / Cérats
755	0763	Cérats
756	0764	Cérats / Cerf / Cerfeuil / Cérine / Cérique / Cerise / Céromel / Céruse / Césium / Cestona guesaloga / Cétine / Cetona / Cétrarine / Cette / Cévadille
757	0765	Cévadille
758	0766	Cévadille
759	0767	Cévadille
760	0768	Cévadille
761	0769	Cévadille
762	0770	Cévadille
763	0771	Cévadille
764	0772	Cévadille / Chabetout / Chachaca / Chaldette / Chaleur
765	0773	Chaleur
766	0774	Chaleur
767	0775	Chaleur
768	0776	Chaleur
769	0777	Chaleur
770	0778	Chaleur
771	0779	Chaleur
772	0780	Chaleur
773	0781	Chaleur
774	0782	Chaleur
775	0783	Chaleur
776	0784	Chaleur
777	0785	Chaleur
778	0786	Chaleur
779	0787	Chaleur
780	0788	Chaleur
781	0789	Chaleur
782	0790	Chaleur
783	0791	Chaleur
784	0792	Chaleur
785	0793	Chaleur / Challes
786	0794	Challes / Chalonnes / Chalusset / Chalybeate Spring near Pittsburg / Chamalière
787	0795	Chambon / Chamille / Chamounix / Champignons
788	0796	Champignons
789	0797	Champignons
790	0798	Champignons
791	0799	Champignons / Champoléon
792	0800	Champoléon / Chanvre
793	0801	Chanvre
794	0802	Chanvre
795	0803	Chanvre
796	0804	Chanvre / Chapdes-Beaufort
797	0805	Chapdes-Beaufort / Chapelle-Godefroy / Chapelle-sur-Erdre / Chapronière / Chappaqua Spring / Charbon
798	0806	Charbon
799	0807	Charbon
800	0808	Charbon
801	0809	Charbon
802	0810	Charbon
803	0811	Charbon
804	0812	Charbon
805	0813	Charbon
806	0814	Charbon / Charbonnières
807	0815	Charbonnières / Charbon bénit / Charpie / Charleston / Charlottenbrunn
808	0816	Charlottenbrunn / Chasmanthera / Chasse-diable / Château-Gontier / Chateauneuf-les-Bains
809	0817	Chateauneuf-les-Bains
810	0818	Chateauneuf-les-Bains / Chateldon / Chatelguyon
811	0819	Chatelguyon / Chatenois / Chaudes / Chaufontaine / Chaudesaigues
812	0820	Chaudesaigues / Chaulmoogra (Huile de) / Chaumont
813	0821	Chaumont / Chaux / Chaves / Chavica / Chélidoine
814	0822	Chélidoine / Cheltenham
815	0823	Cheltenham
816	0824	Cheltenham
817	0825	Cheltenham / Chemillé / Chêne
818	0826	Chêne / Chènevis / Chennaille / Chénopodes / Chervi / Chezah
819	0827	Chezah / Chianciano / Chica / Chichimequillo / Chiclana
820	0828	Chiclana / Chicorée
821	0829	Chicorée / Chick's Springs / Chiendent
822	0830	Chimborozo / Chimophila / Chloral
823	0831	Chloral
824	0832	Chloral
825	0833	Chloral
826	0834	Chloral
827	0835	Chloral
828	0836	Chloral
829	0837	Chloral
830	0838	Chloral
831	0839	Chloral
832	0840	Chloral
833	0841	Chloral
834	0842	Chloral
835	0843	Chloral
836	0844	Chloral
837	0845	Chloral
838	0846	Chloral
839	0847	Chloral
840	0848	Chloral
841	0849	Chloral
842	0850	Chloral
843	0851	Chloral
844	0852	Chloralum / Chloramyle / Chlorates
845	0853	Chlorates
846	0854	Chlorates
847	0855	Chlorates
848	0856	Chlorates
849	0857	Chlorates
850	0858	Chlorates
851	0859	Chlorates
852	0860	Chlorates
853	0861	Chlorates
854	0862	Chlorates
855	0863	Chlorates
856	0864	Chlorates
857	0865	Chlorates
858	0866	Chlorates / Chlorazol
859	0867	Chlorazol / Chlore
860	0868	Chlore
861	0869	Chlore
862	0870	Chlore
863	0871	Chlore
864	0872	Chlore
865	0873	Chlore
866	0874	Chlore
867	0875	Chlore
868	0876	Chlore
869	0877	Chlore
870	0878	Chlore
871	0879	Chlore
872	0880	Chlore / Chloroforme
873	0881	Chloroforme
874	0882	Chloroforme
875	0883	Chloroforme
876	0884	Chloroforme
877	0885	Chloroforme
878	0886	Chloroforme
879	0887	Chloroforme
880	0888	Chloroforme
881	0889	Chloroforme
882	0890	Chloroforme
883	0891	Chloroforme
884	0892	Chloroforme
885	0893	Chloroforme
886	0894	Chloroforme
887	0895	Chloroforme
