page	refimg	chapitre
[sans numérotation]	0001	[Page de faux-titre]
[sans numérotation]	0002	[Page de titre]
1	0003	Noyer
2	0004	Noyer
3	0005	Noyer
4	0006	Noyer
5	0007	Noyer
6	0008	Noyer
7	0009	Noyer
8	0010	Noyer
9	0011	Noyer
10	0012	Noyer
11	0013	Noyer
12	0014	Noyer
13	0015	Noyer
14	0016	Noyer
15	0017	Noyer
16	0018	Noyer
17	0019	Noyer
18	0020	Noyer
19	0021	Noyer
20	0022	Noyer
21	0023	Noyer
22	0024	Noyer
23	0025	Noyer
24	0026	Noyer
25	0027	Noyer
26	0028	Noyer
27	0029	Noyer
28	0030	Noyer
29	0031	Noyer
30	0032	Noyer. Nuages
31	0033	Nuages. Nubécule. Nubile. Nubilité. Nuck (Antoine). Nuit
32	0034	Nuit
33	0035	Nuit
34	0036	Nuit
35	0037	Nuit
36	0038	Nuit
37	0039	Nuit
38	0040	Nuit. Nummulaire. Nunnez (Ambroise)
39	0041	Nunnez (Ambroise). Nuque. Nutation. Nutrition
40	0042	Nutrition
41	0043	Nutrition
42	0044	Nutrition
43	0045	Nyctage
44	0046	Nutrition. Nyctaginées. Nyctalopie. Nyer (eaux minérales de). Nymann (Jérôme). Nymphéacées. Nymphes
45	0047	Nymphes. Nymphomanie
46	0048	Nymphomanie
47	0049	Nymphomanie
48	0050	Nymphomanie. Nymphotomie (Pathologie chirurgicale)
49	0051	Nystagme. Nysten (Pierre-Hubert)
50	0052	Nysten (Pierre-Hubert)
51	0053	Lettre O. Obert (Antoine). Obésité
52	0054	Obésité
53	0055	Obésité. Obier. Obizo. Oblade. Obliques (muscles). Oblitération (Nosographie)
54	0056	Oblitération (Nosographie)
55	0057	Oblitération (Nosographie). Oblitérer. Obscurcissement de la vue. Observation (Philosophie médic.)
56	0058	Observation (Philosophie médic.)
57	0059	Observation (Philosophie médic.)
58	0060	Observation (Philosophie médic.)
59	0061	Observation (Philosophie médic.)
60	0062	Observation (Philosophie médic.)
61	0063	Observation (Philosophie médic.)
62	0064	Observation (Philosophie médic.)
63	0065	Observation (Philosophie médic.)
64	0066	Observation (Philosophie médic.)
65	0067	Observation (Philosophie médic.)
66	0068	Observation (Philosophie médic.)
67	0069	Observation (Philosophie médic.)
68	0070	Observation (Philosophie médic.)
69	0071	Observation (Philosophie médic.)
70	0072	Observation (Philosophie médic.)
71	0073	Observation (Philosophie médic.)
72	0074	Observation (Philosophie médic.). Obstipité. Obstruant. Obstruction
73	0075	Obstruction
74	0076	Obstruction. Obstrué. Obtondant. Obturateur
75	0077	Obturateur. Obturation. Occasion. Occasionnel. Occasionnelles (causes)
76	0078	Occasionnelles (causes). Occipital. Occiput. Occlusion. Occon (Adolphe)
77	0079	Occon (Adolphe). Occulte. Ochnacées. Ochroxylon. Ochtodes. Ocre. Oculaire. Oculiste (Hist. Médic. Philos. Médic.)
78	0080	Oculiste (Hist. Médic. Philos. Médic.). Odacisme. Oddis (Oddo de)
79	0081	Oddis (Oddo de). Odet (Philippe). Odeurs
80	0082	Odeurs
81	0083	Odeurs
82	0084	Odeurs
83	0085	Odeurs. Odier (Biogr. Médic.)
84	0086	Odier(Biogr. Médic.). Odontagogue. Odontagre. Odontalgie
85	0087	Odontalgie. Odontalgique. Odontiase. Odontogénie
86	0088	Odontogénie. Odontoïde. Odontoïdien. Odontolithe. Odontologie. Odontophie. Odontotechnie. Odonus (Céfar). Odorat
87	0089	Odorat
88	0090	Odorat. Odoration. Odoroscope. Odwyer (Jean). Oeconomie. Oedémateux. Oedématie. Oedématié. Oedème
89	0091	Oedème
90	0092	Oedème
91	0093	Oedème
92	0094	Oedème
93	0095	Oedème
94	0096	Oedème
95	0097	Oedème
96	0098	Oedème
97	0099	Oedème. Oedémosarque. Oedja. Oegilops. Oeil
98	0100	Oeil
99	0101	Oeil
100	0102	Oeil
101	0103	Oeil
102	0104	Oeil. Oeillère. Oeillet. Oelhaf (Joachim). Oelhaf (Nicolas). Oenanthe. Oeneleum. Oenogala (Mat. Médic.)
103	0105	Oenogala (Mat. Médic.). Oenomel. Oenophobe. Oesophage
104	0106	Oesophage
105	0107	Oesophage
106	0108	Oesophage. Oesophagien. Oesophagisme. Oesophagotomie. Oestre (Pathologie)
107	0109	Oestre (Pathologie). Oestromanie. Oetite. Oeuf (Hygiène, physiologie)
108	0110	Oeuf (Hygiène, physiologie). Officinal. Officine
109	0111	Officine. Ogen ou Ogeu (eau minérale d'). Ogerville (eau minérale d'). Oie. Oignon(Hist. Mat. Médic. Hygiène)
110	0112	Oignon(Hist. Mat. Médic. Hygiène). Oignons. Oiseaux. Olacinées. Olampi (gomme d'). Olargues ou De Olargis (Jean d'). Oldenlandia. Olderman (Bernard). Oléagineux. Olearius (Philippe-Christian). Oléates
111	0113	Oléates. Olécrane. Oléique (acide). Oléosacharum. Oléracée. Oléron (eaux minérales d'). Olette. Olfactif
112	0114	Olfactif. Olfactive (membrane). Olfaction. Oliban ou encens. Oligochyle. Oligophylle. Oligoposie. Oligosperme. Oligotrophie
113	0115	Olivaire. Olive. Olivier
114	0116	Olivier
115	0117	Olivier
116	0118	Olivier. Olivile. Olmitello (eau minérale d'). Olmo (François)
117	0119	Olmo (François). Olympicus de Millet. Omagre. Omasum. Ombelle. Ombellifères. Ombiasse. Ombilic
118	0120	Ombilical. Ombilicale (vésicule). Ombilico-mésentérique. Ombrage. Ombre. Ombrelle. Ombrette. Ombrine. Ondatra. Omelette
119	0121	Omelette. Omentésie. Omientum. Omnivore. Omo-claviculaire. Omophage. Omo-cotyle. Omo-hyoïdien. Omoplate. Omos. Omphacium. Omphalocèle. Omphalodes. Omphalomancie (hist. Méd.)
120	0122	Omphalomancie (hist. Méd.). Omphalo-mésentérique. Omphalorrhagie. Omphalotomie. Omphenius (Michel). Onagre. Onagrées. Onanisme. Once. Oncotomie. Onction (Hygiène)
121	0123	Onction (Hygiène)
122	0124	Onction (Hygiène). Onctueux. Onctuosité. Ondée. Ondulant, te. Ondulation. Ondulé, ée. Onéirocritique. Onéirodynie. Oneirogonorrhée. Onéirogmos. Onéirogonos. Onéirogyne. Onéiromancie. Onesidemus. Onglade(Pathologie)
123	0125	Onglade(Pathologie). Ongle
124	0126	Ongle. Onglée. Ongles. Onglet. Onguent (Thérapeut. Génér.)
125	0127	Onguent (Thérapeut. Génér.)
126	0128	Onguent (Thérapeut. Génér.). Onguis. Onolatrie. Ononis. Onopordon. Onyx
127	0129	Onyx. Oogala. Opacité. Opaque. Opérateur. Opérations
128	0130	Opérations
129	0131	Opérations
130	0132	Opérations
131	0133	Opérations
132	0134	Opérations
133	0135	Opérations
134	0136	Opérations
135	0137	Opérations
136	0138	Opérations
137	0139	Opérations
138	0140	Opérations
139	0141	Opérations
140	0142	Opérations
141	0143	Opérations. Operculariées. Opercule. Ophiasis (pathol.)
142	0144	Ophiasis (pathol.). Ophioglosse. Ophiophage. Ophiorhize. Ophthalgie. Ophthalmie (Pathol.)
143	0145	Ophthalmie (Pathol.)
144	0146	Ophthalmie (Pathol.)
145	0147	Ophthalmie (Pathol.)
146	0148	Ophthalmie (Pathol.)
147	0149	Ophthalmie (Pathol.)
148	0150	Ophthalmie (Pathol.)
149	0151	Ophthalmie (Pathol.)
150	0152	Ophthalmie (Pathol.)
151	0153	Ophthalmie (Pathol.). Ophthalmique. Ophthalmocèle. Ophthalmodynie
152	0154	Ophthalmodynie. Ophthalmographie. Ophthalmomètre. Ophthalmoponie. Ophthalmoptose. Ophthalmorrhagie. Ophthalmoscopie. Ophthalmostate. Ophthalmotomie. Ophthalmoxyse. Ophthalmoxystre
153	0155	Opiacé. Opiat. Opilation. Opisthocrane. Opisthocyphose. Opistho-gastrique. Opisthotonos. Opium
154	0156	Opium
155	0157	Opium
156	0158	Opium
157	0159	Opium
158	0160	Opium
159	0161	Opium
160	0162	Opium
161	0163	Opium. Opobalsamum. Opocalpasum. Opodeldoch. Opodeocèle. Opopanax. Opopyron. Oporice. Opposant. Opposé
162	0164	Opposé. Opposition. Oppression. Ops. Opsigone. Opsomane. Opsopeus (Jean). Optico-trochlei-sclérotique. Optique. Opuntia(Botanique). Opuntiacées. Or
163	0165	Or
164	0166	Or. Orage. Orange. Orangeade. Oranger
165	0167	Oranger. Orangin. Orbiculaire. Orbiculé. Orbitaire. Orbite
166	0168	Orbite. Orbito-extus-scléroticien. Orbito-intus-scléroticien. Orbito-maxilli-labial. Orbito-palpébral. Orcanette. Orchidées. Orchiocèle. Orchis. Orchotomie. Ordonnance. Ordre. Oreille
167	0169	Oreille
168	0170	Oreille
169	0171	Oreille
170	0172	Oreille
171	0173	Oreille. Oreille d'âne. Oreille d'homme. Oreille de Judas. Oreille de lièvre. Oreille d'ours. Oreille de rat. Oreiller. Oreillette. Oreillon(Nosographie)
172	0174	Oreillon(Nosographie). Orellus (Jean-Pierre). Organe
173	0175	Organe. Organique
174	0176	Organique
175	0177	Organique
176	0178	Organique
177	0179	Organique
178	0180	Organique
179	0181	Organique
180	0182	Organique
181	0183	Organique
182	0184	Organique
183	0185	Organique
184	0186	Organique
185	0187	Organique
186	0188	Organique. Organisation
187	0189	Organisation
188	0190	Organisation
189	0191	Organisation
190	0192	Organisation
191	0193	Organisation
192	0194	Organisation
193	0195	Organisation
194	0196	Organisation
195	0197	Organisation. Organisé. Organisme
196	0198	Organisme. Organoscopie. Orgasme (Physiol. Pathol. Génér.)
197	0199	Orgasme (Physiol. Pathol. Génér.). Orge. Orgeade
198	0200	Orgeade. Orgelet. Oribase (Biogr. Médic.)
199	0201	Oribase (Biogr. Médic.)
200	0202	Oribase (Biogr. Médic.). Oricia. Oriculaire. Orientaux (Hist. De la méd.)
201	0203	Orientaux (Hist. De la méd.)
202	0204	Orientaux (Hist. De la méd.)
203	0205	Orientaux (Hist. De la méd.)
204	0206	Orientaux (Hist. De la méd.)
205	0207	Orientaux (Hist. De la méd.)
206	0208	Orientaux (Hist. De la méd.)
207	0209	Orientaux (Hist. De la méd.). Orifice. Origan. Origanites. Originaire. Oriza. Orléans (eaux minérales d'). Orme. Ormin
208	0210	Ormin. Ornithogale. Ornithoglossum. Ornithope. Ornithopode. Ornus. Orobanche. Orobanchées. Orobanchoïdes. Oroboeides. Oronge. Orosbet. Orphie. Orpiment (Chimie médic.)
209	0211	Orpin(Mat. Méd. Bot.). Orrhagogon. Orrhopissa. Orrhopygion. Orsato (Jean-Baptiste). Orseille. Orteils
210	0212	Orteils
211	0213	Orteils. Ortelius (Vite). Ortez (eaux minérales d'). Orthocératite. Orthocolon. Orthodoron. Orthopédie
212	0214	Orthopédie
213	0215	Orthopédie
214	0216	Orthopédie
215	0217	Orthopédie
216	0218	Orthopédie
217	0219	Orthopédie
218	0220	Orthopédie
219	0221	Orthopédie
220	0222	Orthopédie. Orthopnée
221	0223	Orthopnée
222	0224	Orthopnée
223	0225	Orthopnée
224	0226	Orthopnée
225	0227	Orthopnée
226	0228	Orthopnée. Ortie. Ortiée (Fièvre ortiée)
227	0229	Ortiée (Fièvre ortiée). Ortlob (Jean-Frédéric). Orucoria. Orvale. Orvet. Orviétan. Oryx. Oryza. Osaibea(Ebn-Abu).  Os (Maladies des)
228	0230	Os (Maladies des)
229	0231	Os (Maladies des)
230	0232	Os (Maladies des). Oschéocèle. Oschéo-chalasie. Oscillation. Oscillatoire. Oscitant. Oscitante. Oscitation. Osculation (hyg. Hist. De la méd.)
231	0233	Osculation (hyg. Hist. De la méd.). Oseille. Osmazome. Osmite. Osmium. Osmonde. Osmylon. Osphrésiologie. Osselet
232	0234	Osseux, euse. Ossification. Ossifications morbides
233	0235	Ossifications morbides
234	0236	Ossifications morbides
235	0237	Ossifications morbides. Ossifragus. (ossifrage). Ossisana. Ostagra. Ostenfeld (Christian). Ostéocèle. Ostéocolle. Ostéocope
236	0238	Ostéocope. Ostéodermes. Ostéogénie
237	0239	Ostéogénie
238	0240	Ostéogénie. Ostéographie. Ostéomalaxie
239	0241	Ostéomalaxie. Ostéo-sarcome. Ostéo-sarcose. Ostéose
240	0242	Osteo-stéatome. Ostéotomie. Ostracé. Ostracites. Ostracodermes. Osyris. Otacoustique. Otalgie
241	0243	Otalgie
242	0244	Otalgie. Otalgique. Otenchyte. Otique. Otirrhée. Otis, outarde. Otite
243	0245	Otite
244	0246	Otite. Otographie. Otologie. Otorrhée
245	0247	Otorrhée
246	0248	Otorrhée
247	0249	Otorrhée. Ototomie. Otruche noir
248	0250	Otruche noir. Oubli. Oufouze Eaux minérale d')... Ouïe. Ouraque (Anat. physiol.)
249	0251	Ouraque (Anat. physiol.). Ourles. Ourlet. Ouronologie. Oursin. Ours. Oursin. Oursons. Outarde. Ouverture
250	0252	Ouverture
251	0253	Ouverture
252	0254	Ouverture. Ouvriers (Maladies des). Ovaire
253	0255	Ovaire
254	0256	Ovaire
255	0257	Ovaire
256	0258	Ovaire
257	0259	Ovaire
258	0260	Ovaire. Ovale. Ovaristes. Ové. Overdatz (Louis). Oviduque. Ovillé. Ovipares. Ovistes. Ovovipares. Ovule
259	0261	Oxaeleum. Oxalates. Oxalide. Oxalidées. Oxalique (acide). Oxycèdre. Oxycrat
260	0262	Oxycrat. Oxydation. Oxyde. Oxydorcia. Oxydule. Oxygala. Oxygénation. Oxygène
261	0263	Oxygène. Oxygénée. Oxygénèses. Oxyglycu. Oxylipes. Oxymel (Mat. Méd.)
262	0264	Oxymel (Mat. Méd.). Oxynosème. Oxyopie. Oxypetra. Oxyphénique. Oxyphlegmasie. Oxyphonie. Oxyregmie. Oxyrrhodin. Oxysaccharum. Oxytartre. Oxythriphylum. Owen (George). Ozène (Pathologie spéciale)
263	0265	Ozène (Pathologie spéciale)
264	0266	Lettre P. Paawy (Pierre). Paca. Pacal. Pacari. Pacchioni (Antoine)
265	0267	Pacchioni (Antoine). Pacchioni (glandes de). Pacchius (Antiochus). Paccianum. Pachéablépharose. Pachuntiques
266	0268	Pachydermes.Pachys. Pacius (Fabius). Paco-caatinga. Paco-seroca. Pacourïe. Pacquotte (Charles-Guillaume). Padri. Paedanchone. Paedarthrocace. Paedicos. Paedophlébotomie. Paenoe
267	0269	Paenoe. Paeon. Paepale. Paganina. Pagapate (Botan. Mat. Médic.). Pagoyon. Paianeli. Paillette. Paimpol. (eaux minérales de). Pain
268	0270	Pain
269	0271	Pain
270	0272	Pain
271	0273	Pain
272	0274	Pain
273	0275	Pain. Paiparoca. Paire. (G. de). Paisen (Matthias)
274	0276	Paisen (Matthias). Paitoni (Jean-Marie). Pala. Palais. Palatin. Palatius (Philippe)
275	0277	Palatius (Philippe). Palato-labiale. Palato-pharyngien. Palato-salpingien. Palato-staphylin. Pale. Paleacé. Palega-paianeli. Pales couleurs (Chlorose)
276	0278	Pales couleurs (Chlorose)
277	0279	Pales couleurs (Chlorose)
278	0280	Pales couleurs (Chlorose). Palestre (hist. De la méd.)
279	0281	Palestre (hist. De la méd.)
280	0282	Palestre (hist. De la méd.)
281	0283	Palestre (hist. De la méd.). Palestrique. Palestrophylax. Palette. Palétuvier. Paleur
282	0284	Paleur. Palfin (Jean). Palimbolos. Palimpissa. Palincotos. Palindromie
283	0285	Palindromie. Palingénésie. Palinidrysis. Palirrhée. Paliure. Palladium. Palladius ou Pallade. Palliatif
284	0286	Palliatif. Palliation. Pallier. Pallium purpureum. Palma (Georges). Palma christi. Palmaire. Palmarius. Palme. Palmé (Bot.)
285	0287	Palmé (Bot.). Palmiers. Palmiforme(Bot.). Palmipèdes. Palmi-phalangiens. Palpation. Palpe. Palpébral. Palpitation
286	0288	Palpitation
287	0289	Palpitation
288	0290	Palpitation
289	0291	Palpitation. Paltifera. Palu (Victor). Paludanus (Bernard). Palumbus. Pamiers (eau minérale de). Pamoison
290	0292	Pampathes. Pampelmousses. Pamphilion. Pampiniforme. Panacée. Panaché (Bot.). Panachiure Bot.). Panais. Panaléthèse. Panarine. Panaris
291	0293	Panaris
292	0294	Panaris. Panaroli (Dominique). Pancala-aurea. Pancarpia. Panchreste. Panchrysos. Panchymagogue. Panckow (Thomas). Pancrace
293	0295	Pancrace. Pancrais ou pancratier. Pancréas. Pancreatemphraxis. Pancréatico-duodénal. Pancréatique. Pancréatite. Pandaléon. Pandanées. Pandémie. Pandémique. Pandiculation. Panduré. Panduriforme (Botan). Panic
294	0296	Panic. Panicaut. Panique. Pannicule. Pannus. Panochies. Panophobie. Pansement. Panser. Panspermie. Pantagathos. Pantagogue. Pantheae. Panthot (Louis)
295	0297	Panthot (Louis). Pantin (Guillaume). Pantolinus. Pantophobie. Pantoufle. Panus. Panygron. Papa (Joseph del). Paparella (Sébastien). Papavéracées
296	0298	Papavéracées. Papayer. Papier. Papillonacées. Papillaire. Papille. Papin (Nicolas). Papius (Jean)
297	0299	Papule. Papyracé. Papyrus. Paquerette. Parabolains. Paracelse
298	0300	Paracelse
299	0301	Paracelse
300	0302	Paracelse
301	0303	Paracelse
302	0304	Paracelse
303	0305	Paracelse
304	0306	Paracelse
305	0307	Paracelse. Paracenterium. Paracentèse. Paracévastiques. Paracmastique. Paracme
306	0308	Paracoë. Paracope. Paracorolle (Botanique). Paracousie
307	0309	Paracousie. Paracrusis. Paracyisis. Paracynancie. Paradin (Jean). Paradis (graine de)
308	0310	Paradis (graine de). Paraglosse. Paragoge. Paragomphose. Paralampsie. Paralias. Parallaxe. Parallela. Parallélisme. Paralysé. Paralysie
309	0311	Paralysie
310	0312	Paralysie
311	0313	Paralysie
312	0314	Paralysie
313	0315	Paralysie
314	0316	Paralysie
315	0317	Paralysie
316	0318	Paralysie
317	0319	Paralysie
318	0320	Paralysie
319	0321	Paralysie
320	0322	Paralysie
321	0323	Paralysie
322	0324	Paralysie. Paralytique. Paraméria. Paramésos. Paranymphe. Parapar. Parapéchyon. Paraphimosis. Paraphonie
323	0325	Paraphonie. Paraphora. Paraphrénésie. Paraphrenitis. Paraphrosyne. Paraphyses. Paraplégie
324	0326	Paraplégie
325	0327	Paraplégie. Paraplégique. Parapleurésie. Paraplexie. Parapoplexie. Pararrhythme. Pararthrème. Parascepastra. Parasceue. Paraschides. Paraschiste. Parasites. Parasphagis. Parasquinancie. Parastades. Parastamines. Parastastes. Parastremma. Parastyles. Para
326	0328	Parathenar. Paratiltrie. Paratochie. Paratrimma. Paravicini (Fabrice). Pardoux (Saint-) (eau minérale de). Paré
327	0329	Paré
328	0330	Paré
329	0331	Paré
330	0332	Paré. Paredria
331	0333	Paredria. Parégorique. Pareïa. Pareira-brava. Pareire. Parelle. Paremptose. Parencephalis. Parencéphalocèle. Parenchymateux
332	0334	Parenchymateux. Parenchyme. Paresie. Paresseux. Parfum
333	0335	Pariétaire. Pariétal. Parili. Paris (ville de Paris)
334	0336	Paris (ville de Paris)
335	0337	Paris (ville de Paris)
336	0338	Paris (ville de Paris)
337	0339	Paris (ville de Paris)
338	0340	Paris (ville de Paris)
339	0341	Paris (ville de Paris)
340	0342	Paris (ville de Paris)
341	0343	Paris (ville de Paris)
342	0344	Paris (ville de Paris)
343	0345	Paris (ville de Paris)
344	0346	Paris (ville de Paris)
345	0347	Paris (ville de Paris)
346	0348	Paris (ville de Paris)
347	0349	Paris (ville de Paris)
348	0350	Paris (ville de Paris)
349	0351	Paris (ville de Paris)
350	0352	Paris (ville de Paris)
351	0353	Paris (ville de Paris)
352	0354	Paris (ville de Paris)
353	0355	Paris (ville de Paris)
354	0356	Paris (ville de Paris)
355	0357	Paris (ville de Paris)
356	0358	Paris (ville de Paris)
357	0359	Paris (ville de Paris)
358	0360	Paris (ville de Paris)
359	0361	Paris (ville de Paris)
360	0362	Paris (ville de Paris)
361	0363	Paris (ville de Paris)
362	0364	Paris (ville de Paris)
363	0365	Paris (ville de Paris)
364	0366	Paris (ville de Paris)
365	0367	Paris (ville de Paris)
366	0368	Paris (ville de Paris)
367	0369	Paris (ville de Paris)
368	0370	Paris (ville de Paris)
369	0371	Paris (ville de Paris)
370	0372	Paris (ville de Paris)
371	0373	Paris (ville de Paris)
372	0374	Paris (ville de Paris)
373	0375	Paris (ville de Paris)
374	0376	Paris (ville de Paris)
375	0377	Paris (ville de Paris)
376	0378	Paris (ville de Paris)
377	0379	Paris (ville de Paris)
378	0380	Paris (ville de Paris)
379	0381	Paris (ville de Paris)
380	0382	Paris (ville de Paris)
381	0383	Paris (ville de Paris)
382	0384	Paris (ville de Paris)
383	0385	Paris (ville de Paris)
384	0386	Paris (ville de Paris)
385	0387	Paris (ville de Paris)
386	0388	Paris (ville de Paris)
387	0389	Paris (ville de Paris)
388	0390	Paris (ville de Paris)
389	0391	Paris (ville de Paris)
390	0392	Paris (ville de Paris)
391	0393	Paris (ville de Paris)
392	0394	Paris (ville de Paris)
393	0395	Paris (ville de Paris)
394	0396	Paris (ville de Paris)
395	0397	Paris (ville de Paris)
396	0398	Paris (ville de Paris)
397	0399	Paris (ville de Paris)
398	0400	Paris (ville de Paris)
399	0401	Paris (ville de Paris)
400	0402	Paris (ville de Paris)
cccc	0403	Paris (ville de Paris)
cccc	0404	Paris (ville de Paris)
cccc	0405	Paris (ville de Paris)
cccc	0406	Paris (ville de Paris)
cccc	0407	Paris (ville de Paris)
cccc	0408	Paris (ville de Paris)
cccc	0409	Paris (ville de Paris)
cccc	0410	Paris (ville de Paris)
401	0411	Paris (ville de Paris). Parisanus (Emile). Parisette. Parisius (Pierre). Paristhmia. Pariti. Parize (eau minérale de Saint-)
402	0412	Parize (eau minérale de Saint-). Parkinset. Parnassie. Parodontides. Paroi. Parole
403	0413	Parole
404	0414	Parole
405	0415	Parole
406	0416	Parole. Paronique. Paronychie. Paronychiées. Paroptèse. Parorasis. Parorchide. Parorchido-entérocèle. Parotide
407	0417	Parotide
408	0418	Parotide. Parotidien. Paroxysme. Paroxystique. Parsons (Jacques)
409	0419	Parsons (Jacques). Part. Parthenie. Partible. Parturition. Parulie. Parygra. Paschalis (Jean). Pascoli (Alexandre)
410	0420	Pascoli (Alexandre). Pas-D'ane. Pasini (Louis). Psaiphylos(Mat. Méd.). Pasma. Passe-pierre. Passerage (Mat. Méd. Bot.). Passe-rose. Passif. Passiflorées. Passion (Nosographie)
411	0421	Passion (Nosographie)
412	0422	Passion (Nosographie)
413	0423	Passions (physiolog., philosophie)
414	0424	Passions (physiolog., philosophie)
415	0425	Passions (physiolog., philosophie)
416	0426	Passions (physiolog., philosophie)
417	0427	Passions (physiolog., philosophie)
418	0428	Passions (physiolog., philosophie)
419	0429	Passions (physiolog., philosophie)
420	0430	Passions (physiolog., philosophie)
421	0431	Passions (physiolog., philosophie)
422	0432	Passions (physiolog., philosophie)
423	0433	Passions (physiolog., philosophie)
424	0434	Passions (physiolog., philosophie)
425	0435	Passions (physiolog., philosophie)
426	0436	Passions (physiolog., philosophie)
427	0437	Passions (physiolog., philosophie)
428	0438	Passions (physiolog., philosophie)
429	0439	Passions (physiolog., philosophie)
430	0440	Passions (physiolog., philosophie)
431	0441	Passions (physiolog., philosophie)
432	0442	Passions (physiolog., philosophie)
433	0443	Passions (physiolog., philosophie)
434	0444	Passions (physiolog., philosophie)
435	0445	Passions (physiolog., philosophie). Passulatum. Passy (eaux minérales de)
436	0446	Passy (eaux minérales de)
437	0447	Passy (eaux minérales de). Pasta. Pastel. Pastèque. Pastille. Pastophores. Pastor de Galego. Paternus (Bernardin)
438	0448	Paternus (Bernardin). Pates (Thérap.)
439	0449	Pates (Thérap.)
440	0450	Pates (Thérap.). Patella. Patelle. Pathétique. Pathogénie. Pathognomonie. Pathognomonique
441	0451	Pathognomonique. Pathologie
442	0452	Pathologie
443	0453	Pathologie
444	0454	Pathologie. Pathologique (anatomie pathologique)
445	0455	Pathologique (anatomie pathologique)
446	0456	Pathologique (anatomie pathologique)
447	0457	Pathologique (anatomie pathologique)
448	0458	Pathologique (anatomie pathologique)
449	0459	Pathologique (anatomie pathologique)
450	0460	Pathologique (anatomie pathologique)
451	0461	Pathologique (anatomie pathologique)
452	0462	Pathologique (anatomie pathologique)
453	0463	Pathologique (anatomie pathologique)
454	0464	Pathologique (anatomie pathologique)
455	0465	Pathologique (anatomie pathologique)
456	0466	Pathologique (anatomie pathologique). Pathomètre. Pathométrie. Patience. Patin (Guî)
457	0467	Patin (Guî). Patin (Charles). Patina (Benoît)
458	0468	Patina (Benoît). Patte-d'oie. Paturin. Paturon. Patursa. Pauciflore. Pauciradié. Paul-de-Fenouillèdes (eaux minérales de Saint-). Paul d'Egine
459	0469	Paul d'Egine. Paul (Jean de Saint-). Paul (Pierre-François). Paula. Pauladadium. Paulet (Jean-Jacques)
460	0470	Paulet (Jean-Jacques). Pauli (Simon)
461	0471	Pauli (Simon). Paullini (Christian-François)
462	0472	Paullini (Christian-François). Paullinie. Paulmier (Julien le). Paulmier (Pierre). Paulu. Paume(Hyg. Gymnast)
463	0473	Paume(Hyg. Gymnast). Paume de la main. Paupière
464	0474	Paupière
465	0475	Paupière
466	0476	Paupière
467	0477	Paupière
468	0478	Paupière. Pausis. Pavate. Pavé(Jean-gabriel). Pavillon. Pavot
469	0479	Pavot. Pavots. Payco herba. Pays. (maladie du pays)
470	0480	Pays. (maladie du pays)
471	0481	Pays. (maladie du pays). Peau (anat. et physiol.)
472	0482	Peau (anat. et physiol.)
473	0483	Peau (anat. et physiol.)
474	0484	Peau (anat. et physiol.)
475	0485	Peau (anat. et physiol.)
476	0486	Peau (anat. et physiol.)
477	0487	Peau (anat. et physiol.)
478	0488	Peau (anat. et physiol.)
479	0489	Peau (anat. et physiol.)
480	0490	Peau (anat. et physiol.)
481	0491	Peau (anat. et physiol.)
482	0492	Peau (anat. et physiol.)
483	0493	Peau (anat. et physiol.)
484	0494	Peau (anat. et physiol.)
485	0495	Peau (anat. et physiol.)
486	0496	Peau (anat. et physiol.)
487	0497	Peau (anat. et physiol.)
488	0498	Peau (anat. et physiol.)
489	0499	Peau (anat. et physiol.)
490	0500	Peau (anat. et physiol.)
491	0501	Peau (anat. et physiol.)
492	0502	Peau (anat. et physiol.)
493	0503	Peau (anat. et physiol.). Peaucier. Peccant. Pêche. Pechedeon. Pêcher
494	0504	Pechlaumet. Pechlin (Jean-Nicolas). Pechyagre. Pechys. Pechytyrbe. Pecquet (Nicolas)
495	0505	Pecquet (Nicolas). Pecten. Pectiné. Pectoral. Pectoraux. Pectoriloque. Pectoriloquie
496	0506	Pectoriloquie
497	0507	Pédane. Pédarthrocace. Pédéraste. Pédérastie. Pedethmos. Pédicelle. Pédiculaire. Pédiculariées
498	0508	Pédiculariées. Pédicule. Pédiculé. Pédicure. Pédieuse. Pédieux. Pédiluve (hygiène. Mat. Médic.)
499	0509	Pédiluve (hygiène. Mat. Médic.). Pédimanes (zoolog.). Pédionalgie
500	0510	Pédionalgie. Pédomètre. Pédonculaire. Pédoncule. Pédonculé. Pédothrophie. Pédotribes. Pedrosa (Louis-Rodriguez de). Peffinger (Jean)
501	0511	Peffinger (Jean). Péganélaeon. Péganeron. Peigne. Peiligk (Jacques). Peines. (des délits & des peines). Peintres (Maladies des)
502	0512	Peintres (Maladies des). Pelade. Pélagie. Pelargon. Pelarion. Pélican. Pélicide. Pelioma. Pellacia. Pellagre
503	0513	Pellagre
504	0514	Pellagre. Pellegrini (Pompée). Pelletier (Gaspar). Pellicule. Pelote. Pelschofer (Jean-Jacques). Peltigère
505	0515	Pelvi-crural. Pelvien. Pelvienne. (artère sous-pelvienne). Pelvimètre. Pelvi-trochantérien. Pemphigode, pemphigoïde. Pemphigus
506	0516	Pemphigus
507	0517	Pemphigus
508	0518	Pemphigus
509	0519	Pemphigus. Penchant. Pendaison
510	0520	Pendaison
511	0521	Pendaison
512	0522	Pendaison
513	0523	Pendaison
514	0524	Pendaison
515	0525	Pendaison. Pendu. Pénétrant. Penicillé. Penide. Penil. Penis
516	0526	Penis. Penna (Jean de). Penné (Bot.). Penniforme. Pensée. Pentagynie (Bot.). Pentamoeron. Pentandrie. Pentapétalé. Pentapharmacum. Pentaphille. Pentasperme. Pentateuque chirurgical
517	0527	Pentateuque chirurgical. Penthethon. Pepasme. Pepastique. Peperomie. Peplus. Peplymenon ceratum. Pepon. Peponide. Pepsis. Peptique. Perapétale. Peraphylle. Perce-crane. Perce-feuille. Perce-mousse. Perce-muraille. Perce-neige. Perce-pierre. Percepta. Per
518	0528	Perception
519	0529	Perception
520	0530	Perception
521	0531	Perception
522	0532	Perception. Perceptions
523	0533	Perceptions
524	0534	Perceptions. Perche. Perchot. Percival (Thomas)
525	0535	Percival (Thomas). Perclus. Percussion (Pathologie diagnostic.)
526	0536	Percussion (Pathologie diagnostic.)
527	0537	Percussion (Pathologie diagnostic.)
528	0538	Percussion (Pathologie diagnostic.)
529	0539	Percussion (Pathologie diagnostic.)
530	0540	Percussion (Pathologie diagnostic.). Percy (Pierre-François)
531	0541	Percy (Pierre-François). Percy (eaux minérales de). Perdonium. Perdrix. Perdu (Benoît). Pereda (Pierre-Paul). Pérégrination. Pereira (Georges Gomez)
532	0542	Pereira (Georges Gomez). Perez (Gaspar). Perfolié (Botan.). Perforant. Perforatif. Perforation (chir.)
533	0543	Perforation (chir.)
534	0544	Perforation (chir.)
535	0545	Perforation (chir.)
536	0546	Perforation (chir.)
537	0547	Perforation (chir.)
538	0548	Perforation (chir.)
539	0549	Perforation (chir.)
540	0550	Perforation (chir.). Perforé. Perfusion. Pergularia. Périanthe. Périblepharon. Périblepsie
541	0551	Périblepsie. Péribole. Pérical. Péricarde. Péricardite
542	0552	Péricardite
543	0553	Péricardite. Péricarpe. Périchète. Périchondre. Perichrisis. Periclasis. Péricrane. Péridesmique. Périerèse
544	0554	Périerèse. Periglottis. Périgone. Périgraphie. Périgyne. Périgynique. Périn. Périnéal. Périnée. Périnéen. Périnéocèle. Périnéo-clitoridien. Périnyctides. Période. Périodeutes(Hist. Littér. Médic.)
545	0555	Périodeutes(Hist. Littér. Médic.). Périodicité (Path. Gén.)
546	0556	Périodicité (Path. Gén.). Périodiques. (maladies périodiques essentielles)
547	0557	Périodiques. (maladies périodiques essentielles)
548	0558	Périodiques. (maladies périodiques essentielles)
549	0559	Périodiques. (maladies périodiques essentielles). Périodynie. Périorbite. Périoste
550	0560	Périoste. Périostose. Périphérie. Périphimosis. Périploque. Periplysis. Péripneumonie. Péripneumonique
551	0561	Péripsyxis. Périptose. Péripyema. Périscepastrum. Périscyphysmus. Périsistole. Périsperme. Périspermique. Périspore. Péristaltique
552	0562	Péristaltique
553	0563	Péristaltique
554	0564	Péristaltique. Péristaphylin. Péristaphyli-pharyngien. Péristerna. Péristole. Péristome. Périsystole. Periteste. Péritoine
555	0565	Péritoine. Périthomes. Peritonacrixis. Péritonéal. Péritonite
556	0566	Péritonite
557	0567	Péritonite
558	0568	Péritonite
559	0569	Péritonite
560	0570	Péritonite
561	0571	Péritonite
562	0572	Péritonite
563	0573	Péritonite
564	0574	Péritonite. Perizoma. Perkinisme. Perkins. Perle. Perlé. Perméabilité. Perméable. Pernicieuse (fièvre)
565	0575	Pernicieuse (fièvre)
566	0576	Pernicieuse (fièvre)
567	0577	Pernicieuse (fièvre)
568	0578	Pernicieuse (fièvre). Pernicieux. Pernis (Eustache de). Pérodactylien. Perols (eaux minérales de). Péron (François)
569	0579	Péron (François). Péroné. Péronéo-malléolaire. Péronéo-phalanginien du gros orteil. Péronéo-sous-pahlangettien du premier orteil. Péronéo-sous-tarsien. Péronéo-sus-métatarsien. Péronéo-sus-phalangettien commun. Péronéo-sus-phalangettien du pouce. Péroné
570	0580	Perrault (Claude)
571	0581	Perrault (Claude). Perroquet (Psittacus)
572	0582	Perroquet (Psittacus). Perruque. Persea. Persèques. Persil. Persil d'âne. Persil de bouc. Persil des fous. Persil de Macédoine. Persius (Philippe). Person (Claude)
573	0583	Person (Claude). Persona (Jean-Baptiste). Personnées. Perspirable. Perspiration
574	0584	Perspiration. Perspiratoires. Perstriction. Pertérébrante. Pertes
575	0585	Pertes
576	0586	Pertes
577	0587	Pertes
578	0588	Pertes
579	0589	Pertes
580	0590	Pertes
581	0591	Pertes. Perte d'appétit. Perte de mémoire. Perte de sang. Perte de l'odorat. Perte utérine blanche. Perte utérine rouge
582	0592	Perte de la voix. Perte de la vue. Perturbation
583	0593	Perturbation. Perturbatrice. Pertuse. Pertusion. Peruchés. Pervenche. Perversion. Perzoës. Pesanteur (influence de la)
584	0594	Pesanteur (influence de la). Pèse-liqueur. Pesiols (eaux minérales de). Pessaire (Chirurgie)
585	0595	Pessaire (Chirurgie). Peste (Maladies pestilentielles)
586	0596	Peste (Maladies pestilentielles)
587	0597	Peste (Maladies pestilentielles)
588	0598	Peste (Maladies pestilentielles)
589	0599	Peste (Maladies pestilentielles)
590	0600	Peste (Maladies pestilentielles)
591	0601	Peste (Maladies pestilentielles)
592	0602	Peste (Maladies pestilentielles)
593	0603	Peste (Maladies pestilentielles)
594	0604	Peste (Maladies pestilentielles)
595	0605	Peste (Maladies pestilentielles)
596	0606	Peste (Maladies pestilentielles)
597	0607	Peste (Maladies pestilentielles)
598	0608	Peste (Maladies pestilentielles)
599	0609	Peste (Maladies pestilentielles)
600	0610	Peste (Maladies pestilentielles)
601	0611	Peste (Maladies pestilentielles)
602	0612	Peste (Maladies pestilentielles)
603	0613	Peste (Maladies pestilentielles)
604	0614	Peste (Maladies pestilentielles)
549	0615	Peste (Maladies pestilentielles)
606	0616	Peste (Maladies pestilentielles)
607	0617	Peste (Maladies pestilentielles)
608	0618	Peste (Maladies pestilentielles)
609	0619	Peste (Maladies pestilentielles)
610	0620	Peste (Maladies pestilentielles)
611	0621	Peste (Maladies pestilentielles)
612	0622	Peste (Maladies pestilentielles)
613	0623	Peste (Maladies pestilentielles)
614	0624	Peste (Maladies pestilentielles). Pestiféré. Pestilentiel. Pétacule. Pétale. Pétalite. Pétaloïde. Pétasite. Pétéchial. Pétéchies
615	0625	Pétéchies. Petermann (André). Petia. Péticulaire. Pétésie. Pétiole. Pétiolée (Feuille). Petit (Antoine)
616	0626	Petit (Antoine)
617	0627	Petit (Antoine)
618	0628	Petit (Antoine)
619	0629	Petit (Antoine)
620	0630	Petit (Antoine)
621	0631	Petit (Antoine)
622	0632	Petit (Antoine)
623	0633	Petit (Antoine)
624	0634	Petit-radel. Petit. Petit-chêne (Bot.)
625	0635	Petit-chêne (Bot.). Petit complexus. Petit dentelé. Petit droit antérieur. Petit extenseur du pouce. Petit fémoro-calcanien. Petit fessier. Petit muscle de l'hélix. Petit cléo-trochantérien. Petit-houx. Petit-lait
626	0636	Petit-lait. Petite centaurée
627	0637	Petite centaurée. Petite chélidoine. Petite valériane. Petite-vérole. Petraeus (Henri). Petrée ou pétreux. Petrels. Petri (André). Petricius (Sébastien)
628	0638	Petricius (Sébastien). Pétrification artificielle. Petrioli (Cajetan). Pétrole. Pétromyson. Petronius (Alexandre-Trajan)
629	0639	Petronius (Alexandre-Trajan). Pétro-occipital. Pétro-pharyngien. Pétro-salpingo-pharyngien. Pétro-staphylin. Petrucci (Joseph). Petty (Guillaume). Peu (Philippe). Peucedan. Peucer (Gaspard)
630	0640	Peucer (Gaspard). Peuplier (Bot.). Peur
631	0641	Peur. Pevetti. Peyer (Jean-Conrad). Peyrilhé (Bernard)
632	0642	Peyrilhé (Bernard). Peyronie (de la Peyronie)
633	0643	Peyronie (de la Peyronie). Pezize (Bot.). Pfaff (Chrétien-Henri)
634	0644	Pfaff (Chrétien-Henri). Pfann (Mathieu-George). Pfeffer
635	0645	Pfeffer. Phacoïdes. Phacotes (Instr. Chirurgic.). Phagédénique. Phagédéniques
636	0646	Phagédéniques. Phagrus. Phalacrose. Phalaia. Phalange. Phalangette. Phalangettien. Phalangien. Phalangose. Phalène. Phanion. Phantasme. Pharicon. Pharmaceutes. Pharmaceutique. Pharmaceutiques
637	0647	Pharmaceutiques. Pharmacie (Hist de la medec.)
638	0648	Pharmacie (Hist de la medec.)
639	0649	Pharmacie (Hist de la medec.)
640	0650	Pharmacie (Hist de la medec.). Pharmacite. Pharmacochimie. Pharmacologie. Pharmacope. Pharmacopée
641	0651	Pharmacopée. Pharmacopole. Pharmacopolium. Pharmacoposie
642	0652	Pharyngé. Pharingo-glossien. Pharyngographie, pharyngologie. Pharyngo-palatin. Pharingo-staphylin. Pharyngotome. Pharyngotomie. Pharynx. Phaséole
643	0653	Phaséole. Phausinges. Phaustianos. Phayer (Thomas). Phazala. Phellandre
644	0654	Phellandre. Phémos. Phénigme ou phoenigme. Phénomène. Phérècyde. Philagrianon. Philaltheus (Lucille). Philarète. Philetas. Philiatre. Philiatrie
645	0655	Philiatrie. Philinus. Philobiosie. Philocratis. Philodoxie
646	0656	Philodoxie. Philomedia. Philonium. Philopatridalgie. Philopatridomanie. Philosophe, philosophie
647	0657	Philosophe, philosophie
648	0658	Philosophe, philosophie. Phimosique. Phimosis
649	0659	Phimosis
650	0660	Phimosis. Phlase ou phlasme. Phlébite
651	0661	Phlébite
652	0662	Phlébite
653	0663	Phlébite. Phlébographie. Phlébologie. Phlébopalie. Phléborrhagie. Phlébotome. Phlébotomie. Phlébotomiste. Phlegmagogue. Phlegmasies (Path. Spéc.)
654	0664	Phlegmasies (Path. Spéc.)
655	0665	Phlegmasies (Path. Spéc.)
656	0666	Phlegmasies (Path. Spéc.)
657	0667	Phlegmasies (Path. Spéc.)
658	0668	Phlegmasies (Path. Spéc.)
659	0669	Phlegmasies (Path. Spéc.)
660	0670	Phlegmasies (Path. Spéc.)
661	0671	Phlegmasies (Path. Spéc.)
662	0672	Phlegmasies (Path. Spéc.)
663	0673	Phlegmasies (Path. Spéc.)
664	0674	Phlegmasies (Path. Spéc.)
665	0675	Phlegmasies (Path. Spéc.)
666	0676	Phlegmasies (Path. Spéc.)
667	0677	Phlegmasies (Path. Spéc.)
668	0678	Phlegmasies (Path. Spéc.)
669	0679	Phlegmasies (Path. Spéc.)
670	0680	Phlegmasies (Path. Spéc.)
671	0681	Phlegmasies (Path. Spéc.)
672	0682	Phlegmasies (Path. Spéc.)
673	0683	Phlegmasies (Path. Spéc.)
674	0684	Phlegmasies (Path. Spéc.)
675	0685	Phlegmasies (Path. Spéc.)
676	0686	Phlegmasies (Path. Spéc.)
677	0687	Phlegmasies (Path. Spéc.)
678	0688	Phlegmasies (Path. Spéc.)
679	0689	Phlegmasies (Path. Spéc.)
680	0690	Phlegmasies (Path. Spéc.)
681	0691	Phlegmasies (Path. Spéc.)
682	0692	Phlegmasies (Path. Spéc.)
683	0693	Phlegmasies (Path. Spéc.)
684	0694	Phlegmasies (Path. Spéc.)
685	0695	Phlegmasies (Path. Spéc.)
686	0696	Phlegmasies (Path. Spéc.)
687	0697	Phlegmasies (Path. Spéc.)
688	0698	Phlegmasies (Path. Spéc.)
689	0699	Phlegmasies (Path. Spéc.)
690	0700	Phlegmasies (Path. Spéc.)
691	0701	Phlegmasies (Path. Spéc.)
692	0702	Phlegmasies (Path. Spéc.)
693	0703	Phlegmasies (Path. Spéc.)
694	0704	Phlegmasies (Path. Spéc.)
695	0705	Phlegmasies (Path. Spéc.)
696	0706	Phlegmasies (Path. Spéc.)
697	0707	Phlegmasies (Path. Spéc.)
698	0708	Phlegmasies (Path. Spéc.)
699	0709	Phlegmasies (Path. Spéc.). Phlegmasique. Phlegmatie. Phlegmatique. Phlegmatorrhagie. Phlegme. Phlegmon (Nosogr. Chir.)
700	0710	Phlegmon (Nosogr. Chir.)
701	0711	Phlegmon (Nosogr. Chir.)
702	0712	Phlegmon (Nosogr. Chir.)
703	0713	Phlegmon (Nosogr. Chir.)
704	0714	Phlegmon (Nosogr. Chir.)
705	0715	Phlegmon (Nosogr. Chir.)
706	0716	Phlegmon (Nosogr. Chir.)
707	0717	Phlegmon (Nosogr. Chir.)
708	0718	Phlegmon (Nosogr. Chir.). Phlegmoneux. Phloginon. Phlogistique
709	0719	Phlogistique. Phlogistos. Phlogode ou phlogoïde. Phlogopyre. Phlogose. Phlogosé. Phlomis. Phlox. Phlyctène. Phlycténoïde
710	0720	Phlycténoïde. Phlyctides. Phoenigme. Pholaide. Phonacie. Phonation. Phonique. Phonocamptique. Phonose. Phoque. Phosgène. Phosphates
711	0721	Phosphates. Phosphites ou hypo-phosphites. Phosphore (chimie médic. Thérapeutiq.)
712	0722	Phosphore (chimie médic. Thérapeutiq.)
713	0723	Phosphore (chimie médic. Thérapeutiq.)
714	0724	Phosphore (chimie médic. Thérapeutiq.). Phosphorénèses (Nosol.)
715	0725	Phosphorénèses (Nosol.). Phosphorescence (Path.)
716	0726	Phosphorescence (Path.). Phosphoreux. Phosphures (Chimie)
717	0727	Phosphures (Chimie). Phosphuré. Phrénésie (Nosogr.)
718	0728	Phrénésie (Nosogr.)
719	0729	Phrénésie (Nosogr.)
720	0730	Phrénésie (Nosogr.)
721	0731	Phrénésie (Nosogr.)
722	0732	Phrénésie (Nosogr.)
723	0733	Phrénésie (Nosogr.)
724	0734	Phrénésie (Nosogr.)
725	0735	Phrénésie (Nosogr.)
726	0736	Phrénésie (Nosogr.)
727	0737	Phrénésie (Nosogr.)
728	0738	Phrénésie (Nosogr.)
729	0739	Phrénésie (Nosogr.)
730	0740	Phrénésie (Nosogr.)
731	0741	Phrénésie (Nosogr.)
732	0742	Phrénésie (Nosogr.)
733	0743	Phrénésie (Nosogr.)
734	0744	Phrénésie (Nosogr.)
735	0745	Phrénésie (Nosogr.)
736	0746	Phrénésie (Nosogr.)
737	0747	Phrénésie (Nosogr.)
738	0748	Phrénésie (Nosogr.)
739	0749	Phrénésie (Nosogr.)
740	0750	Phrénésie (Nosogr.). Phrénetique. Phrénique
741	0751	Phrénique. Phrénisme. Phrénite. Phrénologie. Phricode. Phthologie. Phthiriasis
742	0752	Phthiriasis. Phthisie (Pathol. Génér & spéciale)
743	0753	Phthisie (Pathol. Génér & spéciale)
744	0754	Phthisie (Pathol. Génér & spéciale)
745	0755	Phthisie (Pathol. Génér & spéciale)
746	0756	Phthisie (Pathol. Génér & spéciale)
747	0757	Phthisie (Pathol. Génér & spéciale)
748	0758	Phthisie (Pathol. Génér & spéciale)
749	0759	Phthisie (Pathol. Génér & spéciale)
750	0760	Phthisie (Pathol. Génér & spéciale)
751	0761	Phthisie (Pathol. Génér & spéciale)
752	0762	Phthisie (Pathol. Génér & spéciale)
753	0763	Phthisie (Pathol. Génér & spéciale)
754	0764	Phthisie (Pathol. Génér & spéciale)
755	0765	Phthisie (Pathol. Génér & spéciale)
756	0766	Phthisie (Pathol. Génér & spéciale)
757	0767	Phthisie (Pathol. Génér & spéciale)
758	0768	Phthisie (Pathol. Génér & spéciale)
759	0769	Phthisie (Pathol. Génér & spéciale)
760	0770	Phthisie (Pathol. Génér & spéciale)
761	0771	Phthisie (Pathol. Génér & spéciale)
762	0772	Phthisie (Pathol. Génér & spéciale)
763	0773	Phthisie (Pathol. Génér & spéciale)
764	0774	Phthisiologie. Phthisique. Phthisuris. Phtore. Phtoro-borique (acide). Phtoro-silicique (acide). Phtorures
