page	refimg	chapitre
[sans numérotation]	0001	[Page de faux-titre]
[sans numérotation]	0002	
[sans numérotation]	0003	[Page de titre]
[page blanche]	0004	
1	0005	Hagenbut, Haynpol ou Hanbut
2	0006	Hagenbut, Haynpol ou Hanbut
3	0007	Hagenbut, Haynpol ou Hanbut / Hagendorn (Ehrenfried)
4	0008	Hagendorn (Ehrenfried) / Haguenot (Henri)
5	0009	Haguenot (Henri) / Hahn (Sigismond) / Hahn (Jean-Godefroy de)
6	0010	Hahn (Jean-Godefroy de)
7	0011	Hahn (Jean-Godefroy de) / Hahn (Jean-David)
8	0012	Hahn (Jean-David) / Haighton (John)
9	0013	Hallé (Jean-Noel)
10	0014	Hallé (Jean-Noel)
11	0015	Hallé (Jean-Noel) / Haller (Albert de)
12	0016	Haller (Albert de)
13	0017	Haller (Albert de)
14	0018	Haller (Albert de)
15	0019	Haller (Albert de)
16	0020	Haller (Albert de)
17	0021	Haller (Albert de)
18	0022	Haller (Albert de)
19	0023	Haller (Albert de)
20	0024	Haller (Albert de)
21	0025	Haller (Albert de)
22	0026	Haller (Albert de)
23	0027	Haller (Albert de)
24	0028	Haller (Albert de)
25	0029	Haller (Albert de)
26	0030	Haller (Albert de)
27	0031	Haller (Albert de)
28	0032	Haller (Albert de)
29	0033	Haller (Albert de)
30	0034	Haller (Albert de)
31	0035	Haller (Albert de) / Hamberger (George-Erhard)
32	0036	Hamberger (George-Erhard)
33	0037	Hamberger (George-Erhard)
34	0038	Hamberger (George-Erhard)
35	0039	Hamberger (George-Erhard)
36	0040	Hamberger (George-Erhard) / Halloran (Sylvester O') / Hamilton (Alexandre)
37	0041	Hamilton (Alexandre) / Hamilton (David)
38	0042	Hamilton (David) / Hamilton (Robert)
39	0043	Hamilton (Robert) / Hamilton (William)
40	0044	Handel (George-Théodore-Christophe) / Harder (Jean-Jacques)
41	0045	Harder (Jean-Jacques)
42	0046	Harder (Jean-Jacques)
43	0047	Hardy (James) / Harmant (N) / Harper (Andrew)
44	0048	Harper (Andrew) / Harris (Gautier)
45	0049	Harris (Gautier) / Harsu (Jacques de) / Hartenkeil (Jean-Jacques)
46	0050	Hartenkeil (Jean-Jacques)
47	0051	Hartenkeil (Jean-Jacques) / Hartmann (Jean)
48	0052	Hartmann (Jean)
49	0053	Hartmann (Peter-Emmanuel)
50	0054	Hartmann (Peter-Emmanuel) / Hartmann (Philippe-Charles)
51	0055	Hartmann (Philippe-Charles) / Hartmann (Philippe-Jacques)
52	0056	Hartmann (Philippe-Jacques)
53	0057	Hartmann (Philippe-Jacques)
54	0058	Hartmann (Philippe-Jacques) / Harvey (Gédéon)
55	0059	Harvey (Gédéon) / Harvey (Guillaume)
56	0060	Harvey (Guillaume)
57	0061	Harvey (Guillaume)
58	0062	Harvey (Guillaume)
59	0063	Harvey (Guillaume)
60	0064	Harvey (Guillaume)
61	0065	Warwood (sir Busick) / Hasenest (Jean-Georges)
62	0066	Hasenest (Jean-Georges) / Hasenhoerl (Jean-Georges) / Havers (Clopton)
63	0067	Havers (Clopton) / Haygarth (John)
64	0068	Haygarth (John) / Hazon (Jacques-Albert)
65	0069	Hazon (Jacques-Albert)
66	0070	Hazon (Jacques-Albert)
67	0071	Hazon (Jacques-Albert) / Hebenstreit (Ernest-Benjamin-Théophile)
68	0072	Hebenstreit (Ernest-Benjamin-Théophile) / Hebenstreit (Johann-Ernst)
69	0073	Hebenstreit (Johann-Ernst)
70	0074	Hebenstreit (Johann-Ernst)
71	0075	Hebenstreit (Johann-Ernst)
72	0076	Hebenstreit (Johann-Ernst)
73	0077	Hebenstreit (Johann-Ernst) / Heberden (Guillaume)
74	0078	Heberden (Guillaume)
75	0079	Heberden (Guillaume) / Hecker (Auguste-Frédéric)
76	0080	Hecker (Auguste-Frédéric)
77	0081	Hecker (Auguste-Frédéric)
78	0082	Hecker (Auguste-Frédéric)
79	0083	Hecquet (Philippe)
80	0084	Hecquet (Philippe)
81	0085	Hecquet (Philippe)
82	0086	Hecquet (Philippe)
83	0087	Hecquet (Philippe) / Heer (Henri Van), ou Henricus ab Heers
84	0088	Heer (Henri Van), ou Henricus ab Heers / Heerkens (Gerard-Nicolas)
85	0089	Heerkens (Gerard-Nicolas) / Heister (Laurent)
86	0090	Heister (Laurent)
87	0091	Heister (Laurent)
88	0092	Heister (Laurent)
89	0093	Heister (Laurent)
90	0094	Heister (Laurent)
91	0095	Heister (Laurent)
92	0096	Heister (Laurent)
93	0097	Heister (Laurent) / Heliodore
94	0098	Heliodore / Hellmann (Jean-Gaspard) / Hellwig (Christophe de)
95	0099	Hellwig (Christophe de)
96	0100	Hellwig (Christophe de)
97	0101	Hellwig (Christophe de) / Helmont (Jean-Baptiste Van)
98	0102	Helmont (Jean-Baptiste Van)
99	0103	Helmont (Jean-Baptiste Van)
100	0104	Helmont (Jean-Baptiste Van)
101	0105	Helmont (Jean-Baptiste Van)
102	0106	Helmont (Jean-Baptiste Van)
103	0107	Helmont (Jean-Baptiste Van)
104	0108	Helmont (Jean-Baptiste Van) / Helvetius (Adrien)
105	0109	Helvetius (Adrien) / Helvetius (Jean-Claude-Adrien)
106	0110	Helvetius (Jean-Claude-Adrien)
107	0111	Helvetius (Jean-Claude-Adrien) / Hendy (James)
108	0112	Hendy (James) / Henkel (Joachim-Frédéric)
109	0113	Henkel (Joachim-Frédéric)
110	0114	Henkel (Joachim-Frédéric) / Henning (Jean-George-Frédéric) / Henry (Thomas)
111	0115	Henry (Thomas) / Herbiniaux
112	0116	Herbiniaux / Heredia (Gaspard-Caldéra de) / Heredia (Pierre-Michel de)
113	0117	Heredia (Pierre-Michel de) / Hensler (Philippe-Gabriel)
114	0118	Hensler (Philippe-Gabriel)
115	0119	Hensler (Philippe-Gabriel) / Herissant (François-David)
116	0120	Herissant (François-David) / Herissant (Louis-Antoine-Prosper)
117	0121	Herissant (Louis-Antoine-Prosper) / Hernandez (François)
118	0122	Hernandez (François) / Herophile
119	0123	Herophile / Hery (Thierry de)
120	0124	Hery (Thierry de)
121	0125	Hery (Thierry de) / Herz (Marc)
122	0126	Herz (Marc) / Hesselbach (François-Gaspard)
123	0127	Hesselbach (François-Gaspard) / Heuermann (George) / Heurnius (Jean)
124	0128	Heurnius (Jean)
125	0129	Heurnius (Jean)
126	0130	Heurnius (Jean) / Hévin (Prudent)
127	0131	Hévin (Prudent) / Hewson (William)
128	0132	Hewson (William) / Hey (William)
129	0133	Hey (William) / Highmore (Nathaniel)
130	0134	Highmore (Nathaniel) / Hildebrand (Georges-Frédéric)
131	0135	Hildebrand (Georges-Frédéric)
132	0136	Hildebrand (Georges-Frédéric) / Hildenbrand (Jean-Valentin noble de)
133	0137	Hildenbrand (Jean-Valentin noble de) / Hillary (William)
134	0138	Hillary (William) / Hippocrate
135	0139	Hippocrate
136	0140	Hippocrate
137	0141	Hippocrate
138	0142	Hippocrate
139	0143	Hippocrate
140	0144	Hippocrate
141	0145	Hippocrate
142	0146	Hippocrate
143	0147	Hippocrate
144	0148	Hippocrate
145	0149	Hippocrate
146	0150	Hippocrate
147	0151	Hippocrate
148	0152	Hippocrate
149	0153	Hippocrate
150	0154	Hippocrate
151	0155	Hippocrate
152	0156	Hippocrate
153	0157	Hippocrate
154	0158	Hippocrate
155	0159	Hippocrate
156	0160	Hippocrate
157	0161	Hippocrate
158	0162	Hippocrate
159	0163	Hippocrate
160	0164	Hippocrate
161	0165	Hippocrate
162	0166	Hippocrate
163	0167	Hippocrate
164	0168	Hippocrate
165	0169	Hippocrate
166	0170	Hippocrate
167	0171	Hippocrate
168	0172	Hippocrate
169	0173	Hippocrate
170	0174	Hippocrate
171	0175	Hippocrate
172	0176	Hippocrate
173	0177	Hippocrate
174	0178	Hippocrate
175	0179	Hippocrate
176	0180	Hippocrate
177	0181	Hippocrate
178	0182	Hippocrate
179	0183	Hippocrate
180	0184	Hippocrate
181	0185	Hippocrate
182	0186	Hippocrate
183	0187	Hippocrate
184	0188	Hippocrate
185	0189	Hippocrate
186	0190	Hippocrate
187	0191	Hippocrate
188	0192	Hippocrate
189	0193	Hippocrate
190	0194	Hippocrate
191	0195	Hippocrate
192	0196	Hippocrate
193	0197	Hippocrate
194	0198	Hippocrate
195	0199	Hippocrate
196	0200	Hippocrate
197	0201	Hippocrate
198	0202	Hippocrate
199	0203	Hippocrate
200	0204	Hippocrate
201	0205	Hippocrate / Hirschel (Léon-Elie)
202	0206	Hirschel (Léon-Elie) / Hoboken (Nicolas)
203	0207	Hoboken (Nicolas) / Hodges (Nathanael)
204	0208	Hodges (Nathanael) / Hofer (Franz-Joseph)
205	0209	Hoffbauer (Jean-Christophe) / Hoffmann (Christophe-Louis)
206	0210	Hoffmann (Christophe-Louis)
207	0211	Hoffmann (Christophe-Louis) / Hoffmann (Frédéric)
208	0212	Hoffmann (Frédéric)
209	0213	Hoffmann (Frédéric)
210	0214	Hoffmann (Frédéric)
211	0215	Hoffmann (Frédéric)
212	0216	Hoffmann (Frédéric)
213	0217	Hoffmann (Frédéric)
214	0218	Hoffmann (Frédéric)
215	0219	Hoffmann (Frédéric)
216	0220	Hoffmann (Frédéric)
217	0221	Hoffmann (Frédéric)
218	0222	Hoffmann (Frédéric)
219	0223	Hoffmann (Frédéric)
220	0224	Hoffmann (Frédéric)
221	0225	Hoffmann (Gaspard)
222	0226	Hoffmann (Gaspard)
223	0227	Hoffmann (Gaspard)
224	0228	Hoffmann (Gaspard) / Hoffmann (maurice)
225	0229	Hoffmann (maurice) / Hoffmann (Jean-Maurice)
226	0230	Hoffmann (Jean-Maurice)
227	0231	Hoffmann (Jean-Maurice) / Home (François)
228	0232	Home (Sir Everard)
229	0233	Home (Sir Everard)
230	0234	Home (Sir Everard)
231	0235	Home (Sir Everard)
232	0236	Home (Sir Everard)
233	0237	Home (Sir Everard)
234	0238	Home (Sir Everard)
235	0239	Home (Sir Everard)
236	0240	Home (Sir Everard) / Hoin (Jean-Jacques-Louis)
237	0241	Hoin (Jean-Jacques-Louis) / Hopfengaertner (Philippe-Frédéric)
238	0242	Hopfengaertner (Philippe-Frédéric) / Horne (D. R. de)
239	0243	Horne (D. R. de) / Horne (Jean-Van)
240	0244	Horne (Jean-Van) / Horstius (Grégoire)
241	0245	Horstius (Grégoire) / Housset (E. J.)
242	0246	Housset (E. J.) / Houllier (Jacques)
243	0247	Houllier (Jacques) / Howard (John)
244	0248	Howard (John) / Huber (Jean-Jacques)
245	0249	Huber (Jean-Jacques)
246	0250	Huber (Jean-Jacques) / Hulme (Nataniel)
247	0251	Hulme (Nataniel) / Hunczowski (Johann)
248	0252	Hunczowski (Johann) / Hundertmark (Charles-Frédéric)
249	0253	Hundertmark (Charles-Frédéric) / Hunter (Alexandre)
250	0254	Hunter (Alexandre) / Hunter (John)
251	0255	Hunter (John)
252	0256	Hunter (John)
253	0257	Hunter (John)
254	0258	Hunter (John) / Hunter (William)
255	0259	Hunter (William)
256	0260	Hunter (William)
257	0261	Hunter (William) / Huxham (John)
258	0262	Huxham (John)
259	0263	Imbert Delonnes / Ingram (Dale)
260	0264	Ingram (Dale) / Ingrassia (Jean-Philippe)
261	0265	Ingrassia (Jean-Philippe)
262	0266	Ingrassia (Jean-Philippe) / Isenflamm (Jacques-Frédéric)
263	0267	Isenflamm (Jacques-Frédéric)
264	0268	Isenflamm (Jacques-Frédéric) / Isenflamm (Henri-Frédéric)
265	0269	Isenflamm (Henri-Frédéric)
266	0270	Jackson (Robert)
267	0271	Jackson (Robert) / Jackson (Seguin-Henry) / Jacobs (Jean-Bernard)
268	0272	Jacobs (Jean-Bernard) / Jacopi (Joseph) / Jadelot (Nicolas)
269	0273	Jadelot (Nicolas) / Jaeger (Charles-Christophe-Frédéric)
270	0274	Jaeger (Charles-Christophe-Frédéric) / Jaeger (Chrétien-Frédéric)
271	0275	Jaeger (Chrétien-Frédéric) / Jahn (Christian) / Jahn (Frédéric)
272	0276	Jahn (Frédéric) / James (Robert)
273	0277	Janin (Jean)
274	0278	Janin (Jean) / Janke (Johann-Gottfried)
275	0279	Jansen (François-Xavier) / Jantke (Jean-Jacques)
276	0280	Jantke (Jean-Jacques) / Jeannet des Longrois
277	0281	Jenner (Edward)
278	0282	Jenty (Charles-Nicolas) / Jessenius à Jessen ou Jessinsky (Jean)
279	0283	Jessenius à Jessen ou Jessinsky (Jean) / Joel (François)
280	0284	Joel (François) / Joerdens (Jean-Henry)
281	0285	Joerdens (Jean-Henry) / Joerdens (Pierre-Godefroi)
282	0286	Joerdens (Pierre-Godefroi) / John (Jean-Denis)
283	0287	John (Jean-Denis) / Johnson (Robert-Wallace) / Johnston ou Johnson (Alexandre)
284	0288	Johnston ou Johnson (Alexandre) / Johnstone (James)
285	0289	Johnstone (James) / Jordan (Thomas) / Joubert (Laurent)
286	0290	Joubert (Laurent) / Jourdain (Anselme-Louis-Bernard-Brechillet)
287	0291	Jourdain (Anselme-Louis-Bernard-Brechillet) / Jugler (Jean-Henri)
288	0292	Jugler (Jean-Henri) / Juncker (Johann)
289	0293	Juncker (Johann)
290	0294	Juncker (Johann)
291	0295	Juncker (Johann)
292	0296	Juncker (Johann)
293	0297	Juncker (Johann) / Jungken (Jean-Helfrich)
294	0298	Jungken (Jean-Helfrich)
295	0299	Jungken (Jean-Helfrich) / Junker (Johann-Christian-Wilheim)
296	0300	Jurine (Louis)
297	0301	Jurine (Louis) / Justamond (John-Obadiah) / Juvet (Hugues-Alexis)
298	0302	Juvet (Hugues-Alexis) / Juville
299	0303	Kaau-Boerhaave (Abraham)
300	0304	Kaau-Boerhaave (Abraham) / Kadelbach (Chrétien-Frédéric)
301	0305	Kaempf (Jean) / Kaempfer (Engelbert)
302	0306	Kaempfer (Engelbert) / Kaltenbrunner (George)
303	0307	Kaltenbrunner (George) / Kaltschmidt (Karl-Friedrich)
304	0308	Kaltschmidt (Karl-Friedrich)
305	0309	Kaltschmidt (Karl-Friedrich)
306	0310	Kaltschmidt (Karl-Friedrich)
307	0311	Kaltschmidt (Karl-Friedrich) / Kannegiesser (Gottlieb-Heinrich)
308	0312	Kannegiesser (Gottlieb-Heinrich)
309	0313	Kannegiesser (Gottlieb-Heinrich)
310	0314	Kannegiesser (Gottlieb-Heinrich) / Kanold (Jean)
311	0315	Kanold (Jean) / Kapp (George-Chrétien-Frédéric)
312	0316	Kauhlen (Franz-Wilhelm) / Kausch (Johann-Joseph)
313	0317	Kausch (Johann-Joseph)
314	0318	Kausch (Johann-Joseph) / Kaete (Thomas)
315	0319	Kaete (Thomas) / Keck (Jean-Erdmann) / Keill (James)
316	0320	Keill (James) / Kelch (Wilhelm-Gottlieb) / Kellner (Wilhelm-Andreas)
317	0321	Kellner (Wilhelm-Andreas)
318	0322	Kellner (Wilhelm-Andreas) / Kemme (Jean-Chrétien)
319	0323	Kemme (Jean-Chrétien) / Kennedy (Pierre) / Kentisch (Richard) / Kerckring (Théodore)
320	0324	Kerckring (Théodore) / Kern (le Chevalier Vincent de)
321	0325	Kern (le Chevalier Vincent de)
322	0326	Kern (le Chevalier Vincent de) / Kessler (Auguste-Édouard) / Kestner (Chrétien-Guillaume)
323	0327	Kestner (Chrétien-Guillaume) / Ketelaer (Vincent) / Key ou Kaye (Jean)
324	0328	Key ou Kaye (Jean) / Kilian (Conrad-Joseph)
325	0329	Kilian (Conrad-Joseph) / Kirkland (Thomas)
326	0330	Kirkland (Thomas) / Kirkpatric (J.) / Kitaibel (Paul)
327	0331	Kitaibel (Paul) / Klaerich (Frédéric-Guillaume)
328	0332	Klaerich (Frédéric-Guillaume) / Klaunig (Gottfried) / Klein (Charles-Chrétien)
329	0333	Klein (Charles-Chrétien) / Klein (Louis-Godefroy) / Kletten (George-Ernest)
330	0334	Kletten (George-Ernest) / Klinkosch (Joseph-Thaddaeus)
331	0335	Klinkosch (Joseph-Thaddaeus) / Kloekhof (Corneille-Albert) / Klose (Wolf-Frédéric-Guillaume)
332	0336	Klose (Wolf-Frédéric-Guillaume) / Knackstedt (Christophe-Élie-Henry)
333	0337	Knackstedt (Christophe-Élie-Henry) / Knebel (Emmanuel-Théophile)
334	0338	Knebel (Emmanuel-Théophile) / Knigge (Thomas) / Kniphof (Jean-Jérome)
335	0339	Kniphof (Jean-Jérome)
336	0340	Kniphof (Jean-Jérome) / Knips Macoppe (Alexandre)
337	0341	Knips Macoppe (Alexandre) / Knoblauch (Joseph-Wilhelm)
338	0342	Knoer (Ludwig-Wilhelm de) / Knoll (Jean-Chrétien-Gérard)
339	0343	Knoll (Jean-Chrétien-Gérard) / Kober (Tobie)
340	0344	Kober (Tobie) / Koch (Christian-Martin) / Koehler (Jean-Valentin-Henry)
341	0345	Koehler (Jean-Valentin-Henry) / Koeler (George-Louis) / Koelle (Jean-Louis-Chrétien)
342	0346	Koelle (Jean-Louis-Chrétien) / Koelpin (Alexandre-Bernard) / Koerber (Pierre-Frédéric)
343	0347	Koerber (Pierre-Frédéric) / Kohlhaas (Jean-Jacques)
344	0348	Kohlhaas (Jean-Jacques) / Kohlreif (Godefroy-Albert) / Kolbany (Paul)
345	0349	Kolbany (Paul) / Kortum (Charles-Arnold)
346	0350	Kortum (Charles-Arnold) / Kortum (Charles-Georges-Théodore) / Koestlin (Charles-Henry)
347	0351	Koestlin (Charles-Henry) / Krapf (Charles de) / Kratzenstein (Christian-Gottlieb)
348	0352	Kratzenstein (Christian-Gottlieb)
349	0353	Kratzenstein (Christian-Gottlieb) / Krause (Karl-Christian)
350	0354	Krause (Karl-Christian)
351	0355	Krause (Karl-Christian) / Krebs (Frédéric-Chrétien-Charles) / Krueger (Johann-Gottlob)
352	0356	Krueger (Johann-Gottlob)
353	0357	Krueger (Johann-Gottlob)
354	0358	Krueger (Johann-Gottlob) / Kruenitz (Jean-George)
355	0359	Kruenitz (Jean-George) / Kulmus (Johann-Adam)
356	0360	Kundmann (Jean-Christian)
357	0361	Kundmann (Jean-Christian) / Kurella (Ernest-Godefroy) / Kyper (Albert)
358	0362	Kyper (Albert)
[sans numérotation]	0363	[Page de faux-titre]
[sans numérotation]	0364	
[sans numérotation]	0365	[Page de titre]
[page blanche]	0366	
369	0367	Lacaze (Louis de)
370	0368	Lacaze (Louis de) / Lachapelle (Marie-Louise DUGÈS, plus connue sous le nom de veuve)
371	0369	Lachapelle (Marie-Louise DUGÈS, plus connues sous le nom de veuve) / La charrière (Joseph de) / Laennec (Réné-Théophile-Hyacinthe)
372	0370	Laennec (Réné-Théophile-Hyacinthe)
373	0371	Laennec (Réné-Théophile-Hyacinthe) / Lafaye (Georges de)
374	0372	Lafaye (Georges de) / Laflize (Dominique)
375	0373	Laflize (Dominique) / Lafontaine (Frédéric-Louis de) / Lafosse (Jean)
376	0374	Lafosse (Jean) / Lallement
377	0375	Lallement / Lalouette (Pierre) / Lalouette (Jean-François-Achille)
378	0376	Lalouette (Jean-François-Achille) / Lamauve (Louis-César) / Lambsma (Nicolas)
379	0377	Lambert (Antoine) / La Mettrie (Julien-Offray de)
380	0378	La Mettrie (Julien-Offray de)
381	0379	La Mettrie (Julien-Offray de) / Lamonière (Jean de) / La motte (Guillaume-Mauquest de)
382	0380	La motte (Guillaume-Mauquest de)
383	0381	La motte (Guillaume-Mauquest de) / Lamure (François de Bourguignon Bussière de)
384	0382	Lamure (François de Bourguignon Bussière de) / Lamzweerde (Jean-Baptiste Van)
385	0383	Lamzweerde (Jean-Baptiste Van) / Lancisi (Jean-Marie)
386	0384	Lancisi (Jean-Marie)
387	0385	Lancisi (Jean-Marie)
388	0386	Lancisi (Jean-Marie) / Lanfranchi
389	0387	Lange (Chrétien) / Lange (Chrétien-Jean)
390	0388	Lange (Chrétien-Jean) / Lange (Jean)
391	0389	Lange (Jean) / Lange (Johann Heinrich) / Lange (Martin)
392	0390	Lange (Martin) / Langermann (Jean Godefroy)
393	0391	Langermann (Jean Godefroy) / Langguth (George Auguste)
394	0392	Langguth (George Auguste)
395	0393	Langguth (George Auguste)
396	0394	Langguth (George Auguste) / Langguth (Christian Auguste) / Langhans (Daniel)
397	0395	Langhans (Daniel) / Langrish (Browne)
398	0396	Langsvert (Wenceslas Jean Népomucène) / Lanzoni (Joseph)
399	0397	Lanzoni (Joseph) / Lapeyronie (François de)
400	0398	Lapeyronie (François de)
401	0399	Lapeyronie (François de) / Lassis (S.)
402	0400	Lassis (S.) / Lassone (Joseph Marie François de)
403	0401	Lassone (Joseph Marie François de)
404	0402	Lassone (Joseph Marie François de) / Lassus (P.)
405	0403	Lassus (P.)
406	0404	Lassus (P.) / Latham (John)
407	0405	Latham (John) / Latour (D.) / Laubender (Bernard)
408	0406	Laubender (Bernard)
409	0407	Laubender (Bernard) / Laurenti (Joseph Nicolas) / Lauth (Thomas)
410	0408	Lauth (Thomas)
411	0409	Lauth (Thomas) / Lautter (François Joseph) / Lauverjat (Théodore Etienne) / Lavater (Jean Henri)
412	0410	Lavater (Jean Henri) / Lavauguion (de)
413	0411	Lavauguion (de) / Layard (Daniel Pierre) / Leake (John)
414	0412	Leake (John) / Lebas (Jean)
415	0413	Lebas (Jean) / Leber (Ferdinand) / Leblanc (Louis)
416	0414	Leblanc (Louis) / Lecat (Claude Nicolas)
417	0415	Lecat (Claude Nicolas)
418	0416	Lecat (Claude Nicolas) / Leclerc (Daniel)
419	0417	Leclerc (Daniel) / Ledran (Henri François)
420	0418	Ledran (Henri François) / Lefebure (Guillaume René)
421	0419	Lefebure (Guillaume René)
422	0420	Lefebure (Guillaume René) / Lefrançois (Alexandre) / Legallois (Julien Jean César)
423	0421	Legallois (Julien Jean César) / Legallois (Eugène)
424	0422	Legallois (Eugène) / Leidenfrost (Jean Gottlob)
425	0423	Leidenfrost (Jean Gottlob)
426	0424	Leidenfrost (Jean Gottlob)
427	0425	Leidenfrost (Jean Gottlob) / Lenhart (Joseph)
428	0426	Lenhart (Joseph) / Lentilius (Rosinus)
429	0427	Lentilius (Rosinus) / Lentin (Lebrecht Frédéric Benjamin)
430	0428	Lentin (Lebrecht Frédéric Benjamin)
431	0429	Lentin (Lebrecht Frédéric Benjamin) / Leonhardi (Jean Godefroy)
432	0430	Leonhardi (Jean Godefroy) / Leoniceno (Nicolas)
433	0431	Leoniceno (Nicolas) / Lepecq de la Cloture (Louis)
434	0432	Lepecq de la Cloture (Louis) / Lepois (Nicolas)
435	0433	Lepois (Nicolas) / Lepois (Charles)
436	0434	Leppentin (Christophe Nicolas)
437	0435	Leppentin (Christophe Nicolas) / Leroux (Laurent Charles Pierre) / Leroux des Tillets (Jean Jacques)
438	0436	Leroux des Tillets (Jean Jacques) / Leroy (Alphonse Louis Vincent)
439	0437	Leroy (Alphonse Louis Vincent)
440	0438	Leroy (Alphonse Louis Vincent) / Leroy (Charles)
441	0439	Leroy (Charles) / Lettsom (John Coakley)
442	0440	Lettsom (John Coakley)
443	0441	Lettsom (John Coakley)
444	0442	Leuthner (Jean Antoine Népomucène chevalier de)
445	0443	Leuthner (Jean Antoine Népomucène chevalier de) / Levacher / Levacher de la Feutrie (A. F. Thomas)
446	0444	Levacher de la Feutrie (A. F. Thomas) / Leveillé (Jean Baptiste François)
447	0445	Leveillé (Jean Baptiste François) / Leveling (Heinrich Palmaz von)
448	0446	Leveling (Heinrich Palmaz von) / Levison (George) / Levret (André)
449	0447	Levret (André)
450	0448	Levret (André)
451	0449	Levret (André) / Lewis (William)
452	0450	Lewis (William) / Leydig (Pierre Joseph) / Lichtenstein (George Rodolphe)
453	0451	Lichtenstein (George Rodolphe) / Lieberkuehn (Jean Nathanael)
454	0452	Lieberkuehn (Jean Nathanael) / Lieutaud (Joseph)
455	0453	Lieutaud (Joseph)
456	0454	Lieutaud (Joseph) / Liger (Charles-Louis)
457	0455	Liger (Charles-Louis) / Lille (Chrétien Everard de)
458	0456	Lille (Chrétien Everard de) / Lind (James) / Linden (Jean-Antonides Van der)
459	0457	Linden (Jean-Antonides Van der)
460	0458	Linden (Jean-Antonides Van der) / Linnaeus ou Linné (Charles de)
461	0459	Linnaeus ou Linné (Charles de)
462	0460	Linnaeus ou Linné (Charles de) / Lister (Martin)
463	0461	Lister (Martin) / Littre (Alexis)
464	0462	Littre (Alexis) / Lobb (Théophile)
465	0463	Lobb (Théophile) / Lobes (Edmond Vincent Guldener von) / Lobstein (Jean Frédéric)
466	0464	Lobstein (Jean Frédéric)
467	0465	Lobstein (Jean Frédéric) / Lobstein (Jean Frédéric)
468	0466	Lobstein (Jean Frédéric)
469	0467	Lobstein (Jean Frédéric)
470	0468	Lobstein (Jean Frédéric) / Locher (Maximilien) / Loder (Justus Christian von)
471	0469	Loder (Justus Christian von)
472	0470	Loder (Justus Christian von)
473	0471	Loder (Justus Christian von) / Loebenstein Loebel (Edouard)
474	0472	Loebenstein Loebel (Edouard) / Loefler (Adolphe-Frédéric)
475	0473	Loefler (Adolphe-Frédéric) / Loeseke (Johann Ludwig Lebrecht)
476	0474	Loeseke (Johann Ludwig Lebrecht) / Lom (Josse van)
477	0475	Lom (Josse van) / Lombard (Claude Antoine)
478	0476	Lombard (Claude Antoine) / Lorentz (Joseph Adam)
479	0477	Lorentz (Joseph Adam) / Lorry (Anne Charles)
480	0478	Lorry (Anne Charles) / Loschge (Frédéric Henri)
481	0479	Loschge (Frédéric Henri) / Loss ou Lossius (Frédéric) / Lotichius (Jean Pierre)
482	0480	Lotichius (Jean Pierre) / Louis (Antoine)
483	0481	Louis (Antoine)
484	0482	Louis (Antoine)
485	0483	Louis (Antoine)
486	0484	Louis (Antoine)
487	0485	Louis (Antoine) / Lowe (Pierre) / Lower (Richard)
488	0486	Lower (Richard) / Lucae (Samuel Chrétien)
489	0487	Lucae (Samuel Chrétien) / Ludwig (Daniel)
490	0488	Ludwig (Daniel) / Ludwig (Chrétien Théophile)
491	0489	Ludwig (Chrétien Théophile)
492	0490	Ludwig (Chrétien Théophile)
493	0491	Ludwig (Chrétien Théophile)
494	0492	Ludwig (Chrétien Théophile) / Ludwig (Chrétien Frédéric)
495	0493	Ludwig (Chrétien Frédéric)
496	0494	Ludwig (Chrétien Frédéric) / Lysons (Daniel)
497	0495	Lysons (Daniel)
498	0496	Macbride (David)
499	0497	Macbride (David) / Mackensie (James) / Macquart (Louis Charles Réné)
500	0498	Macquart (Louis Charles Réné) / Magati (César)
501	0499	Magati (César) / Maggi (Barthélemy)
502	0500	Maggi (Barthélemy) / Mahon (Paul Augustin Olivier) / Maitrejan (Antoine)
503	0501	Maitrejan (Antoine) / Major (Jean Daniel)
504	0502	Major (Jean Daniel) / Malacarne (Vincent)
505	0503	Malacarne (Vincent) / Malpighi (Marcel)
506	0504	Malpighi (Marcel)
507	0505	Malpighi (Marcel) / Manardi (Jean)
508	0506	Manardi (Jean)
509	0507	Manardi (Jean) / Manget (Jean Jacques)
510	0508	Manget (Jean Jacques)
511	0509	Manget (Jean Jacques)
512	0510	Mangold (Christophe André) / Manningham (Richard)
513	0511	Manningham (Richard) / Marcard (Henri Mathias)
514	0512	Marcard (Henri Mathias) / Marcel
515	0513	Marcel
516	0514	Marcel / Marcet (Alexandre)
517	0515	Marcet (Alexandre) / Marchetti (Dominique de)
518	0516	Marchetti (Dominique de) / Marchetti (Pierre de)
519	0517	Marchi (Marco de) / Marcus (Adalbert Frédéric)
520	0518	Marcus (Adalbert Frédéric) / Mareschal (Georges)
521	0519	Mareschal (Georges) / Maret (Hugues)
522	0520	Maret (Hugues)
523	0521	Maret (Hugues)
524	0522	Maret (Hugues)
525	0523	Maret (Hugues)
526	0524	Maret (Hugues) / Marherr (Philippe Ambroise)
527	0525	Mariano Santo / Marque (Jacques de)
528	0526	Marque (Jacques de)
529	0527	Marque (Jacques de) / Marshall (André) / Marteau (Pierre Antoine)
530	0528	Marteau (Pierre Antoine) / Martel (François) / Martens (François Henri)
531	0529	Martens (François Henri)
532	0530	Martens (François Henri) / Martiano (Prosper) / Martine (George)
533	0531	Martini (Ferdinand)
534	0532	Mascagni (Paul)
535	0533	Mascagni (Paul) / Masius (Georges Henry)
536	0534	Masius (Georges Henry) / Massa (Nicolas)
537	0535	Massa (Nicolas) / Massaria (Alexandre)
538	0536	Massaria (Alexandre)
539	0537	Massaria (Alexandre) / Matani (Antoine) / Matthiae (George)
540	0538	Matthiae (George)
541	0539	Matthiae (George) / Mattioli (Pierre André)
542	0540	Mattioli (Pierre André)
543	0541	Mattioli (Pierre André) / Mauchart (Burkard David)
544	0542	Mauchart (Burkard David)
545	0543	Mauchart (Burkard David) / Maunoir (Jean Pierre) / Mauriceau (François)
546	0544	Mauriceau (François) / May ou Mai (François Antoine)
547	0545	May ou Mai (François Antoine)
548	0546	May ou Mai (François Antoine) / Mayer (Jean Christophe André)
549	0547	Mayer (Jean Christophe André) / Mayerne (Théodore Turquet de)
550	0548	Mayerne (Théodore Turquet de) / Maygrier (Jacques Pierre)
551	0549	Maygrier (Jacques Pierre) / Mead (Richard)
552	0550	Mead (Richard)
553	0551	Mead (Richard)
554	0552	Mead (Richard) / Meckel (Jean Frédéric)
555	0553	Meckel (Jean Frédéric)
556	0554	Meckel (Jean Frédéric) / Meckel (Philippe Frédéric Théodore) / Meckel (Jean Frédéric)
557	0555	Meckel (Jean Frédéric)
558	0556	Meckel (Jean Frédéric)
559	0557	Meckel (Jean Frédéric)
560	0558	Meckel (Jean Frédéric) / Meckel (Albrecht) / Médicus (Frédéric Casimir)
561	0559	Médicus (Frédéric Casimir)
562	0560	Médicus (Frédéric Casimir) / Meibom (Jean Henri)
563	0561	Meibom (Jean Henri) / Meibom (Henri)
564	0562	Meibom (Henri)
565	0563	Meibom (Henri) / Meibom (Brandanus)
566	0564	Meibom (Brandanus) / Melli (Sébastien) / Mende (Louis Jules Gaspard)
567	0565	Mende (Louis Jules Gaspard) / Menuret de Chambaud (Jean Jacques)
568	0566	Menuret de Chambaud (Jean Jacques) / Mercado (Louis)
569	0567	Mercado (Louis) / Mercuriali (Jérôme)
570	0568	Mercuriali (Jérôme)
571	0569	Mercuriali (Jérôme)
572	0570	Mercuriali (Jérôme)
573	0571	Mercuriali (Jérôme) / Mertens (Charles de) / Mery (Jean)
574	0572	Mery (Jean)
575	0573	Mery (Jean) / Mesnard (Jacques)
576	0574	Mesnard (Jacques) / Mésué
577	0575	Mésué / Metzger (Jean Daniel)
578	0576	Metzger (Jean Daniel)
579	0577	Metzger (Jean Daniel) / Meyserey / Mezler (François Xavier)
580	0578	Mezler (François Xavier)
581	0579	Michaelis (Chrétien Frédéric) / Michelotti (Pierre Antoine)
582	0580	Michelotti (Pierre Antoine) / Millar (John) / Millot (Jacques André)
583	0581	Millot (Jacques André) / Milman (sir Francis)
584	0582	Milman (sir Francis) / Minderer (Raymond) / Miquel (Antoine)
585	0583	Miquel (Antoine) / Moegling (Chrétien Louis)
586	0584	Moegling (Chrétien Louis) / Moehring (Paul Henri Gerhard)
587	0585	Moehring (Paul Henri Gerhard)
588	0586	Moehring (Paul Henri Gerhard)
589	0587	Moehring (Paul Henri Gerhard) / Moehsen (Johann Karl Wilhelm)
590	0588	Moehsen (Johann Karl Wilhelm) / Mohrenheim (Joseph)
591	0589	Mohrenheim (Joseph) / Molinelli (Pierre Paul) / Molinetti (Antoine)
592	0590	Molinetti (Antoine) / Mondino
593	0591	Mondino / Monro (Alexandre)
594	0592	Monro (Alexandre)
595	0593	Monro (Alexandre) / Monro (Alexandre)
596	0594	Monro (Alexandre) / Monro (Donald)
597	0595	Monro (Donald) / Montagnana (Barthélemy)
598	0596	Montagnana (Barthélemy) / Montano ou Da Monte
599	0597	Montano ou Da Monte
600	0598	Montano ou Da Monte / Monteggia (Jean Baptiste) / Montegre (Antoine François Jenin de)
601	0599	Montegre (Antoine François Jenin de) / Morand (Sauveur François)
602	0600	Morand (Sauveur François) / Morand (Jean François Clément)
603	0601	Morand (Jean François Clément) / Moreau (Réné)
604	0602	Moreau (Réné) / Moreau (de la Sarthe) (Jacques Louis)
605	0603	Moreau (de la Sarthe) (Jacques Louis)
606	0604	Moreau (de la Sarthe) (Jacques Louis)
607	0605	Moreau (de la Sarthe) (Jacques Louis) / Morgagni (Jean Baptiste)
608	0606	Morgagni (Jean Baptiste)
609	0607	Morgagni (Jean Baptiste) / Morton (Richard) / Moscati (le compte Pierre)
610	0608	Moscati (le compte Pierre)
611	0609	Moscati (le compte Pierre) / Moschion / Moseley (Benjamin)
612	0610	Moseley (Benjamin) / Motherby (George)
613	0611	Motherby (George) / Mudge (John) / Muller (Gerhard Andreas)
614	0612	Muller (Gerhard Andreas)
615	0613	Muller (Gerhard Andreas) / Muller (Jean Valentin)
616	0614	Muller (Jean Valentin) / Munnicks (Jean)
617	0615	Munnicks (Jean) / Muralt (Jean) / Murray (Jean André)
618	0616	Murray (Jean André)
619	0617	Murray (Jean André)
620	0618	Murray (Jean André) / Murray (Adolphe)
621	0619	Murray (Adolphe) / Mursinna (Chrétien Louis)
622	0620	Mursinna (Chrétien Louis) / Musgrave (Guillaume)
623	0621	Musgrave (Guillaume) / Musgrave (Samuel) / Musitano (Charles)
624	0622	Musitano (Charles) / Muys (Jean)
625	0623	Muys (Jean) / Muys (Wier Guillaume)
626	0624	Muys (Wier Guillaume) / Muzel (Frédéric Hermann Louis) / Mynors (Robert) / Myrepsus (Nicolas)
627	0625	Myrepsus (Nicolas)
628	0626	Nannoni (Ange)
629	0627	Nannoni (Ange) / Nannoni (Laurent)
630	0628	Nannoni (Laurent) / Navier (Pierre Toussaint)
631	0629	Navier (Pierre Toussaint) / Nebel (Christophe Louis)
632	0630	Nebel (Christophe Louis) / Nebel (Daniel Guillaume)
633	0631	Nebel (Daniel Guillaume) / Neifeld (Ernest Jeremie)
634	0632	Neifeld (Ernest Jeremie) / Nenter (George Philippe) / Nessi (Joseph)
635	0633	Nessi (Joseph) / Neubauer (Jean Ernest) / Nicolai (Ernest Antoine)
636	0634	Nicolai (Ernest Antoine)
637	0635	Nicolai (Ernest Antoine)
638	0636	Nicolai (Ernest Antoine)
639	0637	Niemeyer (Louis Henri Chrétien) / Nietzki (Adam)
640	0638	Nigrisoli (François Marie) / Nigrisoli (Jérôme)
641	0639	Nigrisoli (Jérôme) / Nihell (Elisabeth) / Nisbet (Guillaume)
642	0640	Nisbet (Guillaume) / Nolde (Adolphe Frédéric)
643	0641	Nolde (Adolphe Frédéric) / Nonnius (Louis)
644	0642	Nonnius (Louis) / Nonnus (Theophanes) / Noortwyk (Guillaume)
645	0643	Northcote (William) / Nuck (Antoine) / Nuernberger (Chrétien Frédéric)
646	0644	Nuernberger (Chrétien Frédéric) / Nysten (Pierre Hubert)
647	0645	Nysten (Pierre Hubert)
648	0646	Oberkamp (François Joseph de) / Oberkamp (François Philippe)
649	0647	Oberkamp (François Philippe) / Odier (Louis)
650	0648	Odier (Louis)
651	0649	Odier (Louis) / Oetinger (Ferdinand Christophe) / O'halloran (Sylvestre)
652	0650	O'halloran (Sylvestre) / Orlovius (André Jean) / Oribase
653	0651	Oribase
654	0652	Oribase / Orteschi (Pierre) / Osborn (William) / Osiander (Frédéric Benjamin)
655	0653	Osiander (Frédéric Benjamin)
656	0654	Osiander (Frédéric Benjamin)
657	0655	Osiander (Frédéric Benjamin)
658	0656	Osiander (Frédéric Benjamin) / Ould (Fielding)
659	0657	Paaw (Pierre) / Pacchioni (Antoine)
660	0658	Pacchioni (Antoine) / Paldanus (George Charles) / Palfin (Jean)
661	0659	Palfin (Jean) / Palladius
662	0660	Palladius / Pallas (Simon) / Pallas (Auguste Frédéric) / Palletta (Jean Baptiste)
663	0661	Palletta (Jean Baptiste)
664	0662	Palletta (Jean Baptiste) / Palloni (Gaetan) / Pallucci (Noel Joseph)
665	0663	Pallucci (Noel Joseph) / Panaroli (Dominique) / Paracelse
666	0664	Paracelse
667	0665	Paracelse
668	0666	Paracelse
669	0667	Paracelse
670	0668	Paracelse
671	0669	Paracelse / Paré (Ambroise)
672	0670	Paré (Ambroise)
673	0671	Paré (Ambroise) / Parent-du-Chatelet (Alexandre Jean Baptiste)
674	0672	Parent-du-Chatelet (Alexandre Jean Baptiste)
675	0673	Parent-du-Chatelet (Alexandre Jean Baptiste) / Parolino (François Roncalli)
676	0674	Parolino (François Roncalli) / Parr (Barthélemy) / Parry (Caleb Hillier)
677	0675	Parry (Caleb Hillier) / Parson (Jacques) / Pasta (André)
678	0676	Pasta (André) / Pasta (Joseph)
679	0677	Pasta (Joseph) / Patin (Gui)
680	0678	Patin (Gui) / Patuna (Barthélemy) / Paul d'Egine
681	0679	Paul d'Egine
682	0680	Paul d'Egine / Paulet (Jean Jacques)
683	0681	Paulet (Jean Jacques) / Paulisky (Henri Félix)
684	0682	Paulisky (Henri Félix) / Paulmier de Grentemesnil (Julien le) / Pearson (Georges)
685	0683	Pearson (Georges)
686	0684	Pearson (Georges) / Pearson (Richard)
687	0685	Pearson (Richard) / Pearson (Jean)
688	0686	Pearson (Jean) / Pechlin (Jean Nicolas)
689	0687	Pecquet (Jean) / Pelletan (Philippe Joseph)
690	0688	Pelletan (Philippe Joseph) / Pellier de Quengsy (Guillaume)
691	0689	Pemberton (C. R.) / Penada (Jacques) / Penna (Jean Jacques Guillaume de) / Percival (Thomas)
692	0690	Percival (Thomas)
693	0691	Percival (Thomas)
694	0692	Percival (Thomas) / Percy (Pierre François)
695	0693	Percy (Pierre François) / Perenotti di Cigliano (Pierre Antoine)
696	0694	Perenotti di Cigliano (Pierre Antoine) / Perfect (William) / Perrault (Claude)
697	0695	Perrault (Claude)
698	0696	Perrault (Claude)
699	0697	Perrault (Claude) / Petit (Jean Louis)
700	0698	Petit (Jean Louis)
701	0699	Petit (Jean Louis)
702	0700	Petit (Jean Louis) / Petit
703	0701	Petit / Petit (François Pourfour du)
704	0702	Petit (François Pourfour du)
705	0703	Petit (Antoine)
706	0704	Petit (Antoine) / Petit (Marc Antoine)
707	0705	Petit (Marc Antoine) / Petit-Radel (Philippe)
708	0706	Petit-Radel (Philippe)
709	0707	Petit-Radel (Philippe) / Peu (Philippe)
710	0708	Peu (Philippe) / Peyer (Jean Conrad)
711	0709	Peyer (Jean Conrad) / Peyrilhe (Bernard)
712	0710	Peyrilhe (Bernard) / Pezold (Jean Nathanael)
713	0711	Pezold (Jean Nathanael) / Pfann (Matthias George) / Pibrac (Gilles Bertrand)
714	0712	Pibrac (Gilles Bertrand) / Pichler (Jean Frédéric Chrétien) / Pierer (Jean Frédéric)
715	0713	Pierer (Jean Frédéric) / Piet / Pietsch (Jean Godefroy)
716	0714	Pietsch (Jean Godefroy) / Pigray (Pierre)
717	0715	Pigray (Pierre) / Pineau (Severin) / Pinel (Philippe)
718	0716	Pinel (Philippe)
719	0717	Pinel (Philippe)
720	0718	Pipelet (François) / Pipelet (Claude) / Piquer (André)
721	0719	Piquer (André) / Pison (Guillaume)
722	0720	Pison (Guillaume) / Pitschel (Frédéric Lebegott) / Planchon (Jean Baptiste)
723	0721	Planque (François) / Plater (Félix)
724	0722	Plater (Félix) / Platner (Jean Zacharie)
725	0723	Platner (Jean Zacharie) / Platner (Ernest)
726	0724	Platner (Ernest)
727	0725	Platner (Ernest) / Plaz (Antoine-Guillaume)
728	0726	Plaz (Antoine-Guillaume)
729	0727	Plaz (Antoine-Guillaume)
730	0728	Plaz (Antoine-Guillaume) / Plemp (Vopisque Fortuné) / Plenk (Jean Jacques)
731	0729	Plenk (Jean Jacques)
732	0730	Plenk (Jean Jacques) / Plenciz (Marc Antoine de)
733	0731	Plenciz (Marc Antoine de) / Plenciz (Joseph de) / Plessmann (Frédéric) / Ploucquet (Guillaume Godefroy)
734	0732	Ploucquet (Guillaume Godefroy)
735	0733	Ploucquet (Guillaume Godefroy)
736	0734	Ploucquet (Guillaume Godefroy)
737	0735	Pohl (Jean Christophe)
738	0736	Pohl (Jean Christophe) / Pointe (Honoré Joseph)
739	0737	Pointe (Honoré Joseph) / Poissonnier (Pierre Isaac)
740	0738	Poissonnier (Pierre Isaac) / Poissonnier des Perrières / Poitevin (Jacques)
741	0739	Poitevin (Jacques)
742	0740	Poitevin (Jacques)
743	0741	Poitevin (Jacques)
744	0742	Poitevin (Jacques)
745	0743	Poitevin (Jacques)
746	0744	Poitevin (Jacques)
747	0745	Poitevin (Jacques) / Pomme
748	0746	Pomme / Ponsart (G. B.) / Portal (Antoine)
749	0747	Portal (Antoine)
750	0748	Portal (Antoine)
751	0749	Portal (Antoine)
752	0750	Portal (Paul) / Portenschlag-ledermayer (Joseph de) / Porzio (Luc Antoine)
753	0751	Porzio (Luc Antoine) / Posewitz (Jean Frédéric Sigismond)
754	0752	Posewitz (Jean Frédéric Sigismond) / Pott (Percival)
755	0753	Pott (Percival) / Poupart / Pouteau (Claude)
756	0754	Pouteau (Claude) / Pressavin
757	0755	Pressavin / Primerose (Jacques)
758	0756	Primerose (Jacques) / Pringle (Jean)
759	0757	Pringle (Jean)
760	0758	Pringle (Jean) / Prochaska (George)
761	0759	Prochaska (George) / Prost (P.-A.)
762	0760	Prost (P.-A.)
763	0761	Prost (P.-A.) / Pugh (Benjamin) / Purcell (John) / Purmann (Matthias Godefroy)
764	0762	Purmann (Matthias Godefroy) / Pujol (Alexis)
765	0763	Pujol (Alexis) / Puzos (Nicolas)
766	0764	Puzos (Nicolas) / Pyl (Jean Théodore)
767	0765	Pyl (Jean Théodore)
768	0766	Quarin (Joseph de) / Quellmalz (Samuel Théodore)
769	0767	Quellmalz (Samuel Théodore)
770	0768	Quellmalz (Samuel Théodore) / Quesnay (François)
771	0769	Quesnay (François)
772	0770	Quincy (John)
773	0771	Racchetti (Vincent) / Raggi (Joseph) / Rahn (Jean Henri)
774	0772	Rahn (Jean Henri)
775	0773	Rahn (Jean Henri) / Ramazzini (Bernardin)
776	0774	Ramazzini (Bernardin) / Ranchin (François)
777	0775	Ranchin (François) / Raschig (Chrétien Eusebe)
778	0776	Rasori (Jean) / Ratte (Etienne Hyacinthe de)
779	0777	Ratte (Etienne Hyacinthe de)
780	0778	Ratte (Etienne Hyacinthe de)
781	0779	Ratte (Etienne Hyacinthe de)
782	0780	Ratte (Etienne Hyacinthe de)
783	0781	Ratte (Etienne Hyacinthe de)
784	0782	Ratte (Etienne Hyacinthe de)
785	0783	Ratte (Etienne Hyacinthe de)
786	0784	Ratte (Etienne Hyacinthe de)
787	0785	Ratte (Etienne Hyacinthe de) / Raulin (Joseph)
788	0786	Raulin (Joseph) / Ravaton (Hugues) / Raymond (Dominique) / Raymond (François)
789	0787	Raymond (François) / Razoux (Jean) / Read
790	0788	Read / Redi (François)
791	0789	Rega (Henri Joseph) / Rehmann (Jean)
792	0790	Rehmann (Jean) / Reichel (George Chrétien) / Reid (Thomas)
793	0791	Reid (Thomas) / Reil (Jean Chrétien)
794	0792	Reil (Jean Chrétien)
795	0793	Reil (Jean Chrétien) / Reinhard (Chrétien Tobie Ephraim)
796	0794	Reinhard (Chrétien Tobie Ephraim) / Reisseisen (François Daniel)
797	0795	Reisseisen (François Daniel) / Renard (Joseph Claude) / Retz
798	0796	Retz / Reuss (Chrétien Frédéric)
799	0797	Reuss (Chrétien Frédéric)
800	0798	Reuss (Chrétien Frédéric) / Revillon (Claude) / Rhazès (Abou-Beckr Mohammed ben Zacharia, connu sous le nom de)
801	0799	Rhazès (Abou-Beckr Mohammed ben Zacharia, connu sous le nom de)
802	0800	Rhazès (Abou-Beckr Mohammed ben Zacharia, connu sous le nom de) / Rhodius (Jean)
803	0801	Rhodius (Jean) / Rhumel (Jean Conrad)
804	0802	Rhumel (Jean Conrad) / Rhyne (Guillaume Ten)
805	0803	Richard de Hautesierk / Richter (George Gottlob)
806	0804	Richter (George Gottlob)
807	0805	Richter (George Gottlob)
808	0806	Richter (George Gottlob) / Richter (Auguste Gottlob)
809	0807	Richter (Auguste Gottlob)
810	0808	Richter (Auguste Gottlob) / Richter (George Auguste)
811	0809	Richter (Guillaume Michel de)
812	0810	Richter (Guillaume Michel de) / Riedlin (Gui) / Riedlin (Gui)
813	0811	Riedlin (Gui) / Riolan (Jean)
814	0812	Riolan (Jean)
815	0813	Riolan (Jean) / Rivière (Lazare)
816	0814	Rivière (Lazare) / Rivinus (Auguste Quirin)
817	0815	Rivinus (Auguste Quirin)
818	0816	Rivinus (Auguste Quirin) / Robbi (Jacques Henri)
819	0817	Roeber (Frédéric Auguste) / Roederer (Jean Georges)
820	0818	Roederer (Jean Georges)
821	0819	Roederer (Jean Georges)
