page	refimg	chapitre
[sans numérotation]	0001	[Page de titre]
[page blanche]	0002	
[sans numérotation]	0003	Préface
[sans numérotation]	0004	Préface
1	0005	Supplement pour servir au dictionnaire Oeconomique, contenant les moïens d'augmenter et conserver son bien et même sa santé / Abaisser / Abandonnement / Abaque / Abas / Abassi / Abatant
2	0006	Abatant / Abatures / Abavents / Abbaje / Abbecquer / Abdication / Abigeat / Able / Ableret / Abondance / Abonnement / Abordage / Aborder / Aboucouchou / Abougri / Abbréviations / Abreuvoir / Abreuver / Abricotier
3	0007	Abricotier / Abrohani / Abcés / Absent / Absinthe / Absolution / Absorbans / Abstenir / Abucco / Abukesb / Abus / Abysme / Acacia / Académie / Acanthe / Accélerer / Accensement / Acceptant
4	0008	Acceptant / Acceptilation / Accesoire / Accise / Accolade / Accord / Accouchement / Accouplement / Accusation / Accuts / Acerer / Achalander / Acharner / Achat / Ache
5	0009	Ache / Acheter / Achevement / Achiotl / Acier / Aconit / Acoudoir / Acquéreur / Acquets / Aquiescement / Acquisition / Acquit / Acre / Acrements / Acroissement
6	0010	Acroissement / Acroteres / Acte / Action
7	0011	Action / Actuel / Adapter / Adarme / Adatis / Addition
8	0012	Addition / Adirer / Adition
9	0013	Adition / Adjudication / Administrateurs / Admonester / Adolescense / Adoption / Adoucir / Adouée / Adresse / Adulte / Aem / Aeolypiles / Aethiops / Affaire
10	0014	Affaire / Affaitage / Affermer / Affiche / Affier / Affirmation / Affoiblir / Afforage / Affourer / Affretement / Affriander / Affronter / Affust / Agacement / Agaric / Age / Agenda / Agens / Agio
11	0015	Agio / Agioter / Agito / Aggréer / Aggresseur / Agneau / Agneler / Aiguail / Aiguille / Ainesse / Ajournement / Air / Airain / Aire
12	0016	Aire / Airelle / Ais / Aisance / Aisseau / Albatre / Alberge / Albertus / Albran / Albrené / Alcove / Alesnier / Alethe / Alexipharmaque / Aleu / Alezan / Alfandiga / Algébre / Aliaire / Alibanies / Aliénation / Alier / Alimens / Alimus / Aliquante
13	0017	Aliquante / Alisier / Alkekenge / Alkermes / Allege / Allégéas / Alleluya / Aller / Alleveure / Alliage / Alliance / / Allonge / Alloé
14	0018	Alloé / Allouer / Alloi / Allumelle / Almadie / Almanach / Almene / Almonde / Aloes / Aloyau / Alphabet / Alquier / Altimétrie / Altin / Alude / Alun / Alzan / Amaigrir
15	0019	Amalgame / Amande / Amaranthe / Amarque / Amarer / Amassette / Amatir / Amaurose / Ambiguité / Ambligone / Ambliopie / Amboutir / Ambre / Ambrosie / Ambulant / Améliorations
16	0020	Améliorations / Aménage / Amendable / Amender / Ammeublissement / Ami / Amiral
17	0021	Amiral
18	0022	Amiral
19	0023	Amiral / Amitié / Ammi / Amodiateur / Amodiation / Amont / Ammortissement / Ampasteler / Amphyprostyle / Amphythéatre / Amphore / Ampliation / Amulette / Anagros
20	0024	Anagros / Anatocisme / Anatron / Ances / Anchois / Anchue / Ancien / Ancrage / Ancre / Andouillettes / Ane / Année / Anemoscope / Aneurisme / Angaa / Ange / Angélique / Angelot / Angéographie / Anguille
21	0025	Anguille / Anguiliere / Angle / Animal / Anis / Annoblissement / Annuller / Anodin / Anodines / Anonyme / Antenne / Antes / Antora / Antichambre / Antichrese
22	0026	Antichrese / Anticiper / Antidate / Antipathie / Antipleurétiques / Antique / Anticorbutiques / Antrax / Aouter / Apanage / Apater / Apathie / Apercher / Aplomb / Apogée / Apologie / Apoltronir / Apoplexie
23	0027	Apoplexie / Apostille / Apostumes / Apoticairerie / Apozeme / Appareil / Apparier / Appartement / Appas / Appel
24	0028	Appel / Appentis / Appétit / Application / Appoint / Apport / Appréciation / Apprenti
25	0029	Apprenti / Approcher / Appurer / Appui / Aprêtes / Aqua-Stygia / Aquila-Alba / Aquilon / Arabe / Araignées / Arbalesters / Arbitrage
26	0030	Arbitrage / Arbre
27	0031	Arbre / Arc / Arcenal / Archal / Archesype / Architecture
28	0032	Architecture
29	0033	Architecture / Architrave / Archives / Ardent / Ardillon / Ardoise / Arecium / Areca / Arène / Aréostyle / Aréotectonique / Aréotique / Arer / Arestes / Arganeau / Argémone / Argent
30	0034	Argent / Arguer / Aridas / Aristoloche / Arithméticien / Armateur / Armillaire / Armoire / Armoniac / Armure
31	0035	Armure / Aromatiques / Aromatization / Aronde / Arpent / Arquebuse / Arrachement / Arrachis / Arramer / Arrang / Arras / Arrasement / Arrentement / Arrérages / Arres / Arrêt
32	0036	Arrêt / Arrher / Arriereban / Arriere-fief / Arrierer / Arrimer / Arriser / Arrosement / Arsirole / Article / Articulaire 
33	0037	Artifices / Artillerie / Artimon / Artique / Artison / Artiste / Artrique / Artrodie / Artron / Arum / Asarine / Asarum / Asbeste / Ascarides / Ascendans / Asclepias / Asile / Aspalathe / Aspect / Asphodel / Aspic / Aspirant
34	0038	Aspirant / Assemblage / Assemblées / Assesseurs / Assiente
35	0039	Assiente / Assiette / Assignat / Assignation / Assises / Assistance / Association / Assortiment
36	0040	Assortiment / Assurance / Asterime / Astragale / Astrolabe / Atelle / Ateloire / Atérage / Atérir / Atermoyement
37	0041	Atermoyement / Atlas / Atre / Attelier / Attentat / Attentes / Attestations / Attique / Attitude / Attribution / Aval
38	0042	Aval / Avalaison / Avalanche / Avalant / Avaler / Avance / Avanie / Avant / Avaries
39	0043	Avaries / Aubaine / Aubepine / Audiance / Auditeur / Aveline / Avenir / Aventices / Avertissemens / Aveu / Avictuaillement / Avis
40	0044	Avis / Aviver / Augment / Aumones / Aunage
41	0045	Aunage / Avocats
42	0046	Avocats / Avoir / Aurore / Autel / Autorisation / Axe / Aydes / Ayeul / Ayri / Aze / Azime / Azimuth / Azot / Azoufa / Azur
43	0047	Bac / Baccaris / Bachelier / Bachot / Baculometrie / Badelaire / Badigeon / Bagues / Baguette / Baie / Baignoire / Bail
44	0048	Bail
45	0049	Bail / Bailliage / Baillifs
46	0050	Baillifs / Bains / Bajoire / Bajoque / Balances
47	0051	Balances / Balancier / Balay
48	0052	Balay / Balazées / Balcon / Baldaquin / Balevre / Balise / Baliste / Balustrade / Balutre / Ban / Banalité / Bananier / Banc / Bandage / Bandeau / Bander / Bandereau / Banderole / Bandins / Bane / Baneret / Baniere / Banilles / Bannissement
49	0053	Bannissement / Bans / Banquette / Baptistaire / Baraque / Barat / Barbacane / Barbe / Barbotine / Barde / Bardelle / Bardeur / Bardot / Baret / Barge / Barguigner / Barillage / Barillet / Barique / Barlong / Baronnie / Barque / Barquette / Barracan / Barrage / Barre
50	0054	Barre / Barrots / Barroque / Bas
51	0055	Bas / Basane / Basbord / Base / Basilique / Basin / Basque / Basse / Bassin / Bassine / Bastardeau / Basti / Bastille / Bastide
52	0056	Bastion / Batard / Bateme / Bâtiment / Batir
53	0057	Batir / Baton / Batiste / Battans / Batte / Battelement / Batterie / Battoir / Battre / Baudroyeur / Baudruche / Bauche / Baume
54	0058	Baume / Baupré / Bavette / Bavoché / Bavocher / Baye / Bayettes / Bayles / Bazac / Bazar / Bazoche / Bdellium / Beaucaire
55	0059	Beaucaire / Beau-partir / Beby / Bec / Beccabunga / Beccasse / Béchiques / Béchen ou Béen / Béfray / Bégu / Beige / Belette / Béledin / Bélinge / Belveder / Belle
56	0060	Ben / Bénéfice / Bénédiction / Bénitier / Benjoin / Benoite / Béquillon
57	0061	Béquillon / Bérams / Berceau / Bergame / Berle / Besaigue / Besogne / Bestiaux / Bétail
58	0062	Bétail
59	0063	Bétail / Bêtes / Bétilles / Bétoine / Beugle / Beurrier / Bia / Biais / Biambonées / Bichet / Bichon / Bicqueter / Biens
60	0064	Biens / Bierre / Bigarde / Bigame / Bigorne / Bijon / Bijou / Bil / Bilboquet / Bille / Billet
61	0065	Billet / Billon
62	0066	Billon / Billos / Bimauve / Bimilion / Binard / Binet / Bis / Bisage & Réparage / Biscuit / Bisée / Biser / Bisette / Biseurs ou Répareurs / Bisquains / Bisti / Bistorte / Bistre / Bitor / Bittes / Bitume / Blanc
63	0067	Blanc / Blame / Blancards / Blanchiment
64	0068	Blanchiment / Blancherie / Blanquette / Blason
65	0069	Blason / Blaspheme / Blastier / Blé / Blessé / Bleu / Bleuir
66	0070	Bloc / Bluet / Bluteau / Bobaque / Bobeche / Bobines / Boeuf / Boete / Boie / Boisselée / Bois
67	0071	Bois
68	0072	Bois / Bol / Bolzas / Bombazin / Bomerie / Bon-Henri / Bord / Bordelage / Bordure / Borne
69	0073	Bossage / Bosse / Botris / Boucan / Bocassin / Boucaut
70	0074	Boucaut / Bouchet / Bouche et Mains / Bouchons / Boudin / Bouer / Bouge / Bougette / Bougran / Bouillon
71	0075	Bouillon / Boulanger
72	0076	Boulanger / Boule / Bouleau
73	0077	Bouleau / Boulin / Bouli / Boulinis / Boulons / Bouquetier / Bouracan / Bourdaloue / Bourdelage / Bourdon / Bourgeois
74	0078	Bourgeois / Bourrache / Bourre / Bourreliers / Bourse
75	0079	Bourse / Bousilage / Bousin / Bout / Boutanes / Boutargue / Boute / Bouteille
76	0080	Bouteille / Boutique / Boutisse / Bouton / Bouture / Bouvement / Bouvet / Boyaudiers / Bracelet
77	0081	Bracelet / Brancard / Branches / Brandons / Branloire / Brasserie / Bray / Bréand / Bréaune / Bréche / Bref / Breluche
78	0082	Breluche / Bremme / Brequins / Breter ou Breteler / Brevet / Brider / Brigue / Brins / Brique / Briseglace / Bris / Broc / Brocanteur / Brocard / Brochet / Brochure
79	0083	Brochure / Broderie / Bronze / Brosse
80	0084	Brosse / Brossier / Brou / Brouette / Brouillard / Broyer / Brugnoles / Brulure / Brunelle / Brunir
81	0085	Brunissoir / Brunissure / Brut / Bryone / Buanderie / Bucher / Bufet / Buffle / Bugle / Buglose / Bugrande / Buhot / Bulles / Bule ou Gros bon / Boura
82	0086	Boura / Burail / Buratte / Buratine / Bure / Bureau / Busse / Buste / Buter / Buveau
83	0087	Cabaliste / Cabinet / Cachet / Cachos / Cachou / Cadastre / Cadavre / Cadis / Cadran
84	0088	Cadran / Cadre / Caffa / Caffard / Caffila / Caille / Caillot-Rosat / Cailloux / Caissier / Calladaris / Calandre / Calcination / Calcul
85	0089	Calcul / Calomnie / Calquer / Camayeu / Cambiste / Cambouis / Cambrasines / Cambray / Caméléon / Caméléopard / Camelot / Camisole / Camp à Siam / Campane / Camphre / Canal
86	0090	Canal / Canard 
[sans numérotation]	0091	Canard
87	0092	Canardière / Cancellation / Cancer / Canelade / Canepin / Canetille / Canefas / Canne / Canneleures / Canon / cantarides / Capacité
88	0093	Capacité / Capillaire / Capital / Capitation / Capiton / Capitoux / Capitulaire / Capre / Captivité / Capture / Caque / Car tel / Caracol / Caractère / Carafe / Caragi / Caramel / Carat / Caravane
89	0094	Caravane / Carbatine / Cardeur / Cardialgie / Cardiaque / Cardinaux / Carence / Carie / Carminatif / Carnation / Carné / Carnet / Carnosité / Caroline / Carolus / Caroncules / Carotides / Carouge / Carreau
90	0095	Carreau / Carrelettes / Carreleur / Carrier / Carrobe / Carrousel / Carrure / Cartame / Carte / Cartelle / Cartilage / Cartisane / Carton / Cartouche / Cartulaires / Cas / Cascane / Casemate / Caserne / Cassa / Cassation / Casse / Cassidoine / Cassonade / Castillan
91	0096	Castillan / Casuel / Catafalque / Catalotique / Cataplasme / Cataracte / Cateux / Cathartique / Catir / Catisseur / Caudebec / Cause / Caustique / Cautele / Cautére / Caution
92	0097	Caution / Cayer / Cédant / Cédon / Cédérac / Cédre / Cédule
93	0098	Cédule / Ceinture / Célébration / Célibat / Cémentation / Cens
94	0099	Cens / Censal / Censure / Centaurée / Cep / Céphalalgie / Céphaliques / Céphalopharingiens / Cerat / Cercelle / Cerisier / Certain / Certificat
95	0100	Certificat / Cervelle / Ceruse / Cession / Chablis / Chabot / Chacelas / Chaîne
96	0101	Chaîne / Chair / Chaires / Chainette / Chalandise / Chamberlan / Chambre
97	0102	Chambre / Chameau / Chamois
98	0103	Chamois / Champ / Champan / Champart / Champignon / Chancelier / Chancre / Chandelle / Chanfrin / Change / Chanlate / Chanoines / Chanteau / Chante-pleure / Chantier / Chantignoles / Chantourner / Chanvre
99	0104	Chanvre / Chapelle / Chaperon / Chapiteau / Chapitre / Chapon / Charbon / Chardon
100	0105	Chardon / Chardonneret / Chardonnette / Charge / Charger / Charpente / Charrier / Charrue / Charte partie
101	0106	Charte partie / Chartre / Chasse / Chassis / Chasteté / Chasublier / Chataignier / Chatelet
102	0107	Chatelet / Chat-Putois / Chauderonnier / Chaufecire / Chausser / Chaux / Ceaux / Chef
103	0108	Chef / Chelidoine / Chemin / Cheminée / Chenal / Cheneau / Chenille / Cheptel / Cheval
104	0109	Cheval / Cheveux / Chèvre / Chevreuil / Chevrette / Chevrotine / Chicorée / Chien
105	0110	Chien / Chiffonier / Chiffres / Chiragre / Chiromancie / Chirurgien / Choix / Coix d'Heritier / Cholidoque / Chondrille / Chopine / Chorion / Chorographie / Choses / Choucas / Chouette
106	0111	Chouette / Chouquet / Choux / Chronologie / Chrysolite / Chrysuléa / Chute / Cicatriser / Ciclamen / Ciclamor / Cicle / Cicutaire / Cigne / Cigogne / Cigue / Cimbalaria / Ciment / Cimole / Cinération / Cintre / Circonstances
107	0112	Circonstances / Circulation / Cire / Ciroene / Ciron / Cirsocéle / Cirure / Citation / Citerne / Citronier / Civette / Civilisation / Clameur / Clarine / Claveau / Clavicule / Clauses
108	0113	Clauses / Clayonage / Cleché / Clematis / Clematite / Cleragre / Clercs / Clergé / Clérical / Cléricature / Climatérique / Clinoides / Clistere / Clocher / Cloporte / Clorre / Clou / Cluse / Coadjuteurs / Coailles
109	0114	Coche / Cochevis / Cochon de lait / Coco / Code / Codécimateurs / Codicille
110	0115	Codicille / Coeur / Cofin / Cohéritiers / Coignassier / Coing / Colature / Colique / Collataire / Collateur / Colle
111	0116	Colle / Collecteur / College / Coller / Collet / Colletin / Collation / Colomne / Colonie
112	0117	Colonie / Colophone / Colorantes / Colosse / Comble / Commandataire / Commensaux / Commentaire
113	0118	Commentaire / Commerce
114	0119	Commerce / Commettant / Comminatoire / Commis / Commissaires
115	0120	Commissaires / Commission / Committimus / Committitur / Commodat
116	0121	Commodat / Communauté / Communication / Commutation / Compact / Compagnie
117	0122	Compagnies / Comparaison / Compartiment / Compartiteur / Comparution / Compensation
118	0123	Compensation / Compétence / Complainte
119	0124	Complainte / Complice / Compromis / Comptable 
120	0125	Comptable
121	0126	Comptable / Comtoir / Compulsoire / Conarium / Concession / Concierge / Concile
122	0127	Concile / Conciliabule / Conclurre / Conclusion / Concombre / Concordat / Concours
123	0128	Concours / Concrétion / Concubinage / Concurrence / Concussion / Condamnation / Condensans / Condescendre / Conditions
124	0129	Conditions / Conduite / Confection / Confession / Confidence / Confiscation
125	0130	Confiscation / Conflit / Conforte-main / Confrairie / Confrontation / Confusion / Congé / Congeler / Connoissement / Conquests / Coseil
126	0131	Coseil / Conseil / Consentement / Conservateurs
127	0132	Conservateurs / Consignation / Consistoire / Consolidation / Consoude / Constipation / Constitut / Consuls / Contestation / Contradicteur
128	0133	Contrainte / Contrarieté / Contrat / Contrayerva
129	0134	Contrayerva / Contre
130	0135	Contre / Contribution / Controlle / Contumace / Contumax / Contusions / Convalescens / Convention
131	0136	Convention / Conversion / Convulsion / Coobligé / Copartageant / Copie / Copreneur / Copropriétaire / Coq / Coquelicot / Corail / Cordial / Cormier / Corne
132	0137	Corne / Corniche / Cornue / Corps / Correcteurs
133	0138	Correcteurs / Correspondant / Corrigiole / Corrosif / Corvées / Cote / Couleur
134	0139	Couleur / Coulis / Coup / Coupe / Coupelle / Couperose / Coupures / Cour
135	0140	Cour / Coureur / Couronnement / Courroy / Courtier
136	0141	Courtier / Coussinet / Couster / Coutumes
139	0142	Coutumes / Couvains / Couverture / Crainte / Crampe / Crampons / Crapaudine / Crapaux / Craquelins / Craye / créance
140	0143	Créance / Crèche / Crème / Crèpe / Cresson / Crètes / Creux / Cri
141	0144	Crime / Crinier / Crise / Cristal / Croisé / Croisette / Croissances / Croler / Crone / Croquer / Croquet / Crossettes / Croupe
142	0145	Cru / Crudité / Cryptoportique / Cu / Cucuphes / Cueillie / Cuisine / Cuisse / Cuivre / Culée / Culiere / Culot / Culotte / Cumin
143	0146	Cumin / Curateur / Cure / Cuve / Cymaise
144	0147	Daalder / D'accord / Daim / Dais / Dalles / Dalmatique / Damas
145	0148	Damas / Damasquiner / Damassure / Dame / Danse
146	0149	Danse / Darce / Dardanaires / Dards / Dataire / Date / Dative / Dattes
147	0150	Dattes / Dauphin / De / Débacleur / Debarquement / Débats / Débit
148	0151	Débit / Débitis / Débouillir / Déboursé / Debout
149	0152	Debout / Débouter / Debris / Déception / Décerner / Décès / Décharge / Déchu / Décimateur
150	0153	Décimateur / Décimes / Décisions / Déclaration
151	0154	Déclaration / Déclinatoire / Décoction / Décombres / Décompte / Déconfiture
152	0155	Déconfiture / Décorateur / Décret / Décretale
153	0156	Décretale / Decri / Décruement / Décrusement / Décurion / Dédale / Défaillance / Défaut
154	0157	Défaut / Défence / Défendeur / Deffenses / Définitif / Définition
155	0158	Définitions / Défrutum / Dégagement / Dégorgement / Dégout / Dégradation
156	0159	Dégradation / Dégradé / Dégraissement / Dégravoyement / Degré
157	0160	Degré / Dégrossir / Déguerpissement / Délaissement / Délégation
158	0161	Délégation / Délester / Délibation / Délibération / Délinquant
159	0162	Délinquant / Déliter / Délivrance / Délongir / Demande
160	0163	Demande / Démangaison / Démembrement / Démence / Demeure
161	0164	Demeure / Demi / Démission
162	0165	Démission / Démolir / Démonstration / Démonter / Dénégation / Dénéraux
163	0166	Dénéraux / Déni / Dénier / Dénombrement
164	0167	Dénominateur / Dénommer / Dénonciateur / Dénotation / Dénouer / Denrée
165	0168	Denrée / Dent / Dentrifiques / Départ / Départager / Département / Départir
166	0169	Départir / Depens / Dépilatoire / Déport / Déposant / Dépôt
167	0170	Dépôt / Déprédation / Dépri / Dépuration / Député / Dérober / Dérocher / Dérogation
168	0171	Dérogation / Déreompre / Dérouiller / Désavantage / Désaveu / Désavouer / Desaveu
169	0172	Desaveu / Descendant / Descendre / Décharge
170	0173	Décharger / Découvert / Désertion / Deshérence
171	0174	Desheriter / Désignation / Desincorporer / Désistement / Dessaler / Dessicatifs / Dessein
172	0175	Dessein / Destination / Destitution / Détail / Détalage / Déteint
173	0176	Déteint / Détention / Détersifs / Détonation / Dettes / Devers / Devis / Devidoir
174	0177	Devidoir / Deviser / Devoir / Dévolut
175	0178	Dévolut / Dévolution / Diabette / Diacre / Diaconie / Diagrede / Diamans
176	0179	Diamans
177	0180	Diamans / Diamètre / Diaphorétiques / Diarrhée / Diatessaron / Dictum / Diette / Diffamatoire / Différent / Difinitif
178	0181	Digeste / Dignité / Dilatoire / Diligence / Diminution / Dimissoire
179	0182	Dimissoire / Dindes / Dinenderie / Diocèse / Dire / Directe 
180	0183	Discipline / Discrédit / Discussion / Disjonction / Dispense
181	0184	Dispense / Disposition / Dissenterie
182	0185	Dissenterie / Dissolution / Distillateur
183	0186	Distillateur / Distinction / Distraction
184	0187	Distraction / Distribution / Divis / Division
185	0188	Division / Divorce / Diurétique / Dix
186	0189	Dix / Dixme / Docteur / Doge / Dogme / Doienné / Dol
187	0190	Domaine / Dôme / Domicile
188	0191	Domicile / Dominotier / Dommages et Intérêts / Don
189	0192	Don
190	0193	Don
191	0194	Don / Donjon / Dorées
192	0195	Dorées
193	0196	Dorées / Dormant / Doronie / Dortoir / Dos-d'ane / Dosses / Dosserets / Dossier / Dot / Douaire
194	0197	Douaire / Douane / Doubleaux / Double lien / Doucine / Douillage / Douleurs de dents / Douve / Drague
195	0198	Drague / Drap
196	0199	Drap
197	0200	Drap / Drayer / Dresser / Drogman
198	0201	Drogman / Droit
199	0202	Droit
200	0203	Droit
201	0204	Droit
202	0205	Droit / Drouineur / Drosseurs / Duc
203	0206	Duc / Ducat / Ducaton / Duché / Duel / Duplicata / Dur / Durée / Dureté / Duvet
204	0207	Duvet / Dyssenterie
205	0208	Eaux
206	0209	Eaux
207	0210	Eaux / Ebéniste
208	0211	Ebéniste / Ebertauder / Ebouqueuses / Ebourgeonne / Ebousiner / Ebullition / Ecaler / Ecarlate / Ecclésiastiques
209	0212	Ecclésiastiques / Echange
210	0213	Echange / Echauler / Echelle / Echevins
211	0214	Echevins / Echiquier / Eclaire / Eclanche / Ecoliers
212	0215	Ecoliers / Economie / Ecorces / Ecorchures / Ecrevisse / Ecrire / Ecroue / Ecurie / Ecuyer / Ederdon
213	0216	Ederdon / Edile / Edit / Education / Effervescence / Effets / Effeuiller / Effigie
214	0217	Effigie / Effiler / Eglantier / Eglise / Egriser / Elargissement / Electeur
215	0218	Electeur
216	0219	Electeur / Electuaire / Elixir / Emancipation
217	0220	Emancipation / Emballeur / Emboire / Embordurer
218	0221	Embordurer / Embrasure / Embrocation / Embruncher / Emender / Emétique / Emeu / Eminence / Emir / Emissaire / Emmenagement
219	0222	Emménagement / Emolument / Emotion / Empanon / Empereur / Empeschement / Emphytéose
220	0223	Emphytéose / Empiéter / Emplâtre
221	0224	Emplâtre / Empois / Empoisonner / Empreinte / Emprunt
222	0225	Emprunt / Emulsion / Enarrement / Encens composé / Enchaperoner / Enchere / Enchérir / Enclave
223	0226	Enclave / Encre / Endossement / Enduire / Enfans
224	0227	Enfans / Enflure / Enfoncer / Engagement
225	0228	Engagement / Engagiste / Engalage / Engelure des pieds / Engin / Engorgement / Engrelure / Enjoliveur / Enluminure
226	0229	Enluminure / Enquête / Enregistrement / Enrollement / Enrouement
229	0230	Ensaisiner / Enseigne / Ensimer / Enter / Entes / Entérinement / Enterremens
230	0231	Enterremens / Entorse / Entrée / Entrevoux / Entremetteur / Entrepost / Entrepreneur
231	0232	Entrepreneur / Entretoise / Enveloppe / Envers / Enula Campana / Epaississantes / Epaves / Epaule / Epaulées / Epeautre / Epée / Eperlan / Ephore / Epices
232	0233	Epices / Epilepsie / Epine / Episcopat / Epistyle / Epitaphe / Epithalame / Epure
233	0234	Epure / Equarissage / Enquestre / Equinoxe / Equipollent / Equité / Equivalent / Equivoque / Errata / Errements / Erreur
234	0235	Erreur / Esbauche / Esboulement / Escacher
235	0236	Escacher / Escalier / Escarpe / Eschafaudage / Eschafaut / Eschanson
236	0237	Eschanson / Eschantillon / Eschanvrer / Eschapatoire / Eschapper / Escharner / Echarseté
237	0238	Echarseté / Eschasses / Eschéance / Eschelle / Escheveau / Eschiffre / Eschope
238	0239	Eschope / Esclame / Esclavage / Escluse / Escorce / Escortable / Escourgeon / Escrime
239	0240	Escrime / Escriture
240	0241	Escriture / Escrouir / Escru / Escumer / Escurer / Escuelle
241	0242	Escuelle / Escurie / Esgout / Esgrilloir / Esloignement / Esmailleur
242	0243	Esmailleur / Esmettre / Esmier / Espacement / Espargne
243	0244	Espargne / Especes / Esperonnier / Espice
244	0245	Espice
245	0246	Espice / Espincelleuses / Espingle
246	0247	Espingle
247	0248	Espingle / Esplanade / Esplucheuses / Espoule / Espoulin / Espoutieuse / Espousaille / Espreuve / Esprit
248	0249	Esprit / Esprouvete / Espure / Esquarrissage / Esquinancie / Esquisse / Essai
249	0250	Essai / Essim / Essences / Establi / Estaim / Estalage
250	0251	Estalage / Estalonnement / Estame / Estamine
251	0252	Estamine / Estampe / Estape / Estateur / Estau / Estaye / Esteinte / Estelin / Estendoir
252	0253	Ester / Estimation / Estoc / Estoffé
253	0254	Estoffé
254	0255	Estoffé / Estoile / Estole / Estomac / Estomber / Estouffoir / Estoupe / Estragon / Estrasse / Estreignon
255	0256	Estreignon / Estrenne / Esturgeon / Etat
256	0257	Etat / Et caetera / Eternuement
257	0258	Eternuement / Etiquette / Ethysie / Etoffe / Etourneau / Etrangers
258	0259	Etrangers / Etude / Etymologie / Evaluation / Evangéliste
259	0260	Evangéliste / Evaporer / Event / Eventail
260	0261	Eventail / Eventailliste / Eventaire / Events / Evêque
261	0262	Evêque / Evider / Evier / Evincer / Evocation
262	0263	Evocation
263	0264	Evocation / Evuider / Eufraise / Eupatoire / Euphorbe / Exaction / Exagerer / Examen
264	0265	Examen / Exarque / Excathédra / Exceder / Excellence / Exception
265	0266	Exception / Exciper / Excise / Exclusif
266	0267	Exclusif / Excommunication / Excommuniement
267	0268	Excommuniement / Excommunié / Excompte / Excoriation / Exécution / Exemplaire
268	0269	Exemplaire / Exemple / Exemption
269	0270	Exemption / Exercice / Exhaussement
270	0271	Exhaussement / Exhérédation / Exhiber / Exigence
271	0272	Exigence / Exoine / Exorcisme
272	0273	Exorcisme / Expectatives / Expédient
273	0274	Expédient / Expedier / Expéditif / Expérience / Exploit
274	0275	Exploit / Explorateur / Exponce / Exposition / Expression
275	0276	Expression / Expulsion / Extant / Extension / Extinction / Extirper
276	0277	Extirper / Extispice / Extorsion / Extra / Extraction / Extrados / Extrait
277	0278	Extrait / Extraordinaire / Extra Tempora / Extravagantes / Extrême-onction
278	0279	Extrême-onction / Extrinsèque / Exubérance / Ex voto
279	0280	Ff / Fabrique / Façade / Facetter
280	0281	Facetter / Façon / Facteur / Factum / Faculté / Faillite
281	0282	Faillite / Faire / Faisan / Faiseur
282	0283	Faiseur / Faiste /  Fait
283	0284	Fait / Falcidie / Falsification / Familier
284	0285	Famillier / Fanatiques
285	0286	Fanatiques / Farce / Fard / Farine / Farthing / Fastes / Faveur
286	0287	Faveur / Faucilles / Faux
287	0288	Faux / Fauvette / Fayance / Féal / Fébrifuge / Felle / Félonie / Femmes
288	0289	Femmes / Fenestrage / Fenêtre / Fenouil / Fenugrec / Féodal
289	0290	Féodal / Fer
290	0291	Fer
291	0292	Fer / Ferales / Feries
292	0293	Feries / Fermaille / Ferme
293	0294	Ferme / Fermier / Ferre / Ferrure / Festes
294	0295	Festes / Feston / Feu artificiel / Feuilles / Feuillure / Fiançailles
295	0296	Fiançailles / Fiche / Fiction / Fideicommis
296	0297	Fideicommis / Fidejusseur / Fief
297	0298	Fief
298	0299	Fief / Fiel / Fièvre / Figuier
299	0300	Figuier / Figure / Fil / Filandres / Filardeux / Filet / Filiation / Filière / Filleul
300	0301	Filleul / Fils / Fille / Fin / Finance
301	0302	Finance / Fins / Fisc
302	0303	Fisc / Fiscal / Fixation / Flamines
303	0304	Flamines / Flanelle / Flèches / Fleurs / Flore / Flux de sang / Fluxion / Foi et Hommage
304	0305	Foi et Hommage
305	0306	Foi et Hommage / Foin / Foire
306	0307	Foire / Fol / Folie / Fomentation / Fondation
307	0308	Fondation
308	0309	Fondation / Fondre / Fontaine
309	0310	Fontaine / Fontange / Fonte / Fontinailles / For
310	0311	For / Forains / Forage / Forban /  Forçat / Force
311	0312	Force / Forceau / Forces / For-clos / Forest
312	0313	Forest / Forfaiture / Forge / Forligner / Formalitez
313	0314	Formalitez / Formariage / Forme
314	0315	Forme
315	0316	Forme / Formulaire
316	0317	Formulaire
317	0318	Formulaire / Fortifians / Fortune
318	0319	Fortune
319	0320	Fortune / Fosse
320	0321	Fosse / Fou / Fouet / Fougère / Fouilles / Foule
321	0322	Foule / Foulon / Four / Fourberie / Fourches / Foureurs / Fourneau / Fournir
322	0323	Fournir / Fournitures / Foy / Foye
323	0324	Foye / Fragmens / Frais / Fraisier / Franc-aleu
324	0325	Franc-aleu / Franc et quitte / Franc-fief
325	0326	Franc-fief / Frang-salé / Franchise / François / Fratricide / Fraude
326	0327	Fraude / Fray / Fréne / Frénésie / Frères / Fret
327	0328	Fret / Fricandeaux / Frippier / Frocs / Fromage
328	0329	Fromage / Froment / Front
329	0330	Front / Froncles / Frontaux / Frontières / Frontispice / Fronton / Frugalité
330	0331	Frugalité / Fruit
331	0332	Fruit / Fuite / Fulminant / Fulmination / Fumage / Fumiger / Funambule
332	0333	Funambule / Funèbre
333	0334	Funèbre
334	0335	Funèbre / Funérailles / Furie
335	0336	Furie / Furieux / Furine / Furtif / Furoncle / Fusarole / Fuseaux / Fusibles / Fusil / Fust / Fustaille
336	0337	Futaye / Fute / Futurs
337	0338	Gabelle
338	0339	Gabelle
339	0340	Gabelle / Gabion / Gache / Gacher / Gage
340	0341	Gage
341	0342	Gage
342	0343	Gage / Gagnages / Gaiac / Gagner / Gagne denier / Gain
343	0344	Gain / Galanterie / Galbanum / Galbe / Gale / Galega / Galères
344	0345	Galères / Galerie
345	0346	Galerie / Galetas / Galette / Galipot / Galon / Gangréne / Gantelée / Gants / Garance / Garantie
346	0347	Garantie
347	0348	Garantie / Gardefou
348	0349	Gardefou / Garde-noble
349	0350	Garde-noble / Garde-notes
350	0351	Garde-notes / Garde / Gardon / Garence / Garenne / Gargarisme / Gargouille
351	0352	Gargouille / Garni / Garnison / Gauche
352	0353	Gauche / Gaude / Gaudron / Gaulois / Gazette
353	0354	Gazette / Gazon / Géant / Gelée
354	0355	Gelée / Gélinotte / Généalogie / Général
355	0356	Général / Génération / Générosité
356	0357	Générosité / Genevre
357	0358	Genevre / Genie
358	0359	Genie / Gens
359	0360	Gens / Gentiane / Gentil-homme
360	0361	Gentil-homme / Géographie / Géolier / Géométral / Géranium / Gerbe / Germain
361	0362	Germain / Germination / Gérofle / Gersé / Gesne / Gestion / Gibier / Giboyer / Gingembre / Gingeolier
362	0363	Gip / Girandole / Girofle / Giron / Girouette / Glace / Gladiateurs
363	0364	Gladiateurs / Glaise / Glandage / Glandes / Glebe
364	0365	Glebe / Gliphe / Glu / Gluis / Gnomonique / Gobelet / Gober / Goberges / Gobeter / Godets / Godrons
365	0366	Godrons / Golfiches / Gomme / Gond
366	0367	Gonorrhée / Gorge / Gothique / Goudron / Gouetre / Gougere / Goujon
367	0368	Goujon / Goulette / Goulote / Goupille / Goussant / Gousses / Goust
368	0369	Goust / Gouvernement / Grace
369	0370	Grace
370	0371	Grace / Gradation / Gradine
371	0372	Gradine / Gradués
372	0373	Gradués / Grain
373	0374	Grain
374	0375	Grain / Grais / Graisse / Grand-chambre / Grand conseil
375	0376	Grand conseil / Grands-maitres / Grand-prévot / Grands-voyez / Grands-jours / Grange
376	0377	Grange / Granit
377	0378	Granit / Granuler / Graphomètre / Gras / Gratte-Boesse / Graticuler / Gratoire
378	0379	Gratoire / Gravelée / Graver
379	0380	Graver
380	0381	Graver / Gravier / Gravure
381	0382	Gravure / Greffe
382	0383	Greffe
383	0384	Greffe
384	0385	Greffe
385	0386	Greffe
386	0387	Greffe
387	0388	Greffe / Grele / Grelet / Gremil / Grenetiers
388	0389	Grenetiers / Grenetis / Grenier / Grenouille / Gresiller
389	0390	Gresiller / Gresle / Grésoir / Griffade / Griefs / Griffes / Gril / Grisaille
390	0391	Grisaille / Grive / Gros / Groselier
391	0392	Groselier / Grosse / Grossesse / Grossier / Grotte
392	0393	Grotte / Grotesque / Groupe / Gruau / Grue
393	0394	Grue / Gruger / Grume / Grurie / Gruyer
394	0395	Gruyer / Guepes / Guerite / Gues / Guette / Guerre
395	0396	Guerre
396	0397	Guerre
397	0398	Guerre / Guet
398	0399	Guet
399	0400	Guet / Gueule / Gueuse / Guichets / Guide / Guignard / Guignaux
400	0401	Guignaux / Guillaume / Guillochis
401	0402	Guillochis / Guimauve / Guimberges / Guindage / Guinder / Guirlandes / Gyp / Gyrouettes
402	0403	Habille / Habilitation / Habits
403	0404	Habits / Habitude
404	0405	Habitude / Hache / Hachure / Halebardiers / Halement
407	0406	Halement / Haleine / Halle / Hampe / Hangard / Hanse teutonique
408	0407	Hanse teutonique / Harang / Haras / Hardi
409	0408	Hardi / Harmonie / Haro / Harpes / Harpie
410	0409	Harpie / Harpocrate
411	0410	Harpocrate / Harpon / Hart / Hasard / Hauban
412	0411	Hauban / Hautbert / Hauteur / Haut-justiciers / Haut-mal / Hayve / Heberge / Hélices / Hemicycles / Hemine
413	0412	Hemine / Hémorragie / Hémorroides / Hépatique / Héraldique
414	0413	Héraldique / Héraut
415	0414	Héraut / Herbe
416	0415	Herbe / Herbier / Hercules / Hérédité
417	0416	Hérédité / Hérisson / Héritages / Hermaphrodite
418	0417	Hermaphrodite / Hermathene / Hermanubis / Hermes / Herm-harpocrate / Hermites / Hernie / Herniole
419	0418	Herniole / Héron / Herse / Hidropisie / Hiere-picre / Hipotéque
420	0419	Hipotéque / Hypotheque
421	0420	Hipothéque / Hoche-pied / Hoirs / Hollander / Holographe / Homicide / Hommage
422	0421	Hommage / Homme
423	0422	Homme / Homologation / Hongrieur / Honnête
424	0423	Honnête / Honneur
425	0424	Honneur / Honoraire / Honorifique / Honte
426	0425	Honte / Hôpital
427	0426	Hôpital / Hoquet / Horloger / Horreur
428	0427	Horreur / Hospitalité / Hoste / Hostel
429	0428	Hostel / Hosties / Houblon
430	0429	Houblon / Houille / Houx / Huée / Huile
432	0430	Huile / Huissiniers
432	0431	Huissinier / Huitième / Huitre / Humanité
433	0432	Humanité / Humectans / Humilité
434	0433	Humilité / Hure de sanglier / Huy / Hyacinthes / Hydragogues / Hydrocephale / Hydrographie / Hydromel / Hydropisie / Hydrostatique / Hygromettre
435	0434	Hygromettre / Hymen / Hymne / Hypociste
436	0435	Hypociste / Hypocrisie / Hypodrome
437	0436	Hypodrome / Hypomoclion / Hypothése / Hystérique / Hyver
438	0437	Jacent / Jachere / Jaçoit / Jalap / Jalons / Jalousie
439	0438	Jalousie
440	0439	Jalousie
441	0440	Jalousie / Jambage / Jambon / Jardin
442	0441	Jardin / Jarret / Jarreter / Jasmin / Javelles / Jauge
443	0442	Jauge / Jaune
444	0443	Jaune / Iconographie / Idée / Idolâtres
445	0444	Idolâtres
446	0445	Idolâtres / Jet / Jetter / Jeu
447	0446	Jeu
448	0447	Jeu / Ignorance
449	0448	Ignorance / Illico / Illusoire / Image / Imbecille / Immatriculation / Immémorial / Immeuble
450	0449	Immeuble / Immunités / Impenses
451	0450	Impenses / Impératoire / Impetigo / Imperitie / Impertinent / Impétrans / Impiété
452	0451	Impiété / Imposer
453	0452	Imposer / Impossibilité
454	0453	Impossibilité / Imposte / Imprescriptible / Impubéres / Impudence
455	0454	Impudence / Impuissance / Impunité / Imputation / Incapable
456	0455	Incapable / Incapacité / Incendie / Inceste
457	0456	Inceste / Incident / Incompatibilité / Incompétence / Incorporel
458	0457	Incorporel
459	0458	Incorporel / Incrédule
460	0459	Incrédule / Incrustation / Inde
461	0460	Inde / Indemnité / Indes
462	0461	Indes
463	0462	Indes / Index / Indication / Indifférence
464	0463	Indifférence / Indigence / Indigestion / Indignation
465	0464	Indignation / Indigo (L') / Indiqué
466	0465	Indiqué / Indire aux quatre cas / Indirectement / indivis / Induire / Indult
467	0466	Indult / Inégalité / Infamie / Infanticide
468	0467	Inféodation / Inflammation / Information / Infortiat / Infortune
469	0468	Infortune / Infusion / Ingénieur / Ingratitude
470	0469	Ingratitude / Inhabile / Inhibition / Injection / Injure
471	0470	Injure
472	0471	Injure / Inofficieux
473	0472	Inofficieux
474	0473	Inofficieux / Inquant / Inquiétation / Inquisition
475	0474	Inquisition
476	0475	Inquisition
477	0476	Inquisition
478	0477	Inquisition
479	0478	Inquisition / Inscription de faux / Insectes / Insinuation
480	0479	Insinuation / Insolation / Inspecteur / Installation / Instance / Institution
481	0480	Institution / Instruction / Instrument
482	0481	Instrument / Intendant / Intendits / Intenter / Intention / Interdiction
483	0482	Interdiction / Interêt
484	0483	Intérêt / Interligne / Interlocutoire / Interpeller
485	0484	Interpeller / Interprétation / Interrogatoire / Interruption / Interstice / Intervention
486	0485	Intervention / Intestat / Intime / Introduire / Intronisation / Intrusion
487	0486	Intrusion / Inventaire
488	0487	Inventaire / Invention / Investiture / Joieux avenement / Joints
489	0488	Joints / Jonc-marin / Jonction / Jonique / Joubarbe / Jouée / Jouillerres / Jour
490	0489	Jour / Ipecacuanha / Irrégularité / Isle
491	0490	Isle / Ita / Iterato / Juge
492	0491	Juge
493	0492	Juge / Jujubier / Julep
494	0493	Julep / Jurisdiction / Jus
495	0494	Jus / Jusquiame / Justice
496	0495	Justice / Justification
497	0496	Laboratoire / Labourable / Labyrinthe / Lacération / Lachans / Ladre / Laiches / Layettier / Laine
498	0497	Laine / Lait
499	0498	Lait / Laitue / Lambourde
500	0499	Lambourde / Lambris / Lame de plomb / Lamies / Lamproie / Lampron / Lampsane / Langue / Lanternes
501	0500	Lanternes / Laps de temps / Laque / Larcin / Lard
502	0501	Lard / Large / Larmier / Lassitude / Latent / Latin / Latrine / Latte / Lavande / Lavemain / Lavement
503	0502	Lavement / Laver / Laurier / Laye / Lazaret / Lecteur / Légalisation / Légat
504	0503	Légat / Leger / Législatif / Légitimation
505	0504	Légitimation
506	0505	Légitime / Legs / Légumes / Lenitif / Lentille / Lepre / Lessive / Lettre
507	0506	Lettre
508	0507	Lettre / Levain
509	0508	Levain / Levant / Leve-cul / Levée / Levier / Levraut / Lévre / Leurre
510	0509	Leurre / Leze majesté / Lezion / Liaison / Liasse / Libage / Libelle / Libertés / Libraire
511	0510	Libraire / Lice / Licence / Licitation / Liege / Lien
512	0511	Lien / Lier / Lierne / Liere / Lievre / Lieu / Lieutenant
513	0512	Lieutenant
514	0513	Lieutenant / Lige / Lignager / Limaçon / Limande / Limitation / Limon
515	0514	Limon / Limosinage / Lin / Liner / Linge / Linotte / Linquart / Linteau
516	0515	Liqueur / Liquidation / Lis / Lisoirs / Lisse / Liste / Listel / Lit
517	0516	Lit / Litarge / Litige / Litispendance / Litres / Litron / Livre
518	0517	Livre / Loge / Loi
519	0518	Loi / Loiaux / Loier / Lombard / Long / Longe / Loquet / Lot / Lotion
520	0519	Lotion / Lots et ventes / Louage
521	0520	Louage / Loup / Loupe / Louttre / Louveur
522	0521	Louveur / Lozange / Lucarne / Luette / Lunette / Lupin / Lutrin / Luxe
