page	refimg	chapitre
sn	0001	[Plat]
pb	0002	
sn	0003	[Page de titre]
sn	0004	
sn	0005	Au corps médical
sn	0006	Au corps médical
sn	0007	Première partie. Dictionnaire de spécialités pharmaceutiques
13-14	0008	Acécoline / Acécoline-Papavérine
15-16	0009	Acécoline-Spartéine. Acécoline-Camphre / Acécoline-Yohimbine / Acécolex / Acéryl / Acésine Guillaumin
17-18	0010	Acétamone / Acéto-Stérandryl / Acétumine Mercier / Acétylarsan
19-20	0011	Acidofco / Acidol-Pepsine / Acobella / Acolitol
21-22	0012	Aconitine Houdé / Acoqtol-Mialhe / Actine
23-24	0013	Actiphos / Activarol
25-26	0014	Adaline / Adénoseptyl / Adoverne « Roche »
27-28	0015	Adrénaline Choay / Adrénaline Clin / Adrénaline Invar / Adrénargol
29-30	0016	Adrénoïdes Béral / Adrénoléine / Adrépatine / Adréphédrine Béral
31-32	0017	Aéïne / Aérocid / Aérocolyl / Aérogaster
33-34	0018	Aérogène / Aérophagyl / Aesculase / Aethone
35-36	0019	Agobyl / Agocholine
37-38	0020	Agomensine Ciba / Agorexine / Aiguë d'Or. Analga du Docteur Redier / Airoglyce
39-40	0021	Akésol Muzi / Albucid Cruet
41-42	0022	Albu-Coli / Alburénol / Alcachol
43-44	0023	Alcacyl Wander / Alcalinose / Alcalisalyl / Aldine
45-46	0024	Alepsal (Comprimés) / Algéon / Algipan Midy / Algocratine (Phénylamidoxanthine)
47-48	0025	Algoïl du Docteur Guiraud / Algophagine / Algosédine / Alibourine B. E. A.
49-50	0026	Aliments de santé Bénédictus / Aliments équilibrés Joly / Aliment Tinardon
51-52	0027	Allergantyl Miluc / Allisatine / Allium Coirre
53-54	0028	Allocaïne Lumière / Allochrysine Lumière
55-56	0029	Allonal « Roche » / Allopha-Quina / Aloïne Houdé
57-58	0030	Aloplastine. Aloplastine Ichthyolée / Alucol Wander
59-60	0031	Alunozal / Alzine / Ambocurine / Ambrine
61-62	0032	Amibiasine / Amidal / Amido-Septine
63-64	0033	Amidosol / Amiflorine / Aminase / Aminophylline Caréna
65-66	0034	Amino-Vit « Roche » / Amiphédrine / Amiphène Carron
67-68	0035	Amphomuth / Amphoprophyl T. A. B. Ronchèse / Amphostabyl / Ampho-Stomatogel Ronchèse
69-70	0036	Amphosynthyl. Polonovski et Nitzberg / Ampho-Tablettes Ronchèse / Amphotonyl / Ampoules anti-H
71-72	0037	Ampoules Auto-instillables Nader / Ampoules Boissy / Ampoules ferrugineuses Fraisse / Ampoules névrosthéniques Fraisse
73-74	0038	Ampoules Reipar / Ampoules sclérosantes Fraisse / Ampoules scléro-hémorroïdiques Fraisse / Ampoules « Vigor » / Amybdine
75-76	0039	Amylodiastase Thépénier / Anaclasine infantile / Anaclasine Ranson / Analgénine Oberlin
77-78	0040	Analgésique Kafa / Analgésol. Marcel Logeais / Anapyol / Anaquintine Lescène
79-80	0041	Anatensyl / Anaural / Anaxéryl / Androcalcion
81-82	0042	Andro-Gouttes / Androsthénol / Androstine Ciba / Androtestone
83-84	0043	Androvar / Androvules / Anégrine / Anexol
85-86	0044	Angéiol / Angihormol du Docteur P. Bourggraff / Angiolymphe du Docteur Rous / Angioxyl
87-88	0045	Angoral / Angusturyl Porcher / Aniodol externe
89-90	0046	Aniodol interne / Ankylosyl / Anoïde / Anorexyl
91-92	0047	Antalex (Liniment) / Antalgol Dalloz / Antalgyl / Antasthène Carrion
93-94	0048	Antélobine / Antéparsine Grémy
95-96	0049	Anthélox / Anthéma. Sérum sérique antihémorragique des Docteurs Dufour et Le Hello / Anthiomaline / Anthracalcine
97-98	0050	Anthraxivore / Antialgos Christiaens / Anti-asthénie Lauriat (Ex-Lauriatol) / Antiasthme Bengalais
99-100	0051	Anti-asthmine Dehaussy / Anti-diabète H / Antidiabétique Monavon / Antidiabétique Requis
101-102	0052	Antigénines / Antigrippine Midy / Antiphi
103-104	0053	Antiphlogistine / Antiphymique Vadam / Antipiol / Antirrhoïde
105-106	0054	Antisciatique P. Chambon / Antiseptoma / Antispa / Antivirus
107-108	0055	Anurique Duplex / Anusol / Anxiol (Comprimés) / Aparoxal
109-110	0056	Aphloïne / Apioline de Chapoteaut / Apiol Tanit / Apivène
111-112	0057	Appetyl / Apsophol / Aquintol / Arapal
113-114	0058	Arcica / Arg-Eph (gouttes) / Argincolor
115-116	0059	Argocarbine / Argybil / Argycuprol des Docteurs Rous et de Montby
117-118	0060	Argyrescine Mars (dite Veinomars) / Argyrophédrine / Argyseptine
119-120	0061	Arhémapectine Gallier / Arhéol / Arhine Lambiotte Frères
121-122	0062	Aristargol / Aristoplastic / Arkébios / Armanite
123-124	0063	Arquéritol Lesure / Arrhénuclène Bergevin / Arsaminol / Arsénamide
125-126	0064	Arséniode Buriat / Arsénomyl. Nouvel arsénobenzol / Arsénos-Solvant / Artériocrinol
127-128	0065	Artériolex ou Minéralogène / Artério-Veinine / Arthrilyse / Articholine
129-130	0066	Artobyl / Artrocolchine « C » / Arvensyl / Ascabiol
131-132	0067	Ascéine / Asciatine / Ascoléine Rivier
133-134	0068	Aseptamide / Aseptargol / Aseptorhine
135-136	0069	As. I. P. / Asmocrine / Aspéca / Asthmasédine
137-138	0070	Asthmédrine / Asthmo-Actine / Asthmo-hépatine Lebrot / Asthmolysin
139-140	0071	Asthmosine / Asygmathol / Atalante / Atens
141-142	0072	Atomine / Atophan Cruet
143-144	0073	Atoquinol (Phénylcinchoninate d'allyle) / Atospirine / Atosulfase / Atrobyl
145-146	0074	Atural / Aubéliode
147-148	0075	Audigénine / Aurixéma (Dermoczéma) / Axyol du Docteur P. Bourggraff / Azama
149-150	0076	Azigol Thévenot / Azotyl / Azufrol / Azym
151-152	0077	Babeurre Nestlé en poudre Élédon / Babeurre Nutricia / Babeurres « La Faye »
153-154	0078	Babeurres Molard / Backérine / Bacté-Intesti-Phage Bacté-Coli-Phage / Bacté-Pyo-Phage Bacté-Staphy-Phage
155-156	0079	Bactéramide / Bacté-Rhino-Phage / Bacté-Ricyl / Bacturyl
157-158	0080	Bain Bagnor radioactif / Bain Carré / Bain de bouche à la Duna-Caïne / Bain Flévar
159-160	0081	Bain Salvia / Baldisédan / Ballotyl / Balmiga
161-162	0082	Balsaformine / Balsamol Lescène / Balsamorhinol
163-164	0083	Balsaquintine Lescène / Balsoforme / Bande du Praticien / « Bande Giltex »
165-166	0084	Bande Mérinos « bébé » / Bande plâtrée « Presto » / Barytol / Baryx colloïdal
167-168	0085	Baryxine / Basedowine / Basmyl / Baume Adol
169-170	0086	Baume Aroma / Baume du Docteur Baissade
171-172	0087	Baume Bengué / Baume Delacour / Baume Heptalgine / Baume Kamol
173-174	0088	Baume Lartigol / Baume de la maternité / Baume Oberlin / Baume-Panthésine
175-176	0089	Baume Rhodia / Baume Robur / Baume Sélénia au sélénium colloïdal / Baume Thomas
177-178	0090	Baumolacpinine / Bbderm Mars / Béatol / Bébé-poudre composée Delabarre
179-180	0091	Bécédine / Beef Lavoix ou Vin de Lavoix / Belcarmine / Belhémine
181-182	0092	Belladénal / Bellafoline / Bellergal / Bellinguol
183-184	0093	Bemax / Bénerva « Roche » / Bensamine
185-186	0094	Benzéthol / Benzo-Bismuth Millot
187-188	0095	Benzocarbine / Benzoflorine Julien / Benzo-Gynoestryl / Benzo-Gynoestryl 5
189-190	0096	Bétul-Ol Midy / Bévitine / Bexinine / Bi-As Aguettant
191-192	0097	Biazan / Bi-Citrol Marinier
193-194	0098	Bière des Nurses / Bifidigène / Bilaxyl / Biléyl
195-196	0099	Biliboldo / Bilicrinol / Bilidrainine / Bilivaccin
197-198	0100	Bilivaccin anticolibacillaire / Bilordyl / Binoxol / Biocalcium
199-200	0101	Biocéane Oliviéro / Biocholine / Biocrina / Biodarcine
201-202	0102	Biodynamine / Biodynol / Bioélixir
203-204	0103	Bioentérase / Bioferrine / Biogaze Bottu / Biogénol granulé
205-206	0104	Biogénol liquide / Biolactyl / Biolipase « Roche »
207-208	0105	Biomucine / Bio-organic / Biophène / Biophorine Girard
209-210	0106	Biorégine / Biorgan
211-212	0107	Biose D / Biosedra / Biosérine / Biosérone de Brown
213-214	0108	Biosine Le Perdriel / Biostabyl / Biosulfol Ducatte / Biosurgon
215-216	0109	Biotéol / Bio-Titane « Prima » / Biotone
217-218	0110	Biotrigon / Bioxyol du Docteur P. Bourggraff
219-220	0111	Biphédrine / Bis-Hyd
221-222	0112	Bis-Ka-Ma / Bismokaol / Bismu-Cones
223-224	0113	Bismullium / Bismuth B-3 / Bismuth Desleaux / Crème de Bismuth du Docteur Quesneville nouvelle dénomination : Ma-Bis-Cal
225-226	0114	Bismuth insoluble injectable / Bismuthion / Bismuthoïdol
227-228	0115	Bismuth Tulasne / Sous-nitrate de Bismuth Tulasne / Bissyl / Bivatol
229-230	0116	Blagny / Blédine Jacquemaire
231-232	0117	Bleu de méthylène Duna-Caïné / Bluméol / Boldine Houdé / Boldocrinol. Anciennement : Boldobiline Jammes Boldo et Opothérapie biliaire
233-234	0118	Boldolaxine / Boldolive / Boldomucyl / Boldo Verne
235-236	0119	Boléase Monal / Bolène / Boricine Meissonnier / Borinhalant
237-238	0120	Bornéosol / Borosodine Lumière / Borostyrol Schlatter / Boues radioactives Rhemda
239-240	0121	Boules Quiès / Bovcardiac Lefrancq / Bovhépatic Lefrancq / Bovstrol Lefrancq
241-242	0122	Bradygastrine Ducloy / Broméine Montagu / Bromésérine / Bromiase
243-244	0123	Bromical / Bromocarbone / Bromocarpine / Bromogastrine Vergelot
245-246	0124	Bromo-magnésium du Docteur J.-P. Clary / Bromomaïsine / Bromone Robin / Bromovose
247-248	0125	Bronchasmine / Bronchial Luna / Broncho du Docteur H. Ferré / Broncho-Lactol
249-250	0126	Bronchophilos / Bronchopneumol / Bronchosédol / Bronchoseptol-Lauriat
251-252	0127	Broncho-sérum Connat / Broncho-Vaclydun. Lysats-vaccins du Docteur Duchon / Broncurol / Bronphélia
253-254	0128	Broséyl / Bruzarine
255-256	0129	Buccaseptyl / Bucco-Progone / Buchobleu / Bucmine
257-258	0130	Bufox / Bulgarine Thépénier / Bulgatropine-Bulgadone
259-260	0131	Buxema / C. 40 / Cachets Charvoz
261-262	0132	Cachets Pachaut / Cachets Spévin / Cacodyle Gonnon
263-264	0133	Cacodyline Jammes / Cadior du Docteur E. Maigre / Cafédrine / Caféine granulée Houdé
265-266	0134	Calcibronat / Calcigénol. Calcigénol irradié / Calciglandine / Calcilève
267-268	0135	Calciline / Calciocholine / Calcional / Calcipaïne
269-270	0136	Calcium Corbière / Calcium injectable Fraisse / Calcium français J. B.
271-272	0137	Calcium-Plé / Calcium Rosso. Ex-Glucobiocalcium Rosso
273-274	0138	« Calcium-Sandoz » / Calcivitam / Calcoléol / Calcomagnésie
275-276	0139	Calgluquine. Anciennement « Quinine-calcium-Sandoz » / Cal-Mag-Na / Calm-Asmine (ancien Kalm-Asthmine) / Calmocardine Lagoutte
277-278	0140	Calmopelvine / Calmosuppos sédatifs. Calmosuppos antithermiques
279-280	0141	Calmovarine / Calomel Solens / Calsédine
281-282	0142	Calyptol / Calyptophédryl
283-284	0143	Camformine / Camphocalyptol Echeman
285-286	0144	Camphodausse / Campho-Pneumine
287-288	0145	Campho-Spartéine Dubois / Campho-Spartéine Dubois / Camphostyl Lacroix / Camphrolyse
289-290	0146	Camphro Salyl Fraisse / Camphydryl Robin / Campoferrone / Campolon
291-292	0147	Canol / Cantéïne Bouteille / Caparlem
293-294	0148	Capsules Bruel à l'Éther Amyl Valérianique / Capsules Henry / Capsules Huile de Haarlem véritable / Capsules Kuchner au mécaptol
295-296	0149	Capsules Noguès / Capsules et sirop Préga / Carbagol Marinier
297-298	0150	Carbalcaloïdes / Carbargyre / Carbatropine / Carbobel
299-300	0151	Carbo-Combrosmol / Carbogénase / Carboïodures Fraudin
301-302	0152	Carbolactyl simple. Carbolactyl bilié / Carbolaxine / Carboléine
303-304	0153	Carbolin Midy / Carbomucil / Carbonaphtine forminée
305-306	0154	Carbonaphtine sédative / Carbonaphtine vitaminée / Carbonésie
307-308	0155	Carbonex / Carborexyl
309-310	0156	Carbosanis / Carbotrigon / Cardialgine Dubois
311-312	0157	Cardiazol Cruet / Cardibaïne / Cardioflorine / Cardiophylline
313-314	0158	Cardior / Cardiosthénine / Cardio-streptine / Cardirène
315-316	0159	Carditone / Caréna
317-318	0160	Caréna-Calcium. Caréna-Ouabaïne / Carnine Lefrancq / Cascara Midy
319-320	0161	Cascarine Leprince / Casol / Castanol
321-322	0162	Cathacide / Cavéform / Cebion Merck
323-324	0163	Cédilanide / Cellargos / Bande plâtrée Cellona
325-326	0164	Cellucrine / Cellulax / Cérébrine Fournier / Cérébro-Lipase
327-328	0165	Cérébron / Céréossine Dehaussy
329-330	0166	Céréossine survitaminée (Céréossine irradiée) / Céréossine méthylarsinée / Céréossine gaïacolée / Cerinil / Céthocal formules du Docteur Lemay
331-332	0167	Charbons Fraudin / Charbon Tissot / Charbon Vehem
333-334	0168	Charcolina / Chelicyne / Chéloïdine / Chénanthol
335-336	0169	Chibromercurobrome / Chloral Bromuré Dubois / Chloralosane / Chloramine Freyssinge
337-338	0170	Chlorammonic / Chlorangil / Chloréthyle Bengué / Chlorical
339-340	0171	Chloridia / Chloripepsine / Chloro-Calcion
341-342	0172	Chloro-Magnésion / Chlorosane
343-344	0173	Chlorumagène formule du Docteur Martin du Thell / Chlorure d'ammonium Bréant / Chocochaux / Chocynol
345-346	0174	Cholagol / Cholal
347-348	0175	Cholaxol / Cholécystine
349-350	0176	Choléfluine / Choléfluine / Choléine Camus
351-352	0177	Choléine lactique / Cholélyse / Choléo-Combretol boldinisé / Choléo-Fluase
353-354	0178	Choléokinase / Choléo-Lactol Daguin / Choléolax Colas / Choléopeptine Marcel Logeais
355-356	0179	Choléo-Zymatine Lescène / Cholérène / Cholergine
357-358	0180	Chophytol
359-360	0181	Chophytol-Rosa
361-362	0182	Chrysémine / Cibalgine Diallylmalonylurée Diméthylaminophényl-diméthyl-pyrazolone / Cimicifuga Trouette-Perret teinture glycéro-alcoolique de « Cimicifuga Racemosa »
363-364	0183	Cinarascol / Cinascol / Cineyl / Cinnozyl
365-366	0184	Cinquésine Houdé / Cipromarol / Cirvose / Citralin
367-368	0185	Citra-Quint / Citrataegus / Citrilex / Citri-Na
369-370	0186	Citrocarbine / Citrocholine / Citrofluyl / Citrolargol
371-372	0187	Citronema / Citropaïne du Docteur Fontal / Citropeptol / Citrophédrine
373-374	0188	Citrose-Vichy (Limonade) / Citrosodine Longuet / Clangoryl / Clearol
375-376	0189	Clonazone Daufresne / Coagulène et hémo-coagulène
377-378	0190	Coaltar saponiné Le Beuf / Cobrallyre / Cocaïne Midy pastilles de cocaïne chloroboratées / Codéphryl Dufour
379-380	0191	Codérax / Codéthyline Borne / Codéthyline Houdé (Chlorhydrate d'éthyl-morphine) / Codoforme Bottu
381-382	0192	Colarsénol / Colarsénol collutoire inaltérable au Novarsénobenzol / Colavé / Colchicine Houdé
383-384	0193	Colchi-Sal Midy / Colibyl / Colisel / Coliseptine
385-386	0194	Colitique / Coli-Vaclydun Lysat-vaccin du Docteur Duchon / Colizyl / Collargophédrine
387-388	0195	Collarman / Colloidine Laleuf / Colloïdogénine du Docteur Bayle / Collo-iode Dubois
389-390	0196	Collo-iode Dubois / Collosoufre / Collo-Tex / Collubiazol
391-392	0197	Collucromex / Collunovar collutoire au Novarsénobenzol / Collusulfar / Collutoire V.-E. Doumer
393-394	0198	Collutoire Trépallix / Collyre rose / Collyre bleu / Collyre bleu irradié
395-396	0199	Collyres Chibret / Coltène / Coluval / Combretine
397-398	0200	Comitiol / Compral / Compressif Beslier / Comprimés d'Alibour
399-400	0201	Comprimés « Galac » / Comprimés Guillaumin / Comprimés Nican
401-402	0202	Comprimés Probios antipyogène / Probios voies respiratoires / Probios intestinal / Comprimés Purgos / Comprimés Roy
403-404	0203	Comprimés sulfureux de Luchon / Comprimés Vichy-état / Continol / Contracide Norgan
405-406	0204	Contrexurique ex-Anti-urique de Contrexeville) / Convalbaïne / Cophed / Coprex
407-408	0205	Coquelicônes / Coqueluchyl / Coramine
409-410	0206	Coréïne / Corosédine
411-412	0207	Corsivera / Corténil / Cortiode
413-414	0208	Corydrane / Coryphédrine / Crataegine
415-416	0209	Crataegol Boulet / Crayon Termosan / Créagénol / Crédone Dehaussy
417-418	0210	Crème résolutive Rap / Créofruits / Créositoires / Créosoforme Lambiotte Frères
419-420	0211	Créo-suppo-Camphre / Crésentyl
421-422	0212	Crésolargol / Crinamine / Crinex
423-424	0213	Crinhémol / Crinocardine Laleuf
425-426	0214	Crinoflux / Crino-Menstryl / Crinopancrine / Crino-sérum dénommé Crino-enfant (de 0 à 10 ans) Crino-adute (à partir de 10 ans)
427-428	0215	Crino-Sthényl / Crino-Tensyl / Crisalbine
429-430	0216	Cruxol / Cryogénine Lumière
431-432	0217	Cryosan / Cryptargol Lumière / Cryptosote ancien Cryptosote Néda
433-434	0218	Crysiodal / Cupranine / Cuprase du Docteur Gaube du Gers contre le cancer / Cuprazurol
435-436	0219	Cuprémone / Cupressiode / Cuprobalt
437-438	0220	Cupro-Salyl du Docteur Quesneville / Cuproxil / Curamida Chapellier / Curasme
439-440	0221	Curatine Brunet / Curiosan / Curogène / Curozéma
441-442	0222	Cuscutine Foulon / Cutaminol / Cutigénol / Cutiphile
443-444	0223	Cyanhermine / Cyanovaïne / Cyanure isotonique Fraisse / Cycliton « Roche »
445-446	0224	Cynabiline / Cynhépatil / Cynurol-Rosa / Cyproveinol
447-448	0225	Cyrène « B » Fort / Cystitol / Cystocone / Cystocure
449-450	0226	Cystoflorine / Cytobaume / Cytobiase / Cyto-Manganol Corbière
451-452	0227	Cytopan / Cytopepsal / Cytosal / Cyto-sérum Corbière
453-454	0228	Daboine / Dacolan / Dagénan / Damicol
455-456	0229	Décholestrol / Decorpa / Delbiase
457-458	0230	Delcaïne Roques / Demanyl / Démorphène
459-460	0231	Denisoline lotion colloïdale au soufre électro-négatif / Dentamide / Dentochrysine Lumière / Dentoma
461-462	0232	« Dep » / Dépuratif Chauvin (aux hyposulfites) / Dépuriode du Docteur Roger Weber
463-464	0233	Dépurogène / Dépurogène « T » / Dercusan
465-466	0234	Dermacide Porcher
467-468	0235	Dermalibut / Dermamide Merminod / Dermasuline (Ex-pommade Fornet à l'insuline) / Dermathorium
469-470	0236	Dermodulcis Lagoutte / Dermofagine / Dermolive / Dermo-Plastol
471-472	0237	Dermoradol / Dermo-Reipar / Dermoseptazine / Dermosplénine
473-474	0238	Dermo-sulfuryl / Désartyl / Deschléro-Sel / Désensibilysine
475-476	0239	Désintex / Desitin / Désitinol / Dexoplasma
477-478	0240	Dextrosol / Diabétifuge / Diabétosan
479-480	0241	Diadermine / Diagnothorine / Dial Diallylmalonylurée
481-482	0242	Diapédina / Diapros Lumière / Diasclérol du Docteur Guersant
483-484	0243	Diases / Diastogène Dehaussy
485-486	0244	Diasto-Pepsine Richepin / Diatol du Docteur P. Bourggraff / Diavitase / Dibromotyrosine « Roche »
487-488	0245	Dicaliode / Dicodéine Lafran / Didial Diallylmalonylurée et éthylmorphine
489-490	0246	Diemenal / Diénol
491-492	0247	Difollistérol / Digastrine / Digex
493-494	0248	Digibaïne / Digifoline / Digi-lanatine ou Lanatine
495-496	0249	Digilanide / Digistabiline / Digitaline Invar
497-498	0250	Digitaline-Mialhe / Digitaline Nativelle
499-500	0251	Di-Hydan / Di-Iodo-Tyrosine Byla / Diiodotyrosine « Roche » / Dimitensyl
501-502	0252	Dinitra / Diocamphine Borne
503-504	0253	Dio-Quint / Diorine / Dipégyl / Disalgyl
505-506	0254	Dismine Favrot / Disonyl
507-508	0255	Distilbène
509-510	0256	Dithioral Dithiosalicylate de magnésie R. A. L. / Diurène / Diuréphédrine / Diurobromine
511-512	0257	Diurocalcine gros / Diurocalcine iodurée / Diurocardine / Diurocystine / Diurophylline
513-514	0258	Diurophyte / Dmelcos / Dogastro
515-516	0259	Doloma. Professeurs Dubard et Voisenet. Doloma injectable / Dolophan / Dolozymes
517-518	0260	Dolpyc / Doryl Merck / Do.Sa.No.Sal. Douce amère, Saponaire, Noyer, Salsepareille. Formule du Docteur Martin du Theil / Dosotol
519-520	0261	Dosurine (trousses) / Drag-Bil / Dragécalcion / Dragécalcion granulé
521-522	0262	Dragées Bengué / Dragées Bondonneau / Dragées du Docteur Gélineau / Dragées Hecquet
523-524	0263	Dragées hépato-rénales gros / Dragées Hyger / Dragées Le Brun Toni-cardiaques (Tonisystol) / Dragées Mannet ferro-ergotées
525-526	0264	Dragées névrosthéniques « Yse » / Drageval (ex-Dragées Luméval / Drainhépar
527-528	0265	Drainobyl du Docteur L. Lafay / Drainochol
529-530	0266	Drainoflux / Drinal / Dropargyl / Dryco
531-532	0267	D3 Seclo / Duna-Caïne / Duna-Caïnol
533-534	0268	Duna-Phorine / Dycholium
535-536	0269	Dynavitamine / Dynosthène / Dysariode / Dyspeptine Hepp
537-538	0270	Dyspeptol / Dyspné-inhal / Dysthène / Dystonine Chatron
539-540	0271	Ecto-Stérandryl / Eczéda Ichtyosalicylé / Eczosec Porcher / Édistol
541-542	0272	Edricamphre / Éductyl / Efevita / Efryl-sirop
543-544	0273	Ékineurol / Ektal / Ektogan Bocquillon / Ektophanol
545-546	0274	Élaiadine / Élastoplaste / Élatine Bouin
547-548	0275	Électrargol / Elgine Julien / Élipol
549-550	0276	Élityran / Élixir Bonjean / Élixir Déret / Gouttes Déret
551-552	0277	Élixir Duchamp / Élixir Ducro / Élixir eupeptique Tisy / Élixir eupnéique Martin Mazade
553-554	0278	Élixir Grez / Élixir Hymel / Élixir Mannet ferro-ergoté / Élixir Rodi
555-556	0279	Élixir Spes du Docteur Guiraud / Elkin / Embrostase / Embryex
557-558	0280	Embryhormone / Embryocytol Synergie Embryocalcique / Embryol
559-560	0281	Embryona Probios / Emgé Lumière
561-562	0282	Emplatres Rogé-Cavaillès / Endocrisines / Endopancrine / Endothymusine
563-564	0283	Énésol / Éniode Lefebvre / Eno / Entérargol
565-566	0284	Entéraspirine Sanova / Entériode / Entéro-antigènes du Professeur Danysz
567-568	0285	Entérobyl Dehaussy / Entérococcène Carrion / Entérocuprol
569-570	0286	Entérodausse et Entérodausse calcique / Entérofagos / Entéro-granulé Delalande / Entéromucine
571-572	0287	Entéro-pansement du Docteur Zizine / Entéropathyl
573-574	0288	Entéropectine du Docteur A. Ferr / Entérosalicyl / Entéroseptyl
575-576	0289	Entérospasmyl Logeais / Entérovaccin Lumière / Entéro-Vaclydun Lysat-vaccin du Docteur Duchon
577-578	0290	Entéro-Vioforme iodochloroxyquinoléine / Enzypan / Épanal / Éphasma
579-580	0291	Éphédraféine Béral / Éphédramid / Éphédrampoules Béral / Éphédrasmine
581-582	0292	Éphédricones Béral / Éphédrine Béral
583-584	0293	Éphédrine Béral à 1 centigramme / Éphédrine Houdé / Éphédrine Merck / Éphédrisol Béral
585-586	0294	Éphédrivaïne / Éphédrocamphre / Éphédrocure
587-588	0295	Éphédroïdes Béral / Éphédrolénol / Éphédrolyptol / Éphédromel Béral
589-590	0296	Éphédro-Rhinol à l'éphédrine végétale lévogyre / Éphéiodine Béral / Éphétonine Merck / Éphétropine Béral
591-592	0297	Épholéine / Éphydion / Éphynal « Roche »
593-594	0298	Épicral / Épipaline / Epoxa
595-596	0299	Éranol / Ercerhinol / Ereton
597-598	0300	Ergépatine / Ergorone / Ergotine Bonjean / Érugon
599-600	0301	Érysulfure Éon / Érythéma / Érythra / Esculéol
601-602	0302	Ésératropine / Ésérine Houdé / Éthyl-Pneumine / Eubine
603-604	0303	Eucalybrol / Eucalyptine Le Brun
605-606	0304	Euchol Morellet / Eucodal Merck / Eucrinol
607-608	0305	Eukénol / Eunéryl
609-610	0306	Euonymine Paul Thibault / Eupavéryl Pachaut / Eupax / Eupeptique Monavon
611-612	0307	Euphon / Euphoryl / Euphoryl-infantile / Euphrénine Bastia
613-614	0308	Euphydigtal / Euphyllin
615-616	0309	Euphytose / Euplagex / Euplastyl
617-618	0310	Eupnine Vernade / Eupnol / Eupnophédrol
619-620	0311	Eupulmol / Euquinargol / Eusedyl
621-622	0312	Eusomnine Bélières / Eutensyl Grémy / Évatmine Carrion / Évine
623-624	0313	Évipan / Évipan-Sodique / Évolaxine / Évonyl
625-626	0314	Exentérol / Exobol / Exolithol / Exorphyl (gouttes)
627-628	0315	Exoseptoplix / Exsugyl du Docteur P. Bourggraff / Extensoplast
629-630	0316	Extrait Hamyd / Exubyle / Fa-ner-val. Facit-nervum-validum. Formule du Docteur Martin du Theil / Fango-Fisch
631-632	0317	Fantol / Farine maltée Déjardin / Farine maltée Vial / Farine Mont-Blanc
633-634	0318	Farine Nestlé sans Lait / Farines Favrichon. Phosphogène Favrichon / Céréales bébé / Grains grillés
635-636	0319	Farines Heudebert / Féculyse / Félamine / Félisédine
637-638	0320	Fémidiol / Féminadène / Fenucalcium / Fenugrène
639-640	0321	Fenurobur / Fer-Andrine Vitalis / Fer Bravais
641-642	0322	Fer-Hépacrine / Fer intraveineux Fraisse / « Ferment Dep » / Fermentéryl
643-644	0323	Feroposséine = Oposséine ferro-arséniée / Fer-ovarine Vitalis / Ferrocrinol Noël / Ferro-Hépatine
645-646	0324	Ferrophytine / Festale / Filhosa
647-648	0325	Fixase / Flavex
649-650	0326	Flétagex / Flétase / Flétobiol / Fletonic
651-652	0327	Flétophos / Floculysine Valtry simple
653-654	0328	Floculysine Valtry simple / Floculysine infantile Valtry / Florhépatine / Florix
655-656	0329	Fluase / Flucholinase / Fludiose à l'iodure de manganèse
657-658	0330	Fluobyl / Fluodyle / Fluokol / Fluosalyl
659-660	0331	Fluveinose Mauchant / Fluxex / Fluxine / Fluxivénol
661-662	0332	Fluxoveine / Follestrine Grémy / Follicormone buccale Hinglais
663-664	0333	Folli-Lobine du Docteur Fraysse / Fondants Dausse
665-666	0334	Foriod / Formobenzyl / Formocarbine
667-668	0335	Formocarbos / Formule Jacquemaire n° 60
669-670	0336	Fortossan / Fortossan irradié / Fosfoxyl Carron
671-672	0337	Fosyls Carron / Francalcium
673-674	0338	Freinolutéine Vogein / Freinospasmyl / Frénasma / Frénitan
675-676	0339	Frénovex
677-678	0340	Frugeolines-Vichy / Fucoglycine du Docteur Gressy / Fucusol / Fumigalène
679-680	0341	Furoplast / Gaduamine
681-682	0342	Gaduase / Gaïacamphre
683-684	0343	Gaïarsenan Ducatte / Galabactéine / Galactogène Chalvet / Galactogil
685-686	0344	Galagénol / Galégon / Galform Lambiotte Frères / Gambéol
687-688	0345	Gamostyl / Ganderma / Garaspirine / Gardénal
689-690	0346	Garéphédrine / Gargyl / Gasmanyl / Gasmar Legendre
691-692	0347	Gastéryl / Gastrhéma / Gastrobellone
693-694	0348	Gastrocalcine / Gastrocaol / Gastrocitrine
695-696	0349	Gastroclean / Gastroniger / Gastropansement du Docteur Zizine
697-698	0350	Gastropathyl / Gastropeptyl / Gastrosedyl
699-700	0351	Gastro-Sodine / Gastrozymase / Gatran
701-702	0352	Gaurol / Gaurol intraveineux / Gayacones / Gaze Néolée
703-704	0353	Geliderm / Gélobarine / Gélogastrine Licardy / Gélok
705-706	0354	Gélotanin Choay / Gélotube 29 / Gelsémium Trouette-Perret / Gels gastriques et intestinaux Beaufils
707-708	0355	Génacide / Génatropine / Génécarmine / Génésérine
709-710	0356	Genhyoscyamine / Génomorphine / Génoscopolamine / Génosthéniques
711-712	0357	Génostrychnine / Germalpe
713-714	0358	Germidex / Germidor
715-716	0359	Germinol / Germose / Gestormone / Glandénal
717-718	0360	Glandex phoscalcique / Glandimbine Lafran / Glandocalcyl / Gléfina
719-720	0361	Glésol / Globexine / Globinofer « Roche »
721-722	0362	Globiron Buvable / Globules Rébaud / Globules Romon
723-724	0363	Glottarsinol / Glottyl
725-726	0364	Gloxines
727-728	0365	Glucalcium / Glucobiocalcium Rosso / Glucochaux
729-730	0366	Glucocithine / Gluconyl / Glucoplix / Glucosalyl
731-732	0367	Glucoxyl Nacher / Gluthional / Glutinettes d'Aspirine / Glutisalyl
733-734	0368	Gluxium / Glycérophosphate Dalloz / Glycérophosphate Robin / Glycocure
735-736	0369	Glyco-M. / Glycosthène
737-738	0370	Glyco-Thymoline
739-740	0371	Gmet
741-742	0372	Gomenol / Gomhydrine / Gonacrine
743-744	0373	Gonagone / Gono-Vaclydun et Gonarthri Vaclydun Lysat-vaccin du Docteur Duchon / Gosiérine Dalloz / Gossypiol Maurin
745-746	0374	Gotira / Goudroline / Gouttes antispasmodiques Adol / Gouttes Bernamont
747-748	0375	Gouttes B. O. P. / Gouttes bronchophiles André / Gouttes d'Orargol-Amicros / Gouttes Eryl
749-750	0376	Gouttes hypotensives Fraisse / Gouttes ionisées A / Gouttes Leconte
751-752	0377	Gouttes Linober / Gouttes Livoniennes / Gouttes Magalo
753-754	0378	Gouttes Motil / Gouttes névrosthéniques Fraisse / Gouttes Nican
755-756	0379	Gouttes phosphosthéniques Dausse / Gouttes Sap / Gouttes sthéniques Vial / Gouttolysine
757-758	0380	Grains de Vals / Les Granions / Granuchol / Granulé Cabasson
759-760	0381	Granulé Edgès / Granules au phosphure de zinc / Granules Chanteaud (Anciennement Granules dosimétriques) / Granulés de Bourget
761-762	0382	Granules des Vosges / Granulés vita-D / Graphithiol
763-764	0383	Gravidostyl / Grippine Villard / Grippo-Vaclydun Lysat-vaccin du Docteur L. Duchon / Grog médical Demonclo
765-766	0384	Gubline / Guéthural / Guigoz (lait en poudre) / Guimelinde
767-768	0385	Guipsine / Guitose / Guiveinos
769-770	0386	Gynaicéol / Gynamide
771-772	0387	Gynarsol / Gynéco-Vaclydun Lysat-vaccin du Docteur Duchon / Gynepta / Gynergène
773-774	0388	Gynocalcion / Gynoestryl / Gyno-Gouttes Iscovesco
775-776	0389	Gyno-Lactosmose / Gynométine / Gynopausine du Docteur Guersant
777-778	0390	Gynoplix / Halivite 42 / Hamaméline Roya
779-780	0391	Hamaméliode / Harlédine / Harlem Philippe (pilules)
781-782	0392	Hectargyre / Hectine / Hédéryl / Hédopeptol
783-784	0393	Hédusol / Hélénine Houdé / Helguerol
785-786	0394	Helmifuge Zizine / Helmitol
787-788	0395	Hémagène Tailleur / Hémagénine Giraud / Hématoéthyroïdine Carrion / Hémédonine
789-790	0396	Hémoantitoxine « Sofos » / Hémocalcine / Hémocalciopectine / Hémodrome
791-792	0397	Hémoductyl / Hémogénol Dausse / Hémoglobine Deschiens
793-794	0398	Hémoluol / Hémopanbiline
795-796	0399	Hémopausine / Hémopectal / Hémo-Phagosthyl / Hémoplase Lumière
797-798	0400	Hémoptysol / Hémopylore « 3 » Buvable
799-800	0401	Hemorex / Hémorragine
801-802	0402	Hémostatique Coudert / Hémostatique Ercé / Hémostatique Goy
803-804	0403	Hémostérine irradiée / Hémostra « Roche » / Hémostyl / Hémotal
805-806	0404	Hémovéine / Hémypnal / Hépacrine du Docteur Debat / Hépacrinol
807-808	0405	Hép'acti (Anciennement Hépasérum) / Hépadrainase / Hépadrops / Hépaflorine
809-810	0406	Hépafluol / Hépalium / Hépalomel Védé / Hépamine Mauchant
811-812	0407	Hépamult / Hépanème Carrion / Hépanova / Héparéguline Wander
813-814	0408	Hépartichaut infantile / Hépartichaut adultes / Hépasthényl / Hépathémo Deschiens / Hépaticalcion Grémy
815-816	0409	Hépatic-Efa du Docteur Lecacheux / Hépaticol / Hepatior
817-818	0410	Hépatismine / Hépato-5
819-820	0411	Hépatocarnine Lefrancq / Hépatocure / Hépatodiagnose
821-822	0412	Hépatogènes Charvoz / Hépatoglobine / Hépatomagnésion / Hépato-musculosine Byla
823-824	0413	Hépatonia / Hépatoplasmine du Docteur Fraisse / Hépatosodine
825-826	0414	Hépatoveine Lebrot / Hépatrol Buvable
827-828	0415	Hépatrol injectable / Hépavita / Hépax
829-830	0416	Hepbi / Heptyl Bourdou
831-832	0417	Hergenol / Hermophényl Lumière / Hevoglan / Hexotal
833-834	0418	Higadose / Hirudinase / Histalgine
835-836	0419	Hista (Histamine Beytout) / Hista injectable / Hista Liniment / Hista Dimilli
837-838	0420	Histamyl / Histochrome (D. O. M. F.) / Histocollyre (H. M. T.) / Histogénol
839-840	0421	Histosmose (H. M. T.) / Histropa
841-842	0422	Holos / Holosplénine / Holovarine / Hopogan Bocquillon
843-844	0423	Hordénol / Hormantoxone
845-846	0424	Hormiadyne / Hormobiline / Hormocalcium / Hormocrinol « F » et « M »
847-848	0425	Hormodausse / Hormoflavéine / Hormoléol / Hormolutéine Vogein
849-850	0426	Hormone Gonadotrope du Docteur Roussel / Hormones Hypophysaires Byla
851-852	0427	Hormones Hypophysaires Byla / Hormoplasmine Lefrancq / Hormovarine Byla
853-854	0428	Hormovitol / Hormuter / Huile de foie de morue
855-856	0429	Huile d'Haarlem / Huile Vita-D / Huilorhine
857-858	0430	Hydralin / Hydrar 41 / Hydrastine Houdé / Hydroxydase
859-860	0431	Hygiodine / Hymel / Hyol / Hyoscyamine Houdé
861-862	0432	Hyostinal / Hypalène
863-864	0433	Hypersan / Hypiode / Hypno-Nervine / Hypobromine
865-866	0434	Hypolactol Daguin / Hypophédrine / Hyposulfène
867-868	0435	Hypotan / Hypotan-Papavérine / Hypotensa
869-870	0436	Hypo-Thiorine / I. A. M. / Idonil
871-872	0437	Ifranol / Imido « Roche » / Iminasthme
873-874	0438	Immunicorps Mary Laurent / Immuniderm Grémy / Immunovaccin antirhumatismal
875-876	0439	Impétigol / Inava / Indhaméline Lejeune Pluriglandulaire / Indhaméline Lejeune simple
877-878	0440	Inertyl Charvoz / Infangyl Carlier / Inhalantyl
879-880	0441	Inhalation Lancosme / Inhalo Bol / Inhalo-Past / Inhalo-Sel
881-882	0442	Inhalo-Thiorine / Inhaloxyl / Injection désensibilisante Fraisse / Injection immunisante Fraisse
883-884	0443	Inocrinines / Inogyl / Inolaxine
885-886	0444	Inolène / Inophyline
887-888	0445	Inophyline Digitalique / Inophyline-Ouabaïne / Inophyline Papavérique / Inophyline scillitique
889-890	0446	Inophyline spartéinée / Inophyline strophantique / Inophyline trinitrinée / Inorénol
891-892	0447	Inorhinyl / Inosepta / Inosplénol / Inotyol
893-894	0448	Inoxémol / Inoxyl / Insévaccins
895-896	0449	Institut Pasteur
897-898	0450	Insulanol / Insuline / Insuline / Insuline buccale Fornet
899-900	0451	Insuline Choay / Insuline - Zinc - Protamine Choay / Insuline « Leo »
901-902	0452	Insuline « Novo » / Insulyl / Insulyl-retard
903-904	0453	Intestarsol / Intesto
905-906	0454	Intraits Dausse
907-908	0455	Intra-Reipar / Iodalose Galbrun / Iodamélis Logeais
909-910	0456	Iodarsenic Guiraud ou Gouttes Paidophiles du Docteur Guiraud / Iodasclérine / Iodaseptine Cortial / Iodaseptine salicylée
911-912	0457	Iodassium / Iodaubépine / Iodéine Montagu
913-914	0458	Iodémoglobine Ledoux / Iodex
915-916	0459	Iodhéma / Iodiformine / Iodinjectol Jammes / Iodocaïne
917-918	0460	Iodocalcium / Iodocitrane nouveau corps original Iode - Albumine associé au citrate de soude
919-920	0461	Iodocyanyl / Iodogénol Pépin / Iodolipine / Iodo-magnésium du Docteur J.-P. Clary
921-922	0462	Iodomaïsine / Iodomaïsine / Iodone Robin / Iodonucléol
923-924	0463	Iodopan (gouttes) / Iodorganine Mercier / Iodoseptoplix / Iodostem
925-926	0464	Iodosulfène / Iodotensyl Dubois / Iodo-Tétragnoste Merck / Iodo-thyroïdine Catillon
927-928	0465	Iodulane. Anciennement iode Tulasne / Iodurase / Iodure d'amidon Lumière / Iodures Cros
929-930	0466	Iodures Pachaut / Ioglott / Ioguine Delba / Ionyl
931-932	0467	Io-Salyl / Ipécopan / Irénine Gonnon / Irrastérine
933-934	0468	Iscautoxène Naugrlééon / Isogev / Isonal / Isophos
935-936	0469	Isorgane Lauriat / Iso-Sels / Isotanin / Isotonyl Bouret
937-938	0470	Ixium / Jabosulfène / Jécobiase
939-940	0471	J. B. 5. Bellas / Jécol
941-942	0472	Jécopeptol / Jemalt Wander / Juglane / Juglanregine André
943-944	0473	Juranol / Kalmangor / Kaneuron
945-946	0474	Kaobrol / Kao Carbo / Kaoléo
947-948	0475	Kaolinase / Kaolinase belladonée / Kaosyl Desleaux / Katox intra (Cobratoxine nouvelle)
949-950	0476	Kaviase / Kaviase sulfamide / Kéférol / Kéfirogène Carrion
951-952	0477	Kélédol et suppo-kélédol / Kerasalicyl / Kératoplastol / Kidargol
953-954	0478	Kidoline / Kidophédrine / Kinéchol / Kinectine
955-956	0479	Kinuréa Terrial / Kodos / Kola Astier
957-958	0480	Kola Monavon / Kola-Sthényl
959-960	0481	Kolatinés / Koumyl
961-962	0482	K. Thrombyl / Kymosine Rogier / Lacarnol
963-964	0483	Laccodermes / Lachésine / Lacodal
965-966	0484	Lacpinine / Lactacyd
967-968	0485	Lactagol / Lactaris / Lactéol-comprimés / Lactéol-liquide
969-970	0486	Lactéol-ovules / Lactéol-pansement / Lactéol-suppositoires / Lactobacilline
971-972	0487	Lactobyl / Lactochol / Lactolaxine Fydau / Lactoprotéide Carrion
973-974	0488	Lacto-sérum Lavril / Lactosmose pansement / Lactosodine
975-976	0489	Lacto-sucre / Laitancyl / Lait Calcia Molard ou Calcia Molard
977-978	0490	Lait calcique Zizine / Lactoma Lait de Magnésie Beytout / Lait en poudre Guigoz
979-980	0491	Lait Mont-Blanc / Lambarène / Lanceryl / Lantol
981-982	0492	Laristine « Roche » / Larocaïne « Roche » / Larosan « Roche »
983-984	0493	Laroscorbine « Roche » / Lasal / Laurénol médicinal
985-986	0494	Laxamalt / Laxaseptol / Laxatif Gobey / Laxatifs Miraton Châtel-Guyon
987-988	0495	Laxior / Laxopeptine Girard / Laxo-sulfuryl / Laxo-Thiorine
989-990	0496	Léciflétone / Lécithine Vacheron / Lemonaï / Lenadryl
991-992	0497	Lénibar / Lénicade / Lenientol
993-994	0498	Lénifédrine (Huileuse) / Lénifédrine (Aqueuse) / Léniforme / Leptab
995-996	0499	Leptol / Leucagine sulfamidée / Levurine extractive / Lexiode (Ex-Iodocitrol)
997-998	0500	Licardet / Lichénose Ducloy / Likan asiatique / Limol Churchill
999-1000	0501	Limonade Godfrin / Limonade Moulin / Liniment Longuet / Lipaurol
1001-1002	0502	Lipiodol Lafay / Lipiodol « F » fluide / Lipo-antigènes-lipoïdes / Lipocérébrine
1003-1004	0503	Lipocrinyl / Lipoiodine / Lipolysine / Liposeptine
1005-1006	0504	Liposplénine du Docteur Groc
1007-1008	0505	Lipovita (granulé) / Liquisan / Lita / Traitement Lithol A. B. C.
1009-1010	0506	Livartil
1011-1012	0507	Lobéliane Laleuf / Lobéline Bruneau / Lobéline « Sandoz » / Lobuline
1013-1014	0508	Logaphos / Loraga
1015-1016	0509	Lotion Py / Lotuphar Miluc (ex-Nervantyl Miluc)
1017-1018	0510	Lotusédine / Lubrigel
1019-1020	0511	Ludin / Lugocalcion
1021-1022	0512	Luminal / Luminal / Luminalettes / Lusitol
1023-1024	0513	Lusoforme / Lutazol / Lutocycline
1025-1026	0514	Lutogyl / Lutrène / Lymphiode / Lysacrème L. M. L. / Lysaxins L. M. L.
1027-1028	0515	Lysamide / Lysapyrine / Lysarthrol
1029-1030	0516	Lysococcine / Lysothiazol / Lyxanthine Astier
1031-1032	0517	Magbromyl / Magécarine / Magnelax / Magnésie Dechosal
1033-1034	0518	Magnésie Lancosme / Magnésium Hardy / Magnésium-Perhydrol Merck
1035-1036	0519	Magnésium Rosso / Magnéso-tubes Robinet
1037-1038	0520	Magnoxol / Magsalyl
1039-1040	0521	Maïas / Maisleriase
1041-1042	0522	Maïzena / Maltea Moser cristallisée / Malt français Déjardin
1043-1044	0523	Maltogil / Maltosan / Maltosine Déjardin
1045-1046	0524	Malt Wander ou Glomalt / Manacine / Mandélium
1047-1048	0525	Mandocarbine / Mangaine / Manganésia / Mangano-Phosphal
1049-1050	0526	Marinergol / Marinol / Marrhama / Marrubène
1051-1052	0527	Marrubiase / Marrucol / Marubor / Maté Douglas
1053-1054	0528	Médicoferment / Menosedine / Mensival
1055-1056	0529	Mensuosédyl / Mercurochrome 220 H. W. D. / Mercuro-Past
1057-1058	0530	Mésothine Rhemda / Mésothorium Rhemda / Métacarbine / Métacitrine
1059-1060	0531	Métaformine / Métatitane / Métavaccin
1061-1062	0532	Métrex / Métritols
1063-1064	0533	Mexyl / Micelliode
1065-1066	0534	Microderme / Microlyse
1067-1068	0535	Mictasol / Mictasol bleu / Mictasovules
1069-1070	0536	Mictazine / Mictophile Richer / Mictoséda
1071-1072	0537	Mictualine / Mineplastine / Minéraline du Docteur Baud / Minervol
1073-1074	0538	Minurex du Docteur P. Bourggraff / Mitigal / Mitosyl
1075-1076	0539	Mixiod / Molène / Molinal / Monol
1077-1078	0540	Moréthyl Dausse / Morisland / Morrhualène Gautier / Morrhuétine Jungken
1079-1080	0541	Morrhuétine vitaminée / Morrhuol Chapoteaut / Morucalcose / Morufine
1081-1082	0542	Mucicarbos / Mucigrains / Mucinum
1083-1084	0543	Mucobismuthine / Mucofoie / Mucosodine
1085-1086	0544	Mucyllium / Multiplast / Murones du Docteur Robert Jacques
1087-1088	0545	Musculogénol / Musculosine Byla / Muthanol / Muthiode
1089-1090	0546	Muxagol / Mycidol Badel / Mycolysine du Docteur Doyen / Myochrysine
1091-1092	0547	Myoden / Myoral / Myosérum / Myothermine
1093-1094	0548	Myovarsyl / Myrtalyl / Myrtilles du Docteur Galimard / Myrtine Béral
1095-1096	0549	Naïodine Logeais / Naiodine suractivée / Nargénol
1097-1098	0550	Nasamide / Nasobore / Nasophédrine Béral / Natibaïne Nativelle
1099-1100	0551	Natirose / Natrosyl / Néalgyl Bottu
1101-1102	0552	Néatol-Sujal / Nemautal / Némoplasme / Néobiline
1103-1104	0553	Néo-Bioélixir / Néobiol / Néoboldine / Néoby
1105-1106	0554	Néo-Calciline / Néocardyl / Néo-Carnine Lefrancq
1107-1108	0555	Néo-Coccyl / Néo-Codion
1109-1110	0556	Néo-Collargol / Néocortine / Néo-Dmégon
1111-1112	0557	Néo-Dmètys / Néo-Feroxal / Néogaïacol Lumière / Néo-granulé du Docteur Churchill
1113-1114	0558	Néo-Gynergène / Néo-Laxatif Chapotot / Néol Bottu / Néolides Hb
1115-1116	0559	Néolyse / Néo-Morubiline / Néo-Olbia
1117-1118	0560	Néopancarpine / Néo-pansement Tulasne / Néo-pansement Tulasne Quinolé
1119-1120	0561	Néo-passiflorine / Néophage / Néo-physio
1121-1122	0562	Néoplastex / Néopulmine / Néo-Rhénium du Docteur Louis Fournier
1123-1124	0563	Néo-Rhomnol / Néo-Riodine / Néosaliode / Néo-Salyl du Docteur Martinet (Ex-Sodisalyne)
1125-1126	0564	Néo-Seti / Néosolmuth / Néosplénine / Néosulfa
1127-1128	0565	Néosuline / Néothorium Millot
1129-1130	0566	Néo-Trépol / Néotrope Aguettant / Néotropine Cruet / Néphractive
1131-1132	0567	Néphralbine / Néphrylan du Docteur Lobry / Neptal / Nergine
1133-1134	0568	Nervantyl Miluc désormais : « Lotuphar Miluc » / Nervocithine (hépatisée) du Docteur Tissot / Nervyl Rousseau / Nervyl Rousseau
1135-1136	0569	Nesal / Neseptol Bengué / Nestamine
1137-1138	0570	Nestogène / Nestosyl / Nestrovit
1139-1140	0571	Neurène / Neuréol / Neuridor / Neurinase
1141-1142	0572	Neurocalcium / Neuroféryl / Neuroflorine
1143-1144	0573	Neurogalène / Neurogastrine / Neurokabryl (gouttes) / Neurophos
1145-1146	0574	Neurosine Prunier / Neurosolène / Neurosthénol / Neurotensyl
1147-1148	0575	Neurotrophène / Neurotrophol Byla / Neurovarol / Neutracétyl Neutracétyl chocolaté
1149-1150	0576	Neutroses-Vichy / Nevralgol Brossard / Névrosan / Névrosol
1151-1152	0577	Névrosthénine Freyssinge / Névrovitamine 4 / Névrovitamine 4-adultes
1153-1154	0578	Nicobion / Nigérine Vincent
1155-1156	0579	Nisaméline Trouette-Perret / Nitium-Crayon / Norgangine
1157-1158	0580	Normacol / Normalax / Normogastryl
1159-1160	0581	Normucyl / Novalgine / Novalibut (ex « Halibut »)
1161-1162	0582	Novalibut Local Localibut / Novargyre / Novarsénobenzol Billon / Novhepar
1163-1164	0583	Novigol / Novismuth / Novobar Merck / Novo-Brol
1165-1166	0584	Novocaïne-Corbasil « Bayer » / Novocaïne-Suprarénine « Bayer » / Novocortex Iscovesco / Novolactol Daguin
1167-1168	0585	Novolax / Novolug / Novoplasmine
1169-1170	0586	Novospasmyl / Novotyol / Novurit
1171-1172	0587	Nuciphos / Nucléarsan / Nucléarsitol Robin / Nucléatol Robin
1173-1174	0588	Nucléocardyl / Nuclergol / Nutri-Vita
1175-1176	0589	Nutromalt / Nuxeol / Obsor / Ocréine Grémy
1177-1178	0590	Octensanol / Odarsol / Oenophos / Oestrobrol « Roche »
1179-1180	0591	Oestroglandol « Roche » / Oestroménine Merck / Okamine
1181-1182	0592	Olcanfral / Oléochrysine Lumière / Oléochrysos Lumière / Oléocidase
1183-1184	0593	Oléoformine Corbière / Oléophédrine Béral / Oléosodine Oléate de soude Paul Thibault / Oléovit
1185-1186	0594	Oléovules / Olfamide / Olical / Olipan
1187-1188	0595	Oliphédrol / Oliricyl ex-oliricin / Olisol Éphédriné / Olivéol
1189-1190	0596	Oliviase / Onction Angelini / Onogo / Opobyl
1191-1192	0597	Opocalcium du Docteur Guersant / Opocalcium irradié du Docteur Guersant / Opocalcyl
1193-1194	0598	Opocarbyl / Opocères : comprimés friables / Opocères : ampoules buvables
1195-1196	0599	Opochol / Opodermyl / Opo-Dinitra
1197-1198	0600	Opoferrine vitaminée / Opo-Iodamélis Logeais
1199-1200	0601	Oponuclyl / Opophos / Opo-Plasma / Oposclérine Vergelot
1201-1202	0602	Opo-Sigmal / Oposséine
1203-1204	0603	Opostyl / Opothérapie Bazin / Opothérapie Bouty
1205-1206	0604	Opothérapie Byla
1207-1208	0605	Opothérapie Byla / Opothérapie Carrion
1209-1210	0606	Opothérapie Carrion / Opothérapie Choay
1211-1212	0607	Opothérapie du Docteur Fraysse / Opothérapie E. Vergelot
1213-1214	0608	Opothérapie Fournier
1215-1216	0609	Opothérapie Fournier
1217-1218	0610	Opothérapie Iscovesco / Opothérapie Lauriat Isorgane
1219-1220	0611	Opothérapie Lauriat Isorgane / Opothérapie Moncour
1221-1222	0612	Opothérapiques « Crinex-Uvé »
1223-1224	0613	Opotonique Merck / Opo-Vacuoline et Vacuoline-Émulsion / Opo-Veinogène / Opozones Lumière
1225-1226	0614	Optalidon / Opticura Bengué / Optiplaste / Optraex (bain oculaire)
1227-1228	0615	Orargol-Amicros / Orcalcine / Orex
1229-1230	0616	Orexyl / Orgadyne / Organesium / Organi-Calcion endocrinien polyvitaminé
1231-1232	0617	Oragni-Calcion simple / Organotiol S. S.
1233-1234	0618	Origanyl / Ortédrine / Orthocynol
1235-1236	0619	Ortho-Gastrine / Orthogénol
1237-1238	0620	Ortholaxine / Orthoneurol / Orthophorine / Orthosiphène
1239-1240	0621	Osmolax / Osmoléine / Osmo-vaccins Bréant Colibacilles / Ossyl
1241-1242	0622	Ostéopeptine / Ostréiode / Ostréiode injectable
1243-1244	0623	Ostricalcium / Otalgolex / Otodrains / Otomide
1245-1246	0624	Ouabaïne Arnaud / Ouataplasme du Docteur Ed. Langlebert / Ova-Crine
1247-1248	0625	Ovocycline et Ovocycline P / Ovomaltine / Ovucridine
1249-1250	0626	Ovulamides / Ovules au Nestosyl / Ovules au Paraiode / Ovules Chaumel à la Glycérine solidifiée
1251-1252	0627	Ovules Hystan du Docteur L. Lafay / Ovules Inséva / Ovules Oape / Ovules « Phytovules »
1253-1254	0628	Ovules Rhemda radioactifs / Ovules Saporex / Ovules Sédo-hémostatiques du Docteur Jouve / Ovules Stérigyne
1255-1256	0629	Ovules-Vaccins « Inava » / Oxémo / Oxnol / Oxydothyrine Pâris
1257-1258	0630	Oxydovarine Pâris / Oxyfuge / Oxy-injecteur du Docteur Fialip
1259-1260	0631	Oxyléine / Oxymenthol / Oxyplastine
1261-1262	0632	Oxythyol du Docteur P. Bourggraff / Ozobiase / Ozol / Ozolase
1263-1264	0633	Ozothine / Padéryl / Padutine
1265-1266	0634	Pains de régime Heudebert / Palpitine
1267-1268	0635	Panbiline / Panbiol
1269-1270	0636	Pancalcion / Pancodine / Pancréastase Defresne granulée
1271-1272	0637	Pancréatine (pilules Philippe) / Pancréatokinase Carrion / Pancrébile / Pancrépar
1273-1274	0638	Pancrépatine Laleuf / Pancrépeptal / Pancrinol / Pandrénaline Julien
1275-1276	0639	Panfluine / Pangaduine
1277-1278	0640	Pangastrol / Pangestyl Narty / Panglandine / Panlutéine Vogein
1279-1280	0641	Pan-Neurol / Panosan / Panostyl
1281-1282	0642	Panphysex / Pansarcine Fouchère / Panstomase
1283-1284	0643	Pansuline (ex-Insuline Buccale Fornet) / Pantamine / Pantavoine / Pantocaïne
1285-1286	0644	Pantopon « Roche » / Panvioral / Panvita
1287-1288	0645	Panxylon Logeais / Papaine Trouette-Perret
1289-1290	0646	Papavérine Houdé / Papavéryl / Papier Iodogène Eymonnet à l'iode naissant / Paquets Védé
1291-1292	0647	Paradoline / Paraiode / Paratoxine du Professeur Lemoine
1293-1294	0648	Paratyrone / Paraveinine / Parémanol / Paroxyl
1295-1296	0649	Parulcine / Passibromine / Passicarbone
1297-1298	0650	Passiflorine / Pastilles Dryva à la Probiamide / Pastilles Houdé au chlorhydrate de cocaïne
1299-1300	0651	Pastilles M. B. O. / Pastilles Séclo / Pastilles Vita-Bcd / Pâte à l'eau Aloplastine
1301-1302	0652	Pâte gingivale à l'Acétylarsan / Pâte Mireille / Pâte vitaminée Halivite / Pavérinol Laleuf
1303-1304	0653	Pavéron Dausse / Pavonol / Pectine-Gallier
1305-1306	0654	Pectine Oberlin / Pectocanfor / Pectogène Monségu / Pectoral Fouchère
1307-1308	0655	Pectoral Gobey / Pectosédyl
1309-1310	0656	Pédiozéma / Pélargon de Nestlé / Pelvicones / Pépione
1311-1312	0657	Pepsinacid / Pepsine-ferment / Pepso-Pancré-Malt Wander / Peptalmine
1313-1314	0658	Peptalmine magnésiée / Peptargyl Aguettant / Pepticol
1315-1316	0659	Peptodiase / Pepto-Fer Jaillet / Peptogil
1317-1318	0660	Pepto-Kola Robin / Peptomaltone Déjardin / Peptonal Rémy / Peptonate de Fer Robin
1319-1320	0661	Peptosthénine Choay / Per-Abrodil / Perandrone / Perandrone A
1321-1322	0662	Pérasurol / Percaïne / Percaïnal
1323-1324	0663	Percalcine / Percortène
1325-1326	0664	Perglandène hépatique / Perglandène Orchitique / Perglandène ovarien / Per-Hépatique Carrion
1327-1328	0665	Péricols du Docteur Legros / Péristaltine / Perles réductrices / Perles Taphosote Lambiotte Frères
1329-1330	0666	Permyase / Per-Ovarien Carrion / Perquinol
1331-1332	0667	Persodine Lumière / Per-Thymique Carrion / Pérubore (comprimé) / Pervosine
1333-1334	0668	Phagolysine / Phagosthyl / Phagosthyl mangané
1335-1336	0669	Phanodorme / Phanodorme et Phanodorme-calcium / Pharyngaseptyl
1337-1338	0670	Phénédrine / Phéniodine Bouchereau / Philentérol
1339-1340	0671	Phlebogev (ex-Argyrine) / Phlebos / Phlébosine Carrion / Phlogiplasmine
1341-1342	0672	Phoryx / Phosbioge / Phoscamine / Phoscléïne
1343-1344	0673	Phosidiane / Phosma / Phosoforme
1345-1346	0674	Phoso-magnésium. Calcique vitaminé D du Docteur J.-P. Clary / Phosote Lambiotte Frères / Phosphan Caducia / Phospharsol
1347-1348	0675	Phosphate de chaux du Docteur Pinard. Phosphate de chaux irradié du Docteur Pinard / Phosphigem / Phosphobiol / Phosphobrom
1349-1350	0676	Phospholéose Demasles / Phosphoneurol
1351-1352	0677	Phosphopinal Juin / Phosphorine Villard / Phosphosodine / Phospho-Strychnal Longuet
1353-1354	0678	Phosphoxyl / Phosthénine
1355-1356	0679	Phylla / Physioscyamine / Physiosthénine / Phytine
1357-1358	0680	Phytocalcine Caubin / Phytocholine / Phytogermine vitaminée / Phytogyl
1359-1360	0681	Phytojava / Phyto-Kola / Phytolax / Phytosplénol Plé
1361-1362	0682	Phytoveinol / Phyto-vitaminés Plé / Picricol / Pilules du Docteur Debouzy
1363-1364	0683	Pilules du Docteur Simths / Pilules Lemary / Pilules Myosotis / Pilules Philippe
1365-1366	0684	Pilules V.-E Doumer / Pineoleum / Pipérazine Midy / Pipérazine Solens
1367-1368	0685	Piperitol / Pivadorme / Placidol
1369-1370	0686	Plasma de Quinton
1371-1372	0687	Plasmarine / Plexalgine Laleuf / Plexamine / Plexine Fumouze
1373-1374	0688	Plexosédol A et B / Pluribiase / Plurinatryl / Plurion
1375-1376	0689	Pneumogéine Renard / Pnemo-Lipase / Pneumostyl Daguin / Poliol Churchill
1377-1378	0690	Polybromure Gonnon / Polycalcion / Polyglobinate Grimault / Polyferments Laleuf
1379-1380	0691	Polysalyl / Polytonyle / Polyvaline du Docteur Bayle / Polyviatol
1381-1382	0692	Pommade au Nestosyl / Pommade Bébia / Pommade Bernamont / Pommade-crème Ludin
1383-1384	0693	Pommade du Docteur Butler / Poudre du Docteur Butler / Pommade et suppositoires Inséva / Pommade Fornet désormais : Dermasuline / Pommade Lenoir à la Cinnamoléine
1385-1386	0694	Pommade Logeais / Pommade Midy (Adréno-styptique) / Pommade Noëlline / Pommades Ophtalmiques Chibret
1387-1388	0695	Pommades Probios / Pommade vitamorrhuine / Pommade Zylor / Posterisan
1389-1390	0696	Post-hypophyse Choay / Potion Adol / Poudre alcaline rafraîchissante / Poudre anti-H
1391-1392	0697	Poudre beau chloroformée / Poudre Chaumel / Poudre digestive et rafraîchissante / Poudre du Docteur Souligoux
1393-1394	0698	Poudre Escouflaire / Poudre et pommade d'insuline Phyloze / Poudre hygiénique Satine / Poudre Noëlline
1395-1396	0699	Poudre Pastorilos / Poudre Paterson / Poudre Rocher laxative / Préfagyl
1397-1398	0700	Préloban / Prémaline / Pressyl
1399-1400	0701	Prévalidine / Prévarsyl / Priovit
1401-1402	0702	Probiamide / Probios
1403-1404	0703	Probios
1405-1406	0704	Procolyl / Procuta / Produits Bios / Prodynase
1407-1408	0705	Progaster / Progone / Progynon liquide Cruet. Progynon comprimés Cruet / Progynon B huileux Cruet
1409-1410	0706	Prolan / Proluton Cruet / Proluton « C » Cruet
1411-1412	0707	Prolyses / Prométhine / Prominal / Prominalettes
1413-1414	0708	Propidex / Propidon
1415-1416	0709	Propidon / Propivane / Prostal / Prostalyse
1417-1418	0710	Prostatidausse / Prostatols Beauxis Lagrave / Prosthénase Galbrun
1419-1420	0711	Prostigmine « Roche » / Prosympal / Protargol
1421-1422	0712	Protensène Lejeune / Protiodyne / Proto-Gambier
1423-1424	0713	Provac's / Proveinase Midy / Provulsif Probios
1425-1426	0714	Proxytol / Prurilyse / Psoréal / Psorène
1427-1428	0715	Psoréon / Psoryl
1429-1430	0716	Psothanol / Psyllium Langlebert / Puéricrine Rey
1431-1432	0717	Pulmocardine / Pulmodion / Pulmofluide / Pulmofluide Éphédrine
1433-1434	0718	Pulmone / Pulmorectol / Pulmorex / Pulmoseptine
1435-1436	0719	Pulmosérum / Pulmositoires / Pulmothiol / Pulmo-Thiorine
1437-1438	0720	Pulsamone / Pulvéol / Pulvi-Lactéol / Pulvo-Coccyl 1162 F
1439-1440	0721	Pulvo-Probiamide / Purargol / Purganol Daguin / Pyo-Amphogel Ronchèse
1441-1442	0722	Pyocoline / Pyodarsénol « Inava » Fuso-Strepto-vaccin Pyodyl « B » associé au Sulfarsénol / Pyodolysine / Pyodyl Inava « B »
1443-1444	0723	Pyoformine / Pyogénol Inava / Pyorex / Pyo-Vaclydun Lysat-vaccin du Docteur Duchon / Pyo-Vaclydun pansements
1445-1446	0724	Pyrallium / Pyrélaïne Collas / Pyréthane
1447-1448	0725	Pyri-Pyridium / Pyrocurol / Pyroléol Edet / Pyroselline
1449-1450	0726	Pyurol / Quassia-Kina Rabot
1451-1452	0727	Quina Baron / Quinacrine / Quindynol Biophile
1453-1454	0728	Quinicardine / Quinimax / Quinine-Calcium-Sandoz / Quinine Pelletier
1455-1456	0729	Quinino-Phytine / Quinio-Stovarsol / Quino-C
1457-1458	0730	Quinocarbine Charpentier / Quinoforme Lacroix / Quinoïdine Duriez
1459-1460	0731	Quinolax / Quinsal / Quinthéryl / Quinti-suppos
1461-1462	0732	Quintocoq / Quintosédyl / Quintozone / Quinuryl
1463-1464	0733	Radio-Baryx / Radiogastrol / Radio-Osséine / Radio Salil
1465-1466	0734	Radiotétrane Gérard / Radio Topic. C. / Rangol
1467-1468	0735	Raphabil / Rapharène / Réalphène / Rectagine
1469-1470	0736	Rectopanbiline / Recto pansement
1471-1472	0737	Rectoseptal / Rectoseptal Sulfamidé / Rénocardine / Résocaïne
1473-1474	0738	Résolutif Ruby / Résyl / Rétropituine Carrion / Révitalose du Docteur Fraisse
1475-1476	0739	Révulsif Chambon / Révulsif Fisch / Révulsif Fouchêre
1477-1478	0740	Révulsif liquide Boudin / Révulsif Lug
1479-1480	0741	Révulsif Milko / Rhéantine Lumière / Rhin-Adr-Argol / Rhinadrol
1481-1482	0742	Rhinalator / Rhinamide / Rhinaquintine Lescène / Rhino-Amphogel Ronchèse
1483-1484	0743	Rhino-antipiol / Rhino-Borostyrol / Rhinochrome / Rhino-colloïdol
1485-1486	0744	Rhinodrops Béral / Rhinofluine
1487-1488	0745	Rhino-Glottyl / Rhino-Lactéol / Rhino-Orargol / Sédo-Orargol
1489-1490	0746	Rhino-Sulforgan / Rhino-Sulfuryl / Rhino-Vaccin « Inava »
1491-1492	0747	Rhino-Vaclydun Lysat-vaccin du Docteur Duchon / Rhizotanin Chapotot / Rhocya
1493-1494	0748	Rhodarsan / Rhodazil / Rhodiacarbine (ex-pâte Spécia granulée antidysentérique / Rhodoboryl
1495-1496	0749	Rhoféine / Ricigonol / Riodine / Rivanol
1497-1498	0750	Rivanolettes / Rob Oberlin / Rob Cabanès
1499-1500	0751	Robrodyne / Rogerma / Romarantyl
1501-1502	0752	Romarène / Rosalax / Rosaseptor
1503-1504	0753	Roziode / Rubiaderm / Rubiazol
1505-1506	0754	Rubrophène
1507-1508	0755	Rutonal / Rythmosystol / Saburrase
1509-1510	0756	Sacerase / Sacnel
1511-1512	0757	Salantale / Salbine du Docteur Fayès / Salbroderm Marcel Logeais
1513-1514	0758	Salène / Salibra / Salicylate de Soude Clin
1515-1516	0759	Salicylate suractivé « Ana » / Salicylna / Saliformiode Bouchereau / Saliformiode soufré
1517-1518	0760	Salitropine / Salix Trouette-Perret / Salsanos / Sal-Sodyl
1519-1520	0761	Salubrine / Salvé / Salvebyl / Salvurol
1521-1522	0762	Salyfrêne / Salyptol Narty / Salysérum
1523-1524	0763	Saly-Sulfite / Sanargol / Sanas
1525-1526	0764	Sandoptal / Sanédrine / Sanex-inhalant / Sanicérène Marcel Logeais
1527-1528	0765	Sanocrysine de Mollgaard / Sanoformine / Sanogyl / Sanoquinol
1529-1530	0766	Santal Midy / Santal Monal au Bleu de Méthylène / Santamide / Santhéose
1531-1532	0767	Santonia Venot / Sapolan / Sapolinol
1533-1534	0768	Saporex / Saposide / Saproxyl / Sarcoptol
1535-1536	0769	Saridon / Saucholine / Scillarène
1537-1538	0770	Scillitrine / Sclerana ancienne dénomination Sclérosérum Ana
1539-1540	0771	Sclérolysine Ducatte / Scophédal Merck / Scopolamine Houdé ou Hyoscine Houdé / Scurocaïne
1541-1542	0772	Sédabios / Sédacônes / Sedangor / Sédaortine
1543-1544	0773	Sédarthryl / Sedatan (ex-Sédotan) / Sédatif Gobey
1545-1546	0774	Sédatonyl / Sédatussine
1547-1548	0775	Sed'hormone / Sédibaïne / Sedlitz Chanteaud
1549-1550	0776	Sédobrol « Roche » / Sédo-Caréna
1551-1552	0777	Sédogastrine / Sédo-Gynoestryl / Sédo-hypotenseur Dausse
1553-1554	0778	Sédo-Inophyline / Sédol / Sédoneurol Dehaussy
1555-1556	0779	Sédopeptine / Sédoprostyl / Sédorhinol / Sédormid « Roche »
1557-1558	0780	Sédosine / Sédotonine Gros / Sédotyol / Seignet'fruits
1559-1560	0781	Sel de Hunt / Sel d'Ewald / Sel digestif Bé Me Cé / Séléniol
1561-1562	0782	Sel Fros / Selor
1563-1564	0783	Sels de Lithine effervescents Le Perdriel / Sels-Mags / Sels polyalcalins Larchey / Sels synthèse de Brides
1565-1566	0784	Selunic / Sel Vial (Achloruré) / Sel vita-D phosphaté
1567-1568	0785	Seneçonine / Sénophile / Septazine
1569-1570	0786	Septicarbone / Septicémine Cortial
1571-1572	0787	Septicoline / Septiderme / Septogone
1573-1574	0788	Septoplix
1575-1576	0789	Sérénol / Sericrine-Rey
1577-1578	0790	Sérifer / Sérobiol / Sérocalcine
1579-1580	0791	Séro-comprimés I. M. / Sérolactyl / Séro-liquide I. M. / Sérodausse A. / Sérodausse Ovarien / Sérodausse infantile
1581-1582	0792	Séroma-Rey / Seroxema / Sérû / Sérum anti-asthmatique de Heckel
1583-1584	0793	Sérum de Jousset / Sérum Fraisse Ferrugineux / Sérum Fraisse névrosthénique / Sérum Fraisse Névrosthénique / Sérum Oliviéro / Sérum Polyvalent de Leclainche et Vallée
1585-1586	0794	Sérums Clin / Sérum-végétal du Docteur Ougullière
1587-1588	0795	Servo-Freinyl / Seti / Setipyrine / Sicovaire
1589-1590	0796	Sidéranyl / Silénan
1591-1592	0797	Silénan / Silicyl
1593-1594	0798	Siligone / Siliplastine / Silisode / Silithiosine
1595-1596	0799	Silymar / Sinaplasme / Sinapol / Sinusyl
1597-1598	0800	Siphuryl / Sirop Berthé / Sirop Cassibor / Sirop d'Aubergier
1599-1600	0801	Sirop de Gaïarsol / Sirop Delabarre / Sirop de la maternité / Sirop de Lovel
1601-1602	0802	Sirop dépuratif Vincent / Sirop d'eucalyptine / Sirop Dubois au Créosal
1603-1604	0803	Sirop du Docteur Lagnoux au valérianate de caféine / Sirop et pâte Pectorale Robin (formule du Docteur Bousquet) / Sirop Famel
1605-1606	0804	Sirop Flamand / Sirop Girard / Sirop Gribell / Sirop Hercell
1607-1608	0805	Sirop Iodocalcium / Sirop Laincar / Sirop Lecoeur / Sirop Merck à l'Éphétonine
1609-1610	0806	Sirop minéral sulfureux Crosnier / Sirop Mireille / Sirop Morlas / Sirop Noguès
1611-1612	0807	Sirop Pectonax / Sirop phospho-vitaminé Vial / Sirop Poléry / Sirop Rami au Bromoforme
1613-1614	0808	Sirop « Roche » au Thiocol / Sirop sédatif de l'enfance / Sirop au solucamphre Delalande / Sirop Teyssèdre au Bromure de Calcium pur
1615-1616	0809	Sirop Tinardon / Sirop Vacheron au Gaïacol de Synthèse / Sistomensine / Sodergyl
1617-1618	0810	Soderséine / Sodésyl / Sodolactine
1619-1620	0811	Sodothiol / Sojaminol
1621-1622	0812	Soja « Soyolk » / Sojalose / Solantyl / Solganal B huileux Cruet
1623-1624	0813	Solhysop / Solubéol / Solucalcine
1625-1626	0814	Solucalyptine Le Brun / Solucamphre Delalande / Solucamphre
1627-1628	0815	Solucamphre / Soludagénan / Soluderm
1629-1630	0816	Soluphédrine / Solu-Plastol / Soluseptazine / Solution du Docteur Debat
1631-1632	0817	Solution du Docteur J. Jacobson / Solution huileuse au Nestosyl / Solution Pautauberge
1633-1634	0818	Solution Schoum / Solution Tisch
1635-1636	0819	Solvuric / Somnicones / Somnifène « Roche »
1637-1638	0820	Somnothyril / Sonéryl / Soporalose
1639-1640	0821	Sorbocalcion / Soutensa / Sparaplast Fournier / Spartédrine
1641-1642	0822	Spartéine Houdé / Sparto-Camphre / Spartophédrine Béral
1643-1644	0823	Spasa / Spasédol
1645-1646	0824	Spasmacol (Normacol atropiné) / Spasmalgine « Roche »
1647-1648	0825	Spasmidénal Jolly / Spasmine Jolly
1649-1650	0826	Spasmocalcyl / Spasmocarbine
1651-1652	0827	Spasmoflorine / Spasmonal gros / Spasmoneural
1653-1654	0828	Spasmoryl « Ana » / Spasmosédine
1655-1656	0829	Spécifique Bejean / Spectrol / Sphygmotopique
1657-1658	0830	Spiralgine / Spirochtan / Spirogyl
1659-1660	0831	Splénique / Splénocrisines / Splénogastrine / Splénomanganol
1661-1662	0832	Splenomedulla / Splényl / Stal-Kosal / Stalysine
1663-1664	0833	Stanion / Stanno-Sufrol Crosnier / Stannoxyl / Staphylagone
1665-1666	0834	Staphylase du Docteur Doyen / Staphylo-Coccine Fraquet / Staphylothanol / Staphylo-Vaclydun Lysat-vaccin du Docteur Duchon / Strepto-Vaclydun
1667-1668	0835	Staprolysat / Stavafer (ancienne dénomination Stovafer) / Stéramine
1669-1670	0836	Stérandryl / Stérogyl / Stérogyl-15 / Stillargol
1671-1672	0837	Stimulol / Stinergyx
1673-1674	0838	Stomarol / Stopasthme / Stopral
1675-1676	0839	Stovédrine / Stovarsol / Streptoderme
1677-1678	0840	Strongénol / Strontiode / Strophantine Catillon / Strophantus Catillon
1679-1680	0841	Stry-Calcium Aguettant nom nouveau du Stryl-Cal Aguettant / Strychnal / Strychnarsitol Robin / Strychneuron
1681-1682	0842	Strychnine Houdé / Strychno-phospharsinées
1683-1684	0843	Strychnotonine / Styptogénine / Sucre Édulcor
1685-1686	0844	Sucre « vita D » / Sufrol Crosnier / Suiséryl / Sulfagone
1687-1688	0845	Sulfamidex / Sulfamido-suppo / Sulfamyd / Sulfan
1689-1690	0846	Sulfapyridine Zizine / Sulfarsénol / Sulfarsiode
1691-1692	0847	Sulfeumictine / Sulfhydral Chanteaud / Sulfiode / Sulfobiol « S »
1693-1694	0848	Sulfobore Roy / Sulfobyl
1695-1696	0849	Sulfo-Challes / Sulfocrème Liless / Sulfocure / Sulfodermol Flahaut
1697-1698	0850	Sulfoïdol Robin / Sulfolax / Sulfolive / Sulfomaléyl
1699-1700	0851	Sulforgan / Sulfo-Rhinol du Docteur Fayès / Sulfosalyl / Sulfosine « Leo »
1701-1702	0852	Sulfo-Thiorine / Sulfoxyl / Sulfur concentré Dax
1703-1704	0853	Sulfureux Pouillet / Sulfurion
1705-1706	0854	Sulfuryl Monal / Sulsod / Sunalcol
1707-1708	0855	Sunoxidon / Supamide / Sunoxol
1709-1710	0856	Suppabaïne / Suppargyres du Docteur Faucher / Suppoalgos / Suppo-Dolantine
1711-1712	0857	Suppoglandines / Suppoglandines infantiles
1713-1714	0858	Suppo-Gynals / Suppolive / Supponéryl / Suppo-Salyrgane
1715-1716	0859	Suppo-Sédol / Suppositoires Amibiasine / Suppositoires au Nestosyl / Suppositoires Corbière
1717-1718	0860	Suppositoires de camphocalyptol / Suppositoires eucalyptine
1719-1720	0861	Suppositoires Hymel / Suppositoires Logeais / Suppositoires Mictasol / Suppositoires Midy
1721-1722	0862	Suppositoires Pachaut / Suppositoires Pautauberge / Suppositoires Pelvinal / Suppositoires Pepet
1723-1724	0863	Suppos Lemary / Suppos Sédabios / Suppovita / Suprarhinol
1725-1726	0864	Suprasthényl / Sur-Bi-Cal formule du Docteur Martin du Theil / Surparine
1727-1728	0865	Surrasthénine / Surtensine / Surval / Sydenhamine
1729-1730	0866	Sylcase. Silicium-Calcium. Formule du Docteur Cretin / Sympathocrine / Sympathoriane
1731-1732	0867	Sympathyl / Sympax / Syncortyl
1733-1734	0868	Syncrines Choay / Synergyl Vadam / Synthagène / Synthaline B Cruet
1735-1736	0869	Synthéma / Syntropan « Roche » / Tablette Perroud / Tablettes Zeva
1737-1738	0870	Tachygastrine Ducloy / Taenifuge Castel
1739-1740	0871	Taenifuge du Docteur Jacquème / Taenifuge français du Docteur E. Duhourcau / Taenifuge Kirn
1741-1742	0872	Taenifuge Limousin / Tamar indien Grillon / Tamarine / Tampol « Roche »
1743-1744	0873	Tannurgyl du Docteur Le Tanneur / Tapo
1745-1746	0874	Tartrate borico-potassique Pachaut / Taxol / Teinture de Cocheux / Tenebryl Guerbet
1747-1748	0875	Tensédine / Tensol / Tensoryl
1749-1750	0876	Terbinthiol Thomas / Tercodal / Terkal Monal
1751-1752	0877	Terpine Boveil / Terpine Gonnon / Terpine granulée Baron
1753-1754	0878	Testoviron Cruet / Testoviron « T » Cruet / Tétranitrol Roussel / Thalassotonine infantile
1755-1756	0879	Thalassotonine Vadam / Thaolaxine / Thébaïl / Théinol
1757-1758	0880	Théobromine Invar / Théobromose Dumesnil / Théocardine Laleuf / Théominal
1759-1760	0881	Théophylline Bruneau / Théophylline Caréna / Théosalvose / Théostène Scillitique
1761-1762	0882	Théovérine Laleuf / Théoxanthine / Théramine
1763-1764	0883	Thermoplasme / Thiazomide / Thigénol « Roche » / Thi-Lip Aguettant
1765-1766	0884	Thiobyl Bourcet / Thiocitran Thévenot
1767-1768	0885	Thiocol « Roche » / Thiodacaïne Midy / Thiodérazine Midy
1769-1770	0886	Thio-Goudron / Thionaïodine
1771-1772	0887	Thionaïodine Logeais / Thiophan (ex-Rhumofan) / Thiophyl
1773-1774	0888	Thiopon / Thiosédal Borne
1775-1776	0889	Thiosote Lambiotte Frères / Thioxyol du Docteur P. Bourggraff / Thorix (Thorium X Rhemda) / Thyméphédrine
1777-1778	0890	Thymo-Chrome / Thyrocalcine / Thyroïdine Bouty
1779-1780	0891	Thyroxine « Roche » / Tiodine Cognet / Tisane Borkou
1781-1782	0892	Tisane hépatique Dausse / Titane Coirre
1783-1784	0893	Tolem Le Perdriel / Tonibiase
1785-1786	0894	Tonicardine Gonnon / Tonikéine / Tonimalt Mont-Blanc
1787-1788	0895	Toni-Pancrinol / Tonique du Docteur H. Ferré / Tonique Néda / Tonique « Roche »
1789-1790	0896	Tonisystol / Tonophosphane / Tonudol / Tophol
1791-1792	0897	Torantil / Total magnésien / Total Vital / Tot' Cobra
1793-1794	0898	Tot'Hamélis / Tot'Harlem
1795-1796	0899	Tot'Héma Hématopolétique Total / Tot'Héma forme comprimé
1797-1798	0900	Toti-Phos / Tot'Olea / Traitement Ambulatoire
1799-1800	0901	Traphéine / Trasentine
1801-1802	0902	Trépallix
1803-1804	0903	Tréparsol / Tréphonyl / Trépositoires
1805-1806	0904	Tricalcine / Tridigestine Dalloz / Triglandine
1807-1808	0905	Trigosthène / Trinibaïne Laleuf / Trinitral Laleuf / Trinitrine caféinée Dubois
1809-1810	0906	Trinitrine-Caréna / Trinitrine-Papavérine Laleuf / Trinitrine Roussel / Trinitrine simple Laleuf
1811-1812	0907	Trinivérine / Trisalyl / Baume Trisalyl
1813-1814	0908	Triseptine / Trisodyl Rozet / Trophocalcine / Trynol
1815-1816	0909	Tuberculines de l'Institut Mérieux / Tubérol
1817-1818	0910	Tubes Blache / Tubes Dulcis pommades aseptiques
1819-1820	0911	Tubes Ferlux Ratio / Tulle gras Lumière / Tulle gras ruby stérilisé / Tulle rose Beslier
1821-1822	0912	Uclarsyl / Ulcéoplaque Ulcéobande / Ulcéosine / Ulcéobalnéine / Ulréma
1823-1824	0913	Ultracalcine / Ultracrinol / Ultraformine B. et S. / Ultra-Levure
1825-1826	0914	Ultravitamine 4 / Uralysol / Uraseptine Rogier
1827-1828	0915	Ur-Clar / Urémiase / Uréol Chanteaud / Uricémine
1829-1830	0916	Uriclarine / Uricolyse Noêl / Uricure / Urisanine
1831-1832	0917	Urobleu Vergelot / Uroboldine
1833-1834	0918	Urocédrol / Uroclarol / Uroclase
1835-1836	0919	Uroclase / Uroclase « M » / Uroflux / Uroformine Gobey
1837-1838	0920	Uroïodine / Uro-Maïs / Urométhyl
1839-1840	0921	Urométine Lambiotte Frères / Uromil / Urophényl / Urophile
1841-1842	0922	Uroquinol / Urosalyl
1843-1844	0923	Urosélectan B Cruet / Urosiphon / Urticide
1845-1846	0924	Utersan / Uvargol / Uvé / Uvécalcion
1847-1848	0925	Uvéstérol / Vaccin de Weill et Dufourt
1849-1850	0926	Vaccinothérapie Atoxique Cépède / Vaccinothérapie Probios
1851-1852	0927	Vaccinothérapie Probios / Vaccinovules / Vaccin R. N.
1853-1854	0928	Vaccins antibrucelliques polymicrobiens / Vaccins atoxiques stabilisés / Vaccins bactériens I. O. D (Procedés Ranque et Senez) / Vaccins Bruschettini
1855-1856	0929	Vaccins Carrion / Vaccins Clin / Vaccins Demonchy
1857-1858	0930	Vaccins Grémy
1859-1860	0931	Vaccins « Inava » / Vaccins Ivago
1861-1862	0932	Vaccins le Moignic / Vaccins Ronchèse « Ampho-Vaccins »
1863-1864	0933	Vaccins Ronchèse « Ampho-Vaccins » / Vaccins « Virultra »
1865-1866	0934	Vaclydun. Lysats-vaccins du Docteur Louis Duchon / Vaclyderm / Vagoriane / Vagosédyl / Vagostabyl Monin
1867-1868	0935	Valbornine Rogier / Valbrol / Valedyl / Valénal
1869-1870	0936	Valérianate Gabail désodorisé / Valérianate Pierlot / Dragées Pierlot
1871-1872	0937	Valériane Pachaut / Valérobromine Legrand / Valéronal / Vallathen
1873-1874	0938	Valovosan / Valthène / Vanadarsine Guillaumin / Vanadarsine Guillaumin
1875-1876	0939	Vanoxyle Millet / Van-Sol / Vaposulphium
1877-1878	0940	Variphile / Varisclérine / Vascurol / Vaso-Neurine
1879-1880	0941	Vaso-Rhinol / Vaso-Rhinol adrénaliné / V. A. V. / Vaxa
1881-1882	0942	Vaxitiol / Véganine
1883-1884	0943	Végécarnis Bengué / Végélact
1885-1886	0944	Végélax / Végéphos / Végumine / Veinicura du Docteur Dinet
1887-1888	0945	Veinosérol (ancien Velnosérum) / Veinosine / Veinotrope
1889-1890	0946	Veloucrème Vidal / Bande de crêpe Velpeau / Vénocapsyl / Vénules
1891-1892	0947	Verachol / Véralgine / Véramone Cruet / Vériane Buriat
1893-1894	0948	Véricardine / Véritables Grains de santé du Docteur Franck
1895-1896	0949	Vermifuge Chiarini / Vermifuge Cornet / Vermirène Audibert / Verogénol
1897-1898	0950	Véronidia / Verrulyse
1899-1900	0951	Verticurine / Vertox / Véryl / Vésicatoire rose Beslier au Cantharidate de Soude
1901-1902	0952	Viatol / Vicalphos / Vigantol / Vigantol
1903-1904	0953	Vigofruits / Vin anti-diabétique Talon / Vince / Vin de Baudon
1905-1906	0954	Vin Girard / Vin Raci-Bel Racine de Belladone en décoction à 5 p. 100. « Cure Bulgare » / Vin tonique de Vial / Vioforme
1907-1908	0955	Viophan / Viosten du Docteur Lescène / Vioxyl / Viradène (dragées de)
1909-1910	0956	Virmonal « Piam » / Visco-sérum / Viscoveine / Vitacalcine Moncour
1911-1912	0957	Vitacholine / Vitacrine / Vitadiase / Vitadone
1913-1914	0958	Vitagar / Vitalactyl / Vitalyne / Vitamine D Cortial
1915-1916	0959	Vitamine P-P Gerda / Vitamine P.P. / Les Vitamines Byla
1917-1918	0960	Les Vitamines Byla / Vitamines Masson / Vitamorrhuine
1919-1920	0961	Vitamorrhuine / Vitamyl
1921-1922	0962	Vitaol / Vitargyl
1923-1924	0963	Vitarsenic / Vitascorbol / Vitaxyl / Vit-E-Lutéine
1925-1926	0964	Vitène / Vivacure / Vivargyre
1927-1928	0965	Vivoléol / Vogan / Vogan
1929-1930	0966	Voxynox / Vulcapil / Vulcase
1931-1932	0967	Vulcrinol / Vulnamine
1933-1934	0968	Yaourtine / Yo-Androl / Yo-Gynine
1935-1936	0969	Yohimbine Houdé / Yohourthogène Carrion / Yseult
1937-1938	0970	Zomo-Sthénol / Zymatine Lescène / Zymatine irradiée
1939-1940	0971	Zymion / Zymogastrine Kervan / Zymostol
pb	0972	
sn	0973	2e partie. Nomenclature de spécialités pharmaceutiques classées par laboratoires
pb	0974	
1-2	0975	Abadie-Tanzi / Abarnon / Abatilles / Absuric / Acidofco / Actino-Biologie / Adler / Adol (G. Viennois) / Aéïne / Aérocid, Derambure / Aethone / Agénie / N. Aguettant / Aiguë d'Or / Alessandri / Pierre Alexandre / Aliments de santé Bénédictus / Aliments équilibrés Joly / Alpha / Ambrine / Amibiasine / Amicros / Produits Amido / Amiphédrine, L. Hugon / H. Ammann / Ampho-Vaccins Ronchèse / Amybdine / Ana / Androvar / Angelini
3-4	0976	Angiolymphe / Aniodol / Antigénines / Antiphi / Antiphlogistine / Aparoxal / Applications biologiques / Applications pharmacodynamiques / Société Générale d'applications Thérapeutiques / Ardoin / Armanite / Armingeat et Compagnie / Armoril / J.-C. Arnault / Aseptor / Association technique pharmaceutique / P. Astier / Atlas / Atospirine et du Strontiode / Docteur E. Aubert / Marcel Audibert / Augier / A. V. E. / Axos / Badel / G. Baetz / A. Bailly (Sepba) / Docteur Baissade / Docteur Baraige / Barbiflore, H. Adam / Bardiaux
5-6	0977	Bardou / Barthélemy / V. Battut / P. Baude / Bayer / Laboratoire Spécial Bazin, H. Garraud / B. E. A. / Beaufour / Beaugourdon / Beauxis-Lagrave / Belières / Roger Bellon (Louis Ferrand) / Benderitter et Compagnie / Docteur Bengué et fils / Béral / Bernamont / Bernard Garcin / R. Bernardo / G. Bernhard / G. Berthon / Berthoumeyroux / Bertrand / A. Besnier / Bexinine / Beyaert / Beytout / Bière des Nurses / Bio-Bourgogne / biochimie médicale (Ch. Desgrez) / biochimique de l'Est
7-8	0978	Biolabo / biologie médicale et de dermothérapie / biologique de l'Ile-de-France / La Biomarine / Biopharmax / Bios / Biosedra / Produits de la Biothérapie, H. Villette et Compagnie / Bissyl / pharmaceutiques A. Blanc / J. Blanchard / G.-L. Blin / P. Boivert / Boize et Alliot / Bomel / Bonetti / Raoul Bonnay / Bordelais / Borne / Bornéosol / Bornet / Bottu / Docteur Boucard / A. Bouchand / P. Bouchereau / Boudin / Bouillet / G. Boulet / Bourdou / Bourillot / Bourvis-Orthopédie / Bousquet / G. Bousquet / Bouteille / R. Boutin
9-10	0979	Boutroux et Déjardin / Bouty / Boyer / Bracquemond et Compagnie / Analyses Bréant / Brichard et fils / G. Briens / Brisson / Brochon / Broncho-Lactol / Broncho-sérum / Bruel / Bruneau et Compagnie / A. Brunot / Buccaseptyl / Bufox / Buriat / Docteur Butler, Boguet / Buxema, J. Avril / Byla / spécialités Cabasson / Cadior / Caducia / Caillaud / H. Calas / Calmel-Domergue / Camuset
11-12	0980	Canat / Canat / Canol / Cantin / Carbou / René Carlier / A. Caron / Produits Biologiques Carrion / Carron / Carteret / Castel / Catillon / Docteur R. Cavaillès / Cébé / Cérébrine Fournier / G. César Boss / pharmaceutiques Chabre Frères / Yves Chabrol / Chaix / Chalas / Chambon / Chambron / Chantereau (Produits Innothéra) / A. Chapellier / Chapotot / Charbons Fraudin / Charpentier-Rodiet / E. Charpentier / A. Chassaing, R. Le Coq et Compagnie / Chassaing, Le Coq et Compagnie / Chatelut / M. Chatron / Chaumel / Alfred Chauvin
13-14	0981	L. Chauvin / R. Chemineau / Chéradame / Chevillon / Chevretin-Lematte / Chiarini / Chibret / Choay / Christiaens, Docteur René Marq, Sr (Place-Royale) / Produits du Docteur Churchill / Ciba / Citra-Quint, J. Corteel / Léon Claeys / Docteur J.-P. Clary, Vaurs / Clément-Colleson / Clevenot et Rosso / Clin / Cluzel / Codal / Produits Cody / A. Coirier / Coirre / Rob. Colas (Odinot) / Produits Collas et Boudault, Mougnaud et Compagnie / Combefreyroux / Comte / Coquelu
15-16	0982	Corbière et pansements Brevetés Corbière / Cornaud et Brossard (E. Cornaud) / Cortial / Couderc / Coudert / R. Coudert / Courtin / Couturieux / Couvert / J. Cribier / Crinex-Uvé / Crinoflux / Crosnier-Dumesny / Crouy / Cruet / Phytothérapie du Docteur Cuguillière / R. Cuniasse / Curatine Brunet / Cyproveinol / Dagonnot / Daguin / Dalayeun / Dalloz et Compagnie / Daney / A. Daniel Brunet / Dannec'h (M. Martineau) / Darrasse / Darrasse / pharmaceutique Daufresne
17-18	0983	E.-M. Daumas / Daupez / Dausse / Docteur Debat / Dechâtre / Déchosal / Deffarge / Defresne / Deglaude / Dehaussy / Déjardin (A. Boutroux) / Michel-Delalande / Delcambre / Delta / Docteur Demasles / Demoulin / Denis / Denisot / Deodax, R. Renaud / Depruneaux / Dermofagine (L. Sagot) / Dernis / Derol / Désartyl / Deschiens / Descouraux et fils / Dezo / Diasclérol
19-20	0984	Didry / Digastrine / Disalgyl / Doladille / Dorantowicz / Dordin / Dosurine / Douetteau frères / Drapier / Dreyer-Dufer / Drouet et Plet / Société française du Lait sec Dryco / Duboeuf / Dubois / Duc / Ducatte / Ducatte / Ducloy et Compagnie / Henri Dufour / Docteur E. Duhourcau, Legoux frères / Dulcis, Docteur Ferry / Dumesnil / Durant-Monge / E. Duriez / A. Duteil / Echeman / Elaïadine / Élocine / Embryex / Endocrinologie Appliquée
21-22	0985	Endocrinologie Appliquée / Endopancrine / Éon / Éranol / Érythéma / Spécialités Escouflaire, Ternisien / Étienne / Laboratoire général d'Études biologiques / « Laboratoire d'Études et de Réalisations pharmaceutiques de Paris « Etrefa » (R. Gouin et J. Coulet... H. Luzuy) / Eupulmol, Chavatte / Eusedyl / Evine / fabrique internationale d'objets de pansements / Fabrique Vendéenne de produits pharmaceutiques / Fagard / Falvy / Famel / Fantol / Faure / Faure et Dussuel / Faure et Lagente / Produits diététiques Favrichon / Féminadène / Fercocq / Ferlux / G. Fermé / Ferme de Lafaye
23-24	0986	Docteur H. Ferré / E. Ferré, J. Leroy / Docteur Ferry / Docteur Fialip / Fides (M. Vouzellaud) / Fisch et Compagnie / Flahaut / Fluxine, produits Bonthoux (Edm. Joët) / Roger Fosse / Fosset / Fouard / H. Foucher / Produit pharmaceutique A. Fouchère / Fougerat / Foulon / Fournier et Compagnie / Fournier frères / Fourton / Fraisse, père et fils / Laboratoire français de Chimiothérapie / Laboratoire français Gastro-Entérologie / Laboratoire français de produits chimiques et pharmaceutiques, S. Curie / Docteur Fraysse / Freyssinge / H. Frilley / Fumigalène, R. Charbonnel
25-26	0987	Fumouze (H. Glover et Compagnie) / J. Fumouze / Gabail / Gadreau / Gaillard (L. E. V. A.) / Gaizard / Galbrun / Docteur Galimard / Docteur Jacques Galimard / R. Gallier / Gallina / Gallo / Gastrhema / Gastrocitrine / Gatel-Léger / Gavin / Gelia / Gels Médicaux / Genevet / Génévrier / Géraudel / Gerda / Germalpe / Germidor / Gev / Gewa / Girel / Glefina / E. et G. Glomaud / Gloxines / Gmet / Gobey / Godeau / P. Godfrin / Gomenol / Gonnon
27-28	0988	Gonnon / Goupil / Goy / Granuchol / René de Grauwe / Grémy / Grias / Grignon / Grimault / Grorichard / Gros / Grysa / A. Guerbet et Compagnie / Guéret / P. Guérin / R. et M. Guignard / André Guillaumin / Guillaumin et Gérard / Guimelinde / pharmaceutique de Guyenne / Paul Hardy / Hémorex / Hépatomagnésion / Herbel / Heudebert / Louis Hinglais / Hinglais / Hocquette / F. Hoffmann-La Roche et Compagnie
29-30	0989	Houdé / Jean Humbert / G.-Jean Huyghe / Hydroxydase / Hygiène et thérapeutique appliquées / Immunos / Inava / Ingé / Inhalo-Bol / Innothéra (Laboratoire Chantereau) / Inocrinines, Docteur Furst / Biologie appliquée / Institut Biologique Mérieux / Institut Pasteur / Sérothérapie Hémopoiétique / Iodures Cros / Iscovesco / Ivago / Jacquemaire / Jammes / Jammes de Golbery / Jatel / Jauffret / Jécobiase / Jécol / Jicem / G. Jioffredy / Jolly
31-32	0990	Jouenne / Journet / Docteur Jouve / Jouveinal / Juglane / Juin-Guiraud / Julien / Kerckhove / Koehly / Krieger / René Krotoff / Kuhlmann (Produits spécialisés des Établissements), S. Thiéry / Labiola, Laboratoire d'applications Biologique / Labora / Laboradium / Labo-Vita / Lachaise / Lacombe et Compagnie / Lacroix / J. Lafarge / Docteur Lafay, F. Ferrand / Laffort / Lafran / Lagoutte / Lait / Laitancyl / Laitier / Lait Guigoz / Laits Molard / Laleuf
33-34	0991	Lambert / Lambert / Produits Lambiotte frères / Lancosme / Landrier / Landrin et Compagnie / J. Laroze / Latour / Latour / Docteur Laurent-Gérard / Lauriat / Docteur Lavoué / Lavril / Lebeault, Besins et Compagnie / Le Blond / Le Brazidec / Le Brun / Leconte / Lecoq / Lécuyer / Ledent / Docteur Yves Ledoux / Lees, Docteur P. Rolland / M. Lefebvre / Docteur J. Lefèvre / Lefrancq / Legendre / P.-V. Léger / Legoux frères / Lejeune / Le matte et Boinot / R. Léonardon / Le Perdriel
35-36	0992	Docteur Leprince / Lescène / G. Lesourd / Lettry / Leurquin / L. E. V. A. / Licardy / Lindeux / Lipides / Liposeptine / Lipo-Vaccins / Lobica / Lobru, Louis Brun / Lobry / spécialités Scientifiques Logeais / Jacques Logeais / P. Loiseau / Longuet / Lorrain de produits purs / J. Lorthioir / André Lucien / Lucinia / Lumière (Produits chimiques spéciaux « Brevets Lumière ») / Madyl / Magsalyl / Mahé / Mainguy, M. Bassin, Bondy / Maisleriase
37-38	0993	Malaval et J. Rousselin / Mannet / Margex / Marin de Pontaillac / Marinier / Maronneau-Morel / Mars / Martin / Martin / Martin / Docteur H. Martinet / Martinie / Martin-Mazade / Marubor / Masson / H. Masson / Mauchant / J. Maunand / Maussion / Mayoly Spindler / Péchin / Médecine expérimentale / Médecine moderne / Médial / Médicia / Médico-Pharmacologique de Vichy / Médico-Scientifiques / Mercier / Mercurochrome 220 H. W. D. / Merminod / Paul Métadier / Mexyl / M. G.
39-40	0994	Docteur Mialhe / Michelon / Michels / Mictasol / Midy / L. Mignard / E. Millet / Millet et Guillaumin / Millot / Miluc (L. Ragoucy) / Minerva / Miquel / A. Mironneau / Valentin Aage Moller / Monal / Moncour / Monin / Montagu / Montmorot (Société des) / Moreau / Morellet / Moser et Compagnie / Mouneyrat, Docteur Mouneyrat / L.-J. Mounier / Mouré, P. Cotard / J. Mousnier-Delerme / Muxagol / Myoral / Nacher / Nader
41-42	0995	Nativelle / Néoplastex (Thuasne et Compagnie) / Néo-Rhénium / Néphralbine / Nestlé / Noël / Noelline / H. Noguès / Nollet / Norgan / Novalis / Novigol / Nutri-Vita / Oberlin / Odilia / Oliphédrol / J. Olive / Omnither / Opocalcium (A. Ranson) / Opochimiothérapie / Opos (Homps, Phien) / Orcalcine / Ossyl, Docteur F. Vasseur / Ostréiode / Oxyaminothérapie / Oxyplastine / Ozol / Ozothine / Pachaut / R. Paméla / Papier Eymonnet / Paraïode
43-44	0996	F. Parat / Paret / A. Paris / Pathologie générale / Pauche / Pautauberge / Pectosédyl / Pépin et Leboucq / Pepticol / Perrier / H. Perrin / Perrochon / J.-P Petit et Compagnie / Phagolysine / pharmaceutique du Rhône (P. Guély) / Pharmacie anglaise des Champs-Élysées / Biologique, A. Cépède / Pharmacie Centrale de Belgique / Pharmacie Centrale de France / Pharmacie appliquée / pharmacologie générale (Vial et Compagnie) / Philippe / Produits du Docteur Philippe / Phosma (M. Labrousse, Phien) / Phosphates Vitaminés (Caubin) / Phygiène / Physiologie et de thérapeutique / Phytothérapie de Paris / Phytothérapie Expérimentale « Sophyta » / Pialoux / Pichon / Picot / Docteur Pillet / Pillier
45-46	0997	Docteur Pinard / Pinguet / Docteur Plantier / J. Plé / Plexosedol / Pointet et Girard / Produits Polypharma Concessionnaire : L. Brun / Pompanon / Porcher / Porsin / Praticien / Prigniau / Prijac / Probios / Procham / Produits Biologiques I. M (S. Savigneux) / Produits du Maïs / Proxytases / Pruvost / Pugetol / Pyodolysine (F. Martin) / Quiès / Quina Baron / Quina Bourcet / Quinsal (R. Didillon) / Quintocoq / Quiret / Ranque et Senez / D. Raquet / Reaubourg et Compagnie / Reboul / Regagnon et Compagnie
47-48	0998	Renard / Renard et Compagnie / Renaud / Docteur Renaud / Rey / Reygagne / Rhemda / Ricardon et Compagnie / M. Richard / Richer / Richou / Rissa / M. de Rive / H. Rivier / J. Robert / Robert / Robert et Carrière / Robia, M. Robilliart / Robin / Robinet / Produits « Roche » / Roche / Ch. Roche / Rocher / Rogé Cavaillès, M. Lachartre
49-50	0999	Rogerma / Henry Rogier / Albert Rolland / Roger Rolland / Romon / Roques / Rosa / L. Rouanet / R. Rougeyrolles / Docteur Roure-Guiot / Rousseau / Docteur Rousseau / Roussel / Docteur Roussel / Docteur Roussel / R. Roussel / M.-A. Roux (M. A. R.) / Roux / Émile Roux / Royannais / Pansements Ruby / Sabatier-Emptoz / Salantale / Salibra / Salifrêne / Produit Sandoz / Sanomédia / Santhéose / Sapolinol / Saporex (S. A. R. L.)
51-52	1000	Sarcoptol / thérapeutique antirhumatismale Sarein / Sassé / Saudemont / Saugier-Thoral / Saunier / Sauvageon / Sauze / Roger Savoire / Henri Schéhadé / Schoum / Produits Scientia (Docteur E. Perraudin) / Seclo / Sédatussine, A. Jourdin / Sedhepatine / Ch. Séguin / Serindat / Séroxéma / Serpent / J.-M. Serre / Servier / Sevenet / Sévigné / Sféat / Silbert et Ripert / S. I. T. S. A (Droguerie et Spécialités dentaires du Docteur Pierre Rolland) / Sodésyl / Soudan / Soufre Organique / Souriguère / Spasmoneural
53-54	1001	« Spécia » (Société parisienne d'expansion chimique) / Spécifique Bejean / Spes-Guiraud / Stelvia / H. Stouls / Substantia (S. A.) / Substantia / Sud-Labo, R. Teychené, Phien / Sujal / Sulfobiol / Sulfo-Thiorine / Suppovita / Synthesis / Tachot et Vigan / Docteur Talon / Tamarine, Docteur Furt / L. Tattevin / P. Tavernier / Tercine et Roulier / Teyssèdre / Thaidelmo / A. Thépénier / thérapeutique appliquée P. Clément / « Théraplix », Société générale d'application thérapeutique
55-56	1002	<ATTillisible> / Thévenot / Thiriet et Compagnie / Thirode / Thomas et Pachaut / Tillat-Chanteaud / G. Tinard / Docteur G. Tissot / R. Tixier / Tophol / Toraude / Toti-Phos / Trisalyl / Troncin / Trouette-Perret / Union Chimique et Biologique / Unis-Spès / Uroclase / Uroflux / Uroïodine / Uromil (L. Bélières) / Urosiphon / Usines Chimiques des Laboratoires français / Vaccins en Plasma marin / Valthène (A. Valat) / Valtry / Vénocapsyl
57-58	1003	Venot / E. Verdon / Ch. Vergelot / Verne / Vial / H. Vial / Vicalphos / Vigier (J. Huerre et Compagnie) / Vigier-Lesure / Vigor / G. Villard / Vincent / Vincent / Viophan / Virultra / Vogein / Wander, P. Bastien / Société anonyme des Établissements Wander / Warin / Weber / A. Welcker et Compagnie / Yvrard / Docteur Zizine
pb	1004	
sn	1005	
sn	1006	[Plat]
