page	refimg	chapitre
[sans numérotation]	0001	[Page de faux-titre]
[sans numérotation]	0002	
[sans numérotation]	0003	[Page de titre]
[page blanche]	0004	
1	0005	Rhume [Brochin]
2	0006	Rhume [Brochin]
3	0007	Rhume [Brochin]
4	0008	Rhume [Brochin]
5	0009	Rhume [Brochin]
6	0010	Rhume [Brochin]
7	0011	Rhume [Brochin]
8	0012	Rhume [Brochin]
9	0013	Rhume [Brochin]
10	0014	Rhume [Brochin]
11	0015	Rhume [Brochin]
12	0016	Rhume [Brochin]
13	0017	Rhume [Brochin] / Rhumel (Jean-Conrad) [A. Chéreau] (bibliographie) / Rhus. Voy. Sumac / Rhygolène. Voy. Rhigolène / Rhynchophores [Paul Gervais] / Rhyne (Guillaume) [A. Chéreau] / Riberi (Alessandro) [E. Beaugrand]
14	0018	Riberi (Alessandro) [E. Beaugrand] (bibliographie) / Ribes (Les deux) [E. Beaugrand]
15	0019	Ribes (Les deux) [E. Beaugrand] (bibliographie)
16	0020	Ribes (Les deux) [E. Beaugrand] (bibliographie) / Ribes. Voy. Groseillier / Richard l'Anglais [E. Beaugrand] / Richard (Les) [A. Chéreau, E. Beaugrand]
17	0021	Richard (Les) [A. Chéreau, E. Beaugrand] (bibliographie)
18	0022	Richard (Les) [A. Chéreau, E. Beaugrand] (bibliographie)
19	0023	Richard (Les) [A. Chéreau, E. Beaugrand] (bibliographie) / Richard de Hantesierk (Le Baron) [A. Chéreau]
20	0024	Richard de Hantesierk (Le Baron) [A. Chéreau] (bibliographie) / Richardia. Voy. Richardsonia / Richardsonia [G. Planchon] / Riche (Claude-Antoine-Gaspard) [A. Dureau]
21	0025	Riche (Claude-Antoine-Gaspard) [A. Dureau] (bibliographie) / Richerand (Anthelme-Balthasar) [A. Chéreau]
22	0026	Richerand (Anthelme-Balthasar) [A. Chéreau]
23	0027	Richerand (Anthelme-Balthasar) [A. Chéreau] (bibliographie)
24	0028	Richerand (Anthelme-Balthasar) [A. Chéreau] (bibliographie) / Richond des Brus (Louis-François-Régis-Adolphe) [E. Beaugrand] / Richter (Les) [A. Dureau]
25	0029	Richter (Les) [A. Dureau] (bibliographie)
26	0030	Richter (Les) [A. Dureau] (bibliographie)
27	0031	Richter (Les) [A. Dureau] (bibliographie) / Ricin / Botanique [H. Baillon]
28	0032	Ricin. Botanique [H. Baillon] (bibliographie) / Pharmacologie [T. Gobley]
29	0033	Ricin. Pharmacologie [T. Gobley]
30	0034	Ricin. Pharmacologie [T. Gobley]
31	0035	Ricin. Pharmacologie [T. Gobley] / Thérapeutique [J. Delioux de Savignac]
32	0036	Ricin. Thérapeutique [J. Delioux de Savignac]
33	0037	Ricin. Thérapeutique [J. Delioux de Savignac]
34	0038	Ricin. Thérapeutique [J. Delioux de Savignac]
35	0039	Ricin. Thérapeutique [J. Delioux de Savignac]
36	0040	Ricin. Thérapeutique [J. Delioux de Savignac]
37	0041	Ricin. Thérapeutique [J. Delioux de Savignac]
38	0042	Ricin. Thérapeutique [J. Delioux de Savignac]
39	0043	Ricin. Thérapeutique [J. Delioux de Savignac] (bibliographie) / Ricin (Zool) [A. Laboulbène] / Ricinélaïdine [Malaguti]
40	0044	Ricinélaïdine [Malaguti] / Ricinélaïdique (Acide) [Malaguti] / Ricinine [Malaguti] / Ricinique (Acide) [Malaguti] / Ricinolamide [Malaguti]
41	0045	Ricinolamide [Malaguti] / Ricinolique (Acide) [Malaguti] / Ricins [A. Laboulbène]
42	0046	Ricins [A. Laboulbène]
43	0047	Ricins [A. Laboulbène]
44	0048	Ricins [A. Laboulbène] / Rideux (Les) [L. Hahn]
45	0049	Rideux (Les) [L. Hahn] (bibliographie) / Ridley (Les) [A. Chéreau] / Riedel (Les) [L. Hahn]
46	0050	Riedel (Les) [L. Hahn] (bibliographie)
47	0051	Riedel (Les) [L. Hahn] (bibliographie) / Riedlin (Les Deux) [A. Chéreau] / Rieumajou (Eaux minérales de) [A. Rotureau]
48	0052	Rieumajou (Eaux minérales de) [A. Rotureau] (bibliographie) / Riffault-Deshêtres (Jean-René-Denis) [A. Dureau] / Rigal (Les deux) [E. Beaugrand]
49	0053	Rigal (Les deux) [E. Beaugrand] (bibliographie) / Rigby (Les deux) [E. Beaugrand]
50	0054	Rigby (Les deux) [E. Beaugrand] (bibliographie)
51	0055	Rigidité [Amédée Dechambre] / Rigor. Voy. Frisson [D.] / Rigord [E. Beaugrand]
52	0056	Rigord [E. Beaugrand] / Rigot (Félix) [E. Beaugrand] (bibliographie) / Rilliet (Frédéric) [E. Beaugrand]
53	0057	Rilliet (Frédéric) [E. Beaugrand] (bibliographie) / Ring (John) [A. Chéreau] / Riolan (Les deux) [A. Chéreau]
54	0058	Riolan (Les deux) [A. Chéreau]
55	0059	Riolan (Les deux) [A. Chéreau] (bibliographie)
56	0060	Riolan (Les deux) [A. Chéreau] (bibliographie) / Riolozinique (Acide) [Schützenberger]
57	0061	Riolozinique (Acide) [Schützenberger] (bibliographie) / Ripault (L.-H.-Ant.) [E. Beaugrand] / Rippoldsau (Eaux minérales, cures de petit-lait, bains de gaz de) [A. Rotureau]
58	0062	Rippoldsau (Eaux minérales de) [A. Rotureau]
59	0063	Rippoldsau (Eaux minérales de) [A. Rotureau]
60	0064	Rippoldsau (Eaux minérales de) [A. Rotureau]
61	0065	Rippoldsau (Eaux minérales de) [A. Rotureau] (bibliographie) / Rire [Amédée Dechambre]
62	0066	Rire [Amédée Dechambre]
63	0067	Rire [Amédée Dechambre]
64	0068	Rire [Amédée Dechambre] / Risorius novus de Santorini [Amédée Dechambre] / Risueno de Amador (Benigno-Juan-Isidoro) [E. Beaugrand] (bibliographie) / Ristelhueber (M.-A.) [E. Beaugrand]
65	0069	Ristelhueber (M.-A.) [E. Beaugrand] (bibliographie) / Rité [G. Planchon] / Ritgen (Fred.-Aug.-Max.-Franz von) [E. Beaugrand]
66	0070	Ritgen (Fred.-Aug.-Max.-Franz von) [E. Beaugrand] (bibliographie) / Ritter (Les) [A. Dureau] / Rivallié (Jean) [E. Beaugrand]
67	0071	Rivallié (Jean) [E. Beaugrand] (bibliographie) / Rivera (Francisco Suares de) [E. Beaugrand] / Rivière et la Rivière (Les) [A. Chéreau]
68	0072	Rivière et la Rivière (Les) [A. Chéreau] (bibliographie)
69	0073	Rivière et la Rivière (Les) [A. Chéreau] / Rivière (Potion de) [Amédée Dechambre] / Rivinus (Bachman dit André) [A. Dureau] (bibliographie) / Rivinus (Augustus-Quirinus) [A. Dureau]
70	0074	Rivinus (Augustus-Quirinus) [A. Dureau] (bibliographie) / Rivuline [Schützenberger] / Riz / Botanique [G. Planchon]
71	0075	Riz. Botanique [G. Planchon] / Bromatologie [Ernest Labbée]
72	0076	Riz. Bromatologie [Ernest Labbée]
73	0077	Riz. Bromatologie [Ernest Labbée]
74	0078	Riz. Bromatologie [Ernest Labbée]
75	0079	Riz. Bromatologie [Ernest Labbée]
76	0080	Riz. Bromatologie [Ernest Labbée]
77	0081	Riz. Bromatologie [Ernest Labbée]
78	0082	Riz. Bromatologie [Ernest Labbée]
79	0083	Riz. Bromatologie [Ernest Labbée] / Thérapeutique [Ernest Labbée]
80	0084	Riz. Thérapeutique [Ernest Labbée] (bibliographie) / Rizières (Hygiène agricole) [E. Beaugrand]
81	0085	Rizières (Hygiène agricole) [E. Beaugrand]
82	0086	Rizières (Hygiène agricole) [E. Beaugrand]
83	0087	Rizières (Hygiène agricole) [E. Beaugrand]
84	0088	Rizières (Hygiène agricole) [E. Beaugrand]
85	0089	Rizières (Hygiène agricole) [E. Beaugrand]
86	0090	Rizières (Hygiène agricole) [E. Beaugrand]
87	0091	Rizières (Hygiène agricole) [E. Beaugrand]
88	0092	Rizières (Hygiène agricole) [E. Beaugrand] (bibliographie)
89	0093	Roanne (Eau minérale de) [A. Rotureau] / Rob [T. Gobley] / Robert (Les) [E. Beaugrand]
90	0094	Robert (Les) [E. Beaugrand] (bibliographie)
91	0095	Robert (Les) [E. Beaugrand] (bibliographie) / Robert Thomas (Poudre de) [Amédée Dechambre] / Robertson [E. Beaugrand]
92	0096	Robertson [E. Beaugrand] (bibliographie) / Robinet (Stéphane) [E. Beaugrand] / Robinier [G. Planchon]
93	0097	Robinier [G. Planchon] (bibliographie) / Robinine [Amédée Dechambre] / Robinique (Acide) [Amédée Dechambre] / Robiquet (Les) [A. Dureau, E. Beaugrand]
94	0098	Robiquet (Les) [A. Dureau, E. Beaugrand] (bibliographie) / Robsahm (Olof-Abraham) [A. Dureau] / Robur. Voy. Chêne
95	0099	Rocambole. Voy. Ail / Roccelle. Voy. Orseille / Roccelline [Malaguti] / Roccellique (Acide) [Malaguti] / Roche (Juan-Luis) [A. Beaugrand] / Roche (Louis-Charles) [E. Beaugrand]
96	0100	Roche (Louis-Charles) [E. Beaugrand]
97	0101	Roche (Louis-Charles) [E. Beaugrand] (bibliographie) / Roche-Carbon (La) (Eau minérale de). Voy. La Roche-Cardon / Roche-Corbon (Eau minérale de) [A. Rotureau] / Roche-Posay (La) (Eau minérale de). Voy. La Roche-Posay / Roche-Savine (Saint-Amant-) (Eaux minérales de) [A. Rotureau]
98	0102	Roche-Savine (Saint-Amant-) (Eaux minérales de) [A. Rotureau] / Rochefort (Eau minérale de) [A. Rotureau]
99	0103	Rochefort (Eau minérale de) [A. Rotureau]
100	0104	Rochefort (Eau minérale de) [A. Rotureau]
101	0105	Rochefort (Eau minérale de) [A. Rotureau] (bibliographie) / Rocher. Voy. Crâne et Temporal / Roches (Les) (Eau minérale de). Voy. Les Roches / Rochoux (Jacques-André) [A. Dureau]
102	0106	Rochoux (Jacques-André) [A. Dureau] (bibliographie) / Rocou, Rocouyer [H. Baillon]
103	0107	Rocou, Rocouyer [H. Baillon]
104	0108	Rocou, Rocouyer [H. Baillon] (bibliographie) / Rodet (Jean-Baptiste-Claude) [E. Beaugrand]
105	0109	Rodet (Jean-Baptiste-Claude) [E. Beaugrand] (bibliographie) / Rodriguez (Les) [E. Beaugrand]
106	0110	Rodriguez (Les) [E. Beaugrand] (bibliographie) / Rodriguez de Vera (Manuel-Ant.) [E. Beaugrand] / Roeber (Frédéric-Auguste) [A. Dureau] / Roebruck (John) [A. Dureau]
107	0111	Roebruck (John) [A. Dureau] / Roederer (Les) [A. Dureau] (bibliographie)
108	0112	Roederer (Les) [A. Dureau] (bibliographie) / Roemer (Les) [L. Hahn]
109	0113	Roemer (Les) [L. Hahn] (bibliographie) / Roeschlaub (Johann-Andreas) [E. Beaugrand]
110	0114	Roeschlaub (Johann-Andreas) [E. Beaugrand] (bibliographie) / Roesel von Rosenhof (August-Johann) [L. Hahn] / Roeser (Les) [L. Hahn]
111	0115	Roeser (Les) [L. Hahn] (bibliographie) / Roeslin (Eucharius) [E. Beaugrand] / Roestelia [J. De Seynes]
112	0116	Roger (de Parme), Ruggiero [E. Beaugrand]
113	0117	Roger (de Parme), Ruggiero [E. Beaugrand] / Rognetta (Francesco) [E. Beaugrand]
114	0118	Rognetta (Francesco) [E. Beaugrand] (bibliographie) / Roland ou Rolando (Les) [E. Beaugrand]
115	0119	Roland ou Rolando (Les) [E. Beaugrand]
116	0120	Roland ou Rolando (Les) [E. Beaugrand] (bibliographie) / Rolfinck (Guerner) [A. Chéreau]
117	0121	Rolfinck (Guerner) [A. Chéreau] (bibliographie) / Rollo (John) [E. Beaugrand] / Roloff (Chrétien-Louis) [A. Dureau]
118	0122	Roloff (Chrétien-Louis) [A. Dureau] (bibliographie) / Romain (Adrien) [A. Dureau] / Romain (Éthnologie). Voy. Italie / Romaine. Voy. Laitue / Romain-le-Puy (Saint-) (Eaux minérales de) [A. Rotureau]
119	0123	Romain-le-Puy (Saint-) (Eaux minérales de) [A. Rotureau] / Romani (Giovanni de) [E. Beaugrand] / Romanie. Voy. Roumanie / Romanson (Henri-Wilhelm) [A. Dureau] (bibliographie) / Romarin / Botanique [G. Planchon]
120	0124	Romarin. Botanique [G. Planchon] (bibliographie) / Emploi médical [Ernest Labbée]
121	0125	Romarin. Emploi médical [Ernest Labbée]
122	0126	Romarin. Emploi médical [Ernest Labbée]
123	0127	Romarin. Emploi médical [Ernest Labbée] (bibliographie) / Romberg (Moritz-Heinrich) [E. Beaugrand]
124	0128	Romberg (Moritz-Heinrich) [E. Beaugrand] (bibliographie) / Rome [Léon Colin]
125	0129	Rome [Léon Colin]
126	0130	Rome [Léon Colin]
127	0131	Rome [Léon Colin]
128	0132	Rome [Léon Colin]
129	0133	Rome [Léon Colin]
130	0134	Rome [Léon Colin]
131	0135	Rome [Léon Colin]
132	0136	Rome [Léon Colin]
133	0137	Rome [Léon Colin]
134	0138	Rome [Léon Colin]
135	0139	Rome [Léon Colin]
136	0140	Rome [Léon Colin]
137	0141	Rome [Léon Colin]
138	0142	Rome [Léon Colin]
139	0143	Rome [Léon Colin]
140	0144	Rome [Léon Colin]
141	0145	Rome [Léon Colin]
142	0146	Rome [Léon Colin]
143	0147	Rome [Léon Colin]
144	0148	Rome [Léon Colin]
145	0149	Rome [Léon Colin]
146	0150	Rome [Léon Colin]
147	0151	Rome [Léon Colin]
148	0152	Rome [Léon Colin]
149	0153	Rome [Léon Colin]
150	0154	Rome [Léon Colin]
151	0155	Rome [Léon Colin]
152	0156	Rome [Léon Colin]
153	0157	Rome [Léon Colin]
154	0158	Rome [Léon Colin]
155	0159	Rome [Léon Colin]
156	0160	Rome [Léon Colin]
157	0161	Rome [Léon Colin]
158	0162	Rome [Léon Colin]
159	0163	Rome [Léon Colin]
160	0164	Rome [Léon Colin]
161	0165	Rome [Léon Colin]
162	0166	Rome [Léon Colin]
163	0167	Rome [Léon Colin]
164	0168	Rome [Léon Colin]
165	0169	Rome [Léon Colin]
166	0170	Rome [Léon Colin]
167	0171	Rome [Léon Colin]
168	0172	Rome [Léon Colin]
169	0173	Rome [Léon Colin]
170	0174	Rome [Léon Colin]
171	0175	Rome [Léon Colin]
172	0176	Rome [Léon Colin]
173	0177	Rome [Léon Colin]
174	0178	Rome [Léon Colin]
175	0179	Rome [Léon Colin]
176	0180	Rome [Léon Colin]
177	0181	Rome [Léon Colin]
178	0182	Rome [Léon Colin]
179	0183	Rome [Léon Colin]
180	0184	Rome [Léon Colin]
181	0185	Rome [Léon Colin]
182	0186	Rome [Léon Colin]
183	0187	Rome [Léon Colin] (bibliographie)
184	0188	Rome [Léon Colin] (bibliographie) / Ronander (Carl-Wilhelm-Henrik) [A. Dureau] / Ronas [G. Planchon] / Roncalli-Parolino (Francesco, comte) [E. Beaugrand]
185	0189	Ronce / Botanique [H. Baillon]
186	0190	Ronce. Botanique [H. Baillon]
187	0191	Ronce. Botanique [H. Baillon]
188	0192	Ronce. Botanique [H. Baillon] (bibliographie) / Emploi médical [J. Delioux de Savignac]
189	0193	Ronce / Emploi médical [J. Delioux de Savignac] / Rond (Muscle). Voy. Ronds / Rondelet (Guillaume) [A. Chéreau] (bibliographie)
190	0194	Rondelet (Guillaume) [A. Chéreau] (bibliographie) / Rondelette ou Rondette. Voy. Glechoma et Lierre terrestre) / Rondier. Voy. Arenga / Ronds (Muscles grand et petit-) [Amédée Dechambre] / Ronflement [Maurice Krishaber]
191	0195	Ronflement [Maurice Krishaber] / Ronflement (Auscultation). Voy. Râle / Rongeurs [Paul Gervais]
192	0196	Rongeurs [Paul Gervais]
193	0197	Rongeurs [Paul Gervais]
194	0198	Rongeurs [Paul Gervais]
195	0199	Rongeurs [Paul Gervais] (bibliographie) / Roonhuysen (Les deux) [A. Chéreau] / Roose (Théodore-George-Auguste) [A. Chéreau]
196	0200	Roose (Théodore-George-Auguste) [A. Chéreau] (bibliographie) / Roquetaillade (Jean de la) [L. Hahn]
197	0201	Roquetaillade (Jean de la) [L. Hahn] (bibliographie) / Roques (Joseph) [E. Beaugrand]
198	0202	Roquette [G. Planchon] (bibliographie) / Rorquals [Paul Gervais]
199	0203	Rorquals [Paul Gervais]
200	0204	Rorquals [Paul Gervais]
201	0205	Rorquals [Paul Gervais]
202	0206	Rorquals [Paul Gervais] (bibliographie) / Ros Solis. Voy. Drosera / Rosacées [H. Baillon]
203	0207	Rosacées [H. Baillon] (bibliographie)
204	0208	Rosacées [H. Baillon] (bibliographie) / Rosacique (Acide) [Amédée Dechambre] / Rosains (Bernardo-Dominguez) [E. Beaugrand] / Rosaniline. Voy. Fuchsine et Goudron de houille) [Schützenberger] / Rosat (Miel). Voy. Mellites / Rosat (Onguent) [T. Gobley]
205	0209	Rosat (Onguent) [T. Gobley] / Roscoff (Station marine de) [A. Rotureau] / Rose (Heinrich) [E. Beaugrand] (bibliographie) / Rose, Rosier / Botanique [H. Baillon, G. Planchon]
206	0210	Rose, Rosier. Botanique [H. Baillon, G. Planchon]
207	0211	Rose, Rosier. Botanique [H. Baillon, G. Planchon]
208	0212	Rose, Rosier. Botanique [H. Baillon, G. Planchon] (bibliographie)
209	0213	Rose, Rosier. Botanique [H. Baillon, G. Planchon] / Pharmacologie [J. Delioux de Savignac]
210	0214	Rose, Rosier. Pharmacologie [J. Delioux de Savignac]
211	0215	Rose, Rosier. Pharmacologie [J. Delioux de Savignac]
212	0216	Rose, Rosier. Pharmacologie [J. Delioux de Savignac]
213	0217	Rose, Rosier. Pharmacologie [J. Delioux de Savignac]
214	0218	Rose, Rosier. Pharmacologie [J. Delioux de Savignac]
215	0219	Rose, Rosier. Pharmacologie [J. Delioux de Savignac]
216	0220	Rose, Rosier. Pharmacologie [J. Delioux de Savignac]
217	0221	Rose, Rosier. Pharmacologie [J. Delioux de Savignac] (bibliographie) / Roseau / Botanique [G. Planchon]
218	0222	Roseau. Botanique [G. Planchon] (bibliographie) / Emploi médical [Amédée Dechambre] / Rosée [E. Renou]
219	0223	Rosée [E. Renou]
220	0224	Rosée [E. Renou] / Roséine [Schützenberger] / Rosen de Rosenstein (Nicolas) [A. Chéreau]
221	0225	Rosenmueller (Jean-Chrétien) [A. Chéreau] (bibliographie) / Rosenmueller (Organe de). Voy. Ovaires / Rosenthal (Friedrich-Christian) [L. Hahn]
222	0226	Rosenthal (Friedrich-Christian) [L. Hahn] (bibliographie) / Roséole [Henri Roger, Damaschino]
223	0227	Roséole [Henri Roger, Damaschino]
224	0228	Roséole [Henri Roger, Damaschino]
225	0229	Roséole [Henri Roger, Damaschino]
226	0230	Roséole [Henri Roger, Damaschino]
227	0231	Roséole [Henri Roger, Damaschino]
228	0232	Roséole [Henri Roger, Damaschino]
229	0233	Roséole [Henri Roger, Damaschino]
230	0234	Roséole [Henri Roger, Damaschino]
231	0235	Roséole [Henri Roger, Damaschino]
232	0236	Roséole [Henri Roger, Damaschino]
233	0237	Roséole [Henri Roger, Damaschino]
234	0238	Roséole [Henri Roger, Damaschino]
235	0239	Roséole [Henri Roger, Damaschino]
236	0240	Roséole [Henri Roger, Damaschino] / Rosheim (Eau minérale et cure de petit-lait de) [A. Rotureau] / Rosheim (Eau minérale de) [A. Rotureau]
237	0241	Rosheim (Eau minérale de) [A. Rotureau] / Rosier. Voy. Rose / Rosmarinus. Voy. Romarin / Rosocyanine [Schützenberger] (bibliographie) / Rosolique (Acide) [Schützenberger] / Rossi (Giovanni) [E. Beaugrand]
238	0242	Rossi (Giovanni) [E. Beaugrand] (bibliographie) / Rossignol [Paul Gervais] / Rossignol des Tanneurs [Amédée Dechambre] / Rostan (Léon-Louis) [A. Chéreau]
239	0243	Rostan (Léon-Louis) [A. Chéreau]
240	0244	Rostan (Léon-Louis) [A. Chéreau] (bibliographie) / Rot. Voy. Éructation / Rota (Les) [A. Dureau] / Rotang [G. Planchon]
241	0245	Rotang [G. Planchon] (bibliographie) / Rotarius (Sébastien) [A. Dureau] / Rotateurs [Paul Gervais]
242	0246	Rotateurs [Paul Gervais] / Rotatoire (Bruit) [Amédée Dechambre]
243	0247	Roth (Albert-Guillaume) [A. Dureau] (bibliographie) / Rothenbach (Eau minérale de) [A. Rotureau] / Rothenfels (Eau minérale de) [A. Rotureau]
244	0248	Rothenfels (Eau minérale de) [A. Rotureau] / Rotifères [Paul Gervais]
245	0249	Rotin. Voy. Rotang / Rotterdam (Jean-Charles Van) [E. Beaugrand] (bibliographie) / Rottlera [H. Baillon] / Rottlerine [Amédée Dechambre] / Rotule [Paul Berger] / Anatomie [Paul Berger]
246	0250	Rotule. Anatomie [Paul Berger]
247	0251	Rotule. Anatomie [Paul Berger]
248	0252	Rotule. Anatomie [Paul Berger]
249	0253	Rotule. Anatomie [Paul Berger]
250	0254	Rotule. Anatomie [Paul Berger] / Pathologie [Paul Berger]
251	0255	Rotule. Pathologie [Paul Berger]
252	0256	Rotule. Pathologie [Paul Berger]
253	0257	Rotule. Pathologie [Paul Berger]
254	0258	Rotule. Pathologie [Paul Berger]
255	0259	Rotule. Pathologie [Paul Berger]
256	0260	Rotule. Pathologie [Paul Berger]
257	0261	Rotule. Pathologie [Paul Berger]
258	0262	Rotule. Pathologie [Paul Berger]
259	0263	Rotule. Pathologie [Paul Berger]
260	0264	Rotule. Pathologie [Paul Berger]
261	0265	Rotule. Pathologie [Paul Berger]
262	0266	Rotule. Pathologie [Paul Berger]
263	0267	Rotule. Pathologie [Paul Berger]
264	0268	Rotule. Pathologie [Paul Berger]
265	0269	Rotule. Pathologie [Paul Berger]
266	0270	Rotule. Pathologie [Paul Berger]
267	0271	Rotule. Pathologie [Paul Berger]
268	0272	Rotule. Pathologie [Paul Berger]
269	0273	Rotule. Pathologie [Paul Berger]
270	0274	Rotule. Pathologie [Paul Berger]
271	0275	Rotule. Pathologie [Paul Berger]
272	0276	Rotule. Pathologie [Paul Berger]
273	0277	Rotule. Pathologie [Paul Berger]
274	0278	Rotule. Pathologie [Paul Berger]
275	0279	Rotule. Pathologie [Paul Berger]
276	0280	Rotule. Pathologie [Paul Berger]
277	0281	Rotule. Pathologie [Paul Berger]
278	0282	Rotule. Pathologie [Paul Berger]
279	0283	Rotule. Pathologie [Paul Berger]
280	0284	Rotule. Pathologie [Paul Berger]
281	0285	Rotule. Pathologie [Paul Berger]
282	0286	Rotule. Pathologie [Paul Berger]
283	0287	Rotule. Pathologie [Paul Berger]
284	0288	Rotule. Pathologie [Paul Berger]
285	0289	Rotule. Pathologie [Paul Berger]
286	0290	Rotule. Pathologie [Paul Berger]
287	0291	Rotule. Pathologie [Paul Berger]
288	0292	Rotule. Pathologie [Paul Berger]
289	0293	Rotule. Pathologie [Paul Berger]
290	0294	Rotule. Pathologie [Paul Berger]
291	0295	Rotule. Pathologie [Paul Berger]
292	0296	Rotule. Pathologie [Paul Berger]
293	0297	Rotule. Pathologie [Paul Berger]
294	0298	Rotule. Pathologie [Paul Berger]
295	0299	Rotule. Pathologie [Paul Berger]
296	0300	Rotule. Pathologie [Paul Berger]
297	0301	Rotule. Pathologie [Paul Berger]
298	0302	Rotule. Pathologie [Paul Berger]
299	0303	Rotule. Pathologie [Paul Berger]
300	0304	Rotule. Pathologie [Paul Berger]
301	0305	Rotule. Pathologie [Paul Berger]
302	0306	Rotule. Pathologie [Paul Berger]
303	0307	Rotule. Pathologie [Paul Berger]
304	0308	Rotule. Pathologie [Paul Berger]
305	0309	Rotule. Pathologie [Paul Berger]
306	0310	Rotule. Pathologie [Paul Berger]
307	0311	Rotule. Pathologie [Paul Berger]
308	0312	Rotule. Pathologie [Paul Berger]
309	0313	Rotule. Pathologie [Paul Berger]
310	0314	Rotule. Pathologie [Paul Berger]
311	0315	Rotule. Pathologie [Paul Berger]
312	0316	Rotule. Pathologie [Paul Berger]
313	0317	Rotule. Pathologie [Paul Berger]
314	0318	Rotule. Pathologie [Paul Berger]
315	0319	Rotule. Pathologie [Paul Berger] (bibliographie)
316	0320	Rotule. Pathologie [Paul Berger] (bibliographie)
317	0321	Rotule. Pathologie [Paul Berger] (bibliographie)
318	0322	Rotule. Pathologie [Paul Berger]
319	0323	Rotule. Pathologie [Paul Berger]
320	0324	Rotule. Pathologie [Paul Berger]
321	0325	Rotule. Pathologie [Paul Berger]
322	0326	Rotule. Pathologie [Paul Berger]
323	0327	Rotule. Pathologie [Paul Berger]
324	0328	Rotule. Pathologie [Paul Berger]
325	0329	Rotule. Pathologie [Paul Berger]
326	0330	Rotule. Pathologie [Paul Berger]
327	0331	Rotule. Pathologie [Paul Berger]
328	0332	Rotule. Pathologie [Paul Berger]
329	0333	Rotule. Pathologie [Paul Berger]
330	0334	Rotule. Pathologie [Paul Berger] (bibliographie)
331	0335	Rotule. Pathologie [Paul Berger]
332	0336	Rotule. Pathologie [Paul Berger]
333	0337	Rotule. Pathologie [Paul Berger]
334	0338	Rotule. Pathologie [Paul Berger] (bibliographie)
335	0339	Rotule. Pathologie [Paul Berger]
336	0340	Rotule. Pathologie [Paul Berger]
337	0341	Rotule. Pathologie [Paul Berger]
338	0342	Rotule. Pathologie [Paul Berger]
339	0343	Rotule. Pathologie [Paul Berger]
340	0344	Rotule. Pathologie [Paul Berger]
341	0345	Rotule. Pathologie [Paul Berger]
342	0346	Rotule. Pathologie [Paul Berger]
343	0347	Rotule. Pathologie [Paul Berger]
344	0348	Rotule. Pathologie [Paul Berger]
345	0349	Rotule. Pathologie [Paul Berger]
346	0350	Rotule. Pathologie [Paul Berger]
347	0351	Rotule. Pathologie [Paul Berger]
348	0352	Rotule. Pathologie [Paul Berger]
349	0353	Rotule. Pathologie [Paul Berger]
350	0354	Rotule. Pathologie [Paul Berger]
351	0355	Rotule. Pathologie [Paul Berger]
352	0356	Rotule. Pathologie [Paul Berger]
353	0357	Rotule. Pathologie [Paul Berger]
354	0358	Rotule. Pathologie [Paul Berger]
355	0359	Rotule. Pathologie [Paul Berger]
356	0360	Rotule. Pathologie [Paul Berger]
357	0361	Rotule. Pathologie [Paul Berger]
358	0362	Rotule. Pathologie [Paul Berger]
359	0363	Rotule. Pathologie [Paul Berger]
360	0364	Rotule. Pathologie [Paul Berger]
361	0365	Rotule. Pathologie [Paul Berger]
362	0366	Rotule. Pathologie [Paul Berger]
363	0367	Rotule. Pathologie [Paul Berger]
364	0368	Rotule. Pathologie [Paul Berger] (bibliographie)
365	0369	Rotule. Pathologie [Paul Berger] (bibliographie)
366	0370	Rotule. Pathologie [Paul Berger]
367	0371	Rotule. Pathologie [Paul Berger]
368	0372	Rotule. Pathologie [Paul Berger]
369	0373	Rotule. Pathologie [Paul Berger]
370	0374	Rotule. Pathologie [Paul Berger] (bibliographie) / Rouanet (J.) [E. Beaugrand]
371	0375	Rouanet (J.) [E. Beaugrand] (bibliographie) / Roucas-Blanc (Eau minérale, station marine et station d'hiver du) [A. Rotureau]
372	0376	Roucas-Blanc (Eau minérale, station marine et station d'hiver du) [A. Rotureau] (bibliographie)
373	0377	Roucas-Blanc (Eau minérale, station marine et station d'hiver du) [A. Rotureau] (bibliographie) / Roucher (Les) [A. Dureau] / Rouelle (Les) [A. Chéreau]
374	0378	Rouen (Eaux minérales et établissement hydrothérapique de) [A. Rotureau]
375	0379	Rouen (Eaux minérales et établissement hydrothérapique de) [A. Rotureau] (bibliographie) / Rouge [Amédée Dechambre] / Rougemont (Joseph-Claude) [A. Chéreau]
376	0380	Rougemont (Joseph-Claude) [A. Chéreau] (bibliographie) / Rougeole [A. Sanné]
377	0381	Rougeole [A. Sanné]
378	0382	Rougeole [A. Sanné]
379	0383	Rougeole [A. Sanné]
380	0384	Rougeole [A. Sanné]
381	0385	Rougeole [A. Sanné]
382	0386	Rougeole [A. Sanné]
383	0387	Rougeole [A. Sanné]
384	0388	Rougeole [A. Sanné]
385	0389	Rougeole [A. Sanné]
386	0390	Rougeole [A. Sanné]
387	0391	Rougeole [A. Sanné]
388	0392	Rougeole [A. Sanné]
389	0393	Rougeole [A. Sanné]
390	0394	Rougeole [A. Sanné]
391	0395	Rougeole [A. Sanné]
392	0396	Rougeole [A. Sanné]
393	0397	Rougeole [A. Sanné]
394	0398	Rougeole [A. Sanné]
395	0399	Rougeole [A. Sanné]
396	0400	Rougeole [A. Sanné]
397	0401	Rougeole [A. Sanné]
398	0402	Rougeole [A. Sanné]
399	0403	Rougeole [A. Sanné]
400	0404	Rougeole [A. Sanné]
401	0405	Rougeole [A. Sanné]
402	0406	Rougeole [A. Sanné]
403	0407	Rougeole [A. Sanné]
404	0408	Rougeole [A. Sanné]
405	0409	Rougeole [A. Sanné]
406	0410	Rougeole [A. Sanné]
407	0411	Rougeole [A. Sanné]
408	0412	Rougeole [A. Sanné]
409	0413	Rougeole [A. Sanné]
410	0414	Rougeole [A. Sanné]
411	0415	Rougeole [A. Sanné]
412	0416	Rougeole [A. Sanné]
413	0417	Rougeole [A. Sanné]
414	0418	Rougeole [A. Sanné]
415	0419	Rougeole [A. Sanné]
416	0420	Rougeole [A. Sanné]
417	0421	Rougeole [A. Sanné]
418	0422	Rougeole [A. Sanné]
419	0423	Rougeole [A. Sanné]
420	0424	Rougeole [A. Sanné]
421	0425	Rougeole [A. Sanné]
422	0426	Rougeole [A. Sanné] (bibliographie)
423	0427	Rougeole [A. Sanné] (bibliographie)
424	0428	Rougeole [A. Sanné] (bibliographie)
425	0429	Rougeole [A. Sanné] (bibliographie)
426	0430	Rougeole [A. Sanné] (bibliographie)
427	0431	Rougeole [A. Sanné] (bibliographie) / Rougeole (Botanique). Voy. Mélampyrum / Rouget [Paul Gervais] / Rougier (Louis-Auguste) [A. Dureau]
428	0432	Rougier (Louis-Auguste) [A. Dureau] (bibliographie) / Rougnon de Magny (Nicolas-François) [A. Dureau] / Rouhault (Pierre-Simon) [A. Dureau]
429	0433	Rouhault (Pierre-Simon) [A. Dureau] (bibliographie) / Rouille [J. de Seynes] / Rouissage [Em. Vallin]
430	0434	Rouissage [Em. Vallin]
431	0435	Rouissage [Em. Vallin]
432	0436	Rouissage [Em. Vallin]
433	0437	Rouissage [Em. Vallin]
434	0438	Rouissage [Em. Vallin]
435	0439	Rouissage [Em. Vallin]
436	0440	Rouissage [Em. Vallin]
437	0441	Rouissage [Em. Vallin]
438	0442	Rouissage [Em. Vallin]
439	0443	Rouissage [Em. Vallin]
440	0444	Rouissage [Em. Vallin]
441	0445	Rouissage [Em. Vallin]
442	0446	Rouissage [Em. Vallin]
443	0447	Rouissage [Em. Vallin]
444	0448	Rouissage [Em. Vallin]
445	0449	Rouissage [Em. Vallin]
446	0450	Rouissage [Em. Vallin]
447	0451	Rouissage [Em. Vallin]
448	0452	Rouissage [Em. Vallin]
449	0453	Rouissage [Em. Vallin]
450	0454	Rouissage [Em. Vallin]
451	0455	Rouissage [Em. Vallin]
452	0456	Rouissage [Em. Vallin]
453	0457	Rouissage [Em. Vallin]
454	0458	Rouissage [Em. Vallin]
455	0459	Rouissage [Em. Vallin]
456	0460	Rouissage [Em. Vallin]
457	0461	Rouissage [Em. Vallin]
458	0462	Rouissage [Em. Vallin]
459	0463	Rouissage [Em. Vallin]
460	0464	Rouissage [Em. Vallin]
461	0465	Rouissage [Em. Vallin]
462	0466	Rouissage [Em. Vallin]
463	0467	Rouissage [Em. Vallin]
464	0468	Rouissage [Em. Vallin]
465	0469	Rouissage [Em. Vallin]
466	0470	Rouissage [Em. Vallin]
467	0471	Rouissage [Em. Vallin]
468	0472	Rouissage [Em. Vallin]
469	0473	Rouissage [Em. Vallin]
470	0474	Rouissage [Em. Vallin]
471	0475	Rouissage [Em. Vallin]
472	0476	Rouissage [Em. Vallin]
473	0477	Rouissage [Em. Vallin]
474	0478	Rouissage [Em. Vallin]
475	0479	Rouissage [Em. Vallin]
476	0480	Rouissage [Em. Vallin] (bibliographie) / Roulin (François-Désiré) [E. Beaugrand]
477	0481	Roulin (François-Désiré) [E. Beaugrand] (bibliographie) / Roumains [Obédénare]
478	0482	Roumains [Obédénare]
479	0483	Roumains [Obédénare]
480	0484	Roumains [Obédénare]
481	0485	Roumains [Obédénare]
482	0486	Roumains [Obédénare]
483	0487	Roumains [Obédénare]
484	0488	Roumains [Obédénare]
485	0489	Roumains [Obédénare]
486	0490	Roumains [Obédénare]
487	0491	Roumains [Obédénare]
488	0492	Roumains [Obédénare]
489	0493	Roumains [Obédénare]
490	0494	Roumains [Obédénare]
491	0495	Roumains [Obédénare]
492	0496	Roumains [Obédénare]
493	0497	Roumains [Obédénare]
494	0498	Roumains [Obédénare]
495	0499	Roumains [Obédénare]
496	0500	Roumains [Obédénare]
497	0501	Roumains [Obédénare]
498	0502	Roumains [Obédénare]
499	0503	Roumains [Obédénare]
500	0504	Roumains [Obédénare] (bibliographie) / Rouppe (Louis) [A. Dureau] / Rousseau (Georges-Louis-Claude) [A. Chéreau] / Rousseau (Louis-Fr.-Emmanuel) [E. Beaugrand]
501	0505	Rousseau (Louis-Fr.-Emmanuel) [E. Beaugrand] (bibliographie) / Roussel (Les) [A. Chéreau]
502	0506	Roussel (Les) [A. Chéreau] (bibliographie)
503	0507	Rousselot (Poudre de). Voy. Arsenic / Rousset (François) [A. Dureau] (bibliographie) / Roussette. Voy. Chanterelle / Roussette (Pteropus) [Paul Gervais]
504	0508	Roussette (Scyllium) [Paul Gervais] / Roussille de Chamseru (Jean-François-Jacques) [E. Beaugrand] (bibliographie) / Rouvre. Voy. Chêne / Roux (Les) [E. Beaugrand]
505	0509	Roux (Les) [E. Beaugrand] (bibliographie)
506	0510	Roux (Les) [E. Beaugrand] (bibliographie)
507	0511	Roux (Les) [E. Beaugrand] (bibliographie)
508	0512	Roux (Les) [E. Beaugrand] (bibliographie)
509	0513	Rouzat (Eaux minérales de) [A. Rotureau]
510	0514	Rouzat (Eaux minérales de) [A. Rotureau] (bibliographie) / Rouzet (François-Léon) [A. Dureau] / Roverelli (Jean-Antoine) [L. Hahn] / Rowley (William) [A. Dureau]
511	0515	Rowley (William) [A. Dureau] (bibliographie) / Royan (Station marine de) [A. Rotureau]
512	0516	Royan (Station marine de) [A. Rotureau] / Royat (Eaux minérales, cures de petit-lait et de raisin de) [A. Rotureau]
513	0517	Royat (Eaux minérales, cures de petit-lait et de raisin de) [A. Rotureau]
514	0518	Royat (Eaux minérales, cures de petit-lait et de raisin de) [A. Rotureau]
515	0519	Royat (Eaux minérales, cures de petit-lait et de raisin de) [A. Rotureau]
516	0520	Royat (Eaux minérales, cures de petit-lait et de raisin de) [A. Rotureau]
517	0521	Royat (Eaux minérales, cures de petit-lait et de raisin de) [A. Rotureau]
518	0522	Royat (Eaux minérales, cures de petit-lait et de raisin de) [A. Rotureau]
519	0523	Royat (Eaux minérales, cures de petit-lait et de raisin de) [A. Rotureau] (bibliographie)
520	0524	Royat (Eaux minérales, cures de petit-lait et de raisin de) [A. Rotureau] (bibliographie) / Royen (Les van) [L. Hahn] / Royer (Les) [L. Hahn]
521	0525	Royer (Les) [L. Hahn] (bibliographie) / Royer-Collard (Les Deux) [A. Chéreau]
522	0526	Royer-Collard (Les Deux) [A. Chéreau] (bibliographie)
523	0527	Royer-Collard (Les Deux) [A. Chéreau] (bibliographie) / Royle (J.-Forbes) [E. Beaugrand] / Royo (José-Miguel) [L. Hahn]
524	0528	Royo (José-Miguel) [L. Hahn] (bibliographie) / Ruban de Reil [Amédée Dechambre] / Rube (Adolph-Wilhelm-Ludwig-Friedrich) [L. Hahn] / Rubéfiants [Amédée Dechambre]
525	0529	Rubéfiants [Amédée Dechambre] / Rubérythrique (Acide) [L. Hahn]
526	0530	Rubérythrique (Acide) [L. Hahn] (bibliographie) / Rubia. Voy. Garance / Rubiacées [G. Planchon]
527	0531	Rubiacine [L. Hahn] (bibliographie) / Rubiacique (Acide) [L. Hahn] / Rubiadine [L. Hahn] / Rubiadipine [L. Hahn]
528	0532	Rubiadipine [L. Hahn] / Rubiafine [L. Hahn] / Rubiagine [L. Hahn] / Rubian [L. Hahn]
529	0533	Rubian [L. Hahn] (bibliographie) / Rubianine [L. Hahn] / Rubianique (Acide) [L. Hahn]
530	0534	Rubianique (Acide) [L. Hahn] / Rubiastrum. Voy. Garance / Rubichlorique (Acide) [L. Hahn] (bibliographie) / Rubidehydran et Rubihydran [L. Hahn]
531	0535	Rubidehydran et Rubihydran [L. Hahn] / Rubidine [L. Hahn] / Rubidium [Malaguti]
532	0536	Rubidium [Malaguti]
533	0537	Rubidium [Malaguti] / Rubigo. Voy. Rouille / Rubine [L. Hahn] / Rubini (Pietro) [A. Chéreau] (bibliographie) / Rubinique (Acide) [L. Hahn] / Rubinonitrique (Acide) [L. Hahn]
534	0538	Rubinonitrique (Acide) [L. Hahn] / Rubio (Francisco) [E. Beaugrand, L. Hahn] (bibliographie) / Rubirétine [L. Hahn] / Rubitannique (Acide) [L. Hahn]
535	0539	Rubitannique (Acide) [L. Hahn] / Rublack (Friedrich-Wilhelm [L. Hahn] (bibliographie) / Rubus. Voy. Ronce / Rudbeck (Les) [A. Dureau]
536	0540	Rudbeck (Les) [A. Dureau] (bibliographie) / Rudel (Sigismond) [L. Hahn] / Rudiger (Antoine) [A. Dureau]
537	0541	Rudius (Eustache) [A. Dureau] (bibliographie) / Rudolph (Jean-Philippe-Jules) [A. Dureau] / Rudolphi (Carl-Asmund) [E. Beaugrand] / Rudtorffer (François-Xavier de) [A. Dureau]
538	0542	Rudtorffer (François-Xavier de) [A. Dureau] (bibliographie) / Rue / Botanique [H. Baillon]
539	0543	Rue. Botanique [H. Baillon]
540	0544	Rue. Botanique [H. Baillon] (bibliographie) / Emploi médical [E. Hamelin]
541	0545	Rue. Emploi médical [E. Hamelin]
542	0546	Rue. Emploi médical [E. Hamelin]
543	0547	Rue. Emploi médical [E. Hamelin]
544	0548	Rue. Emploi médical [E. Hamelin]
545	0549	Rue. Emploi médical [E. Hamelin]
546	0550	Rue. Emploi médical [E. Hamelin]
547	0551	Rue. Emploi médical [E. Hamelin]
548	0552	Rue. Emploi médical [E. Hamelin]
549	0553	Rue. Emploi médical [E. Hamelin]
550	0554	Rue. Emploi médical [E. Hamelin]
551	0555	Rue. Emploi médical [E. Hamelin]
552	0556	Rue. Emploi médical [E. Hamelin]
553	0557	Rue. Emploi médical [E. Hamelin]
554	0558	Rue. Emploi médical [E. Hamelin]
555	0559	Rue. Emploi médical [E. Hamelin]
556	0560	Rue. Emploi médical [E. Hamelin]
557	0561	Rue. Emploi médical [E. Hamelin]
558	0562	Rue. Emploi médical [E. Hamelin]
559	0563	Rue. Emploi médical [E. Hamelin]
560	0564	Rue. Emploi médical [E. Hamelin]
561	0565	Rue. Emploi médical [E. Hamelin]
562	0566	Rue. Emploi médical [E. Hamelin]
563	0567	Rue. Emploi médical [E. Hamelin]
564	0568	Rue. Emploi médical [E. Hamelin]
565	0569	Rue. Emploi médical [E. Hamelin]
566	0570	Rue. Emploi médical [E. Hamelin]
567	0571	Rue. Emploi médical [E. Hamelin]
568	0572	Rue. Emploi médical [E. Hamelin]
569	0573	Rue. Emploi médical [E. Hamelin]
570	0574	Rue. Emploi médical [E. Hamelin]
571	0575	Rue. Emploi médical [E. Hamelin]
572	0576	Rue. Emploi médical [E. Hamelin]
573	0577	Rue. Emploi médical [E. Hamelin]
574	0578	Rue. Emploi médical [E. Hamelin]
575	0579	Rue. Emploi médical [E. Hamelin]
576	0580	Rue. Emploi médical [E. Hamelin]
577	0581	Rue. Emploi médical [E. Hamelin]
578	0582	Rue. Emploi médical [E. Hamelin]
579	0583	Rue. Emploi médical [E. Hamelin]
580	0584	Rue. Emploi médical [E. Hamelin]
581	0585	Rue. Emploi médical [E. Hamelin]
582	0586	Rue. Emploi médical [E. Hamelin] / Rue de Chèvre. Voy. Galéga / Rue de Muraille [G. Planchon] / Rue des Prés. Voy. Pigamon / Rue (Hygiène). Voy. Villes / Ruehl (Joh.-Georg.-V.) [E. Beaugrand] (bibliographie) / Ruel (Jean) [A. Chéreau]
583	0587	Ruel (Jean) [A. Chéreau] (bibliographie) / Ruellia [G. Planchon]
584	0588	Ruellia [G. Planchon] (bibliographie) / Ruer (Julius-Wilhelm) [L. Hahn]
585	0589	Ruer (Julius-Wilhelm) [L. Hahn] (bibliographie) / Ruette (G.-P.) [L. Hahn] / Ruff (Jacques) [A. Dureau]
586	0590	Ruff (Jacques) [A. Dureau] (bibliographie) / Rufigallique (Acide) [L. Hahn] / Rufine [L. Hahn]
587	0591	Rufine [L. Hahn] / Rufinosulfurique (Acide) [L. Hahn] / Rufus (d'Éphèse) [E. Beaugrand]
588	0592	Rufus (d'Éphèse) [E. Beaugrand] (bibliographie) / Rugination, Rugines [Amédée Dechambre] / Ruïbarbo do Campo [G. Planchon] / Ruillé (Eau minérale de) [A. Rotureau]
589	0593	Ruillé (Eau minérale de) [A. Rotureau] / Ruini (Carlo) [A. Chéreau]
590	0594	Ruini (Carlo) [A. Chéreau] / Ruisseaux. (Hygiène). Voy. Villes / Ruiz de Luzuriaga (Ignacio-Maria) [E. Beaugrand] (bibliographie)
591	0595	Ruiz de Luzuriaga (Ignacio-Maria) [E. Beaugrand] (bibliographie) / Rukafe [G. Planchon] / Ruland (Les) [A. Dureau]
592	0596	Ruland (Les) [A. Dureau] (bibliographie) / Ruland (Thomas-August) [L. Hahn] / Ruleau (Jean) [A. Dureau] / Rullier (P.) [A. Chéreau]
593	0597	Rullier (P.) [A. Chéreau] (bibliographie) / Rumbaum (Christophe) [L. Hahn]
594	0598	Rumbaum (Christophe) [L. Hahn] (bibliographie) / Rumex. Voy. Rhapontic, Rhubarbe, Oseille et Patience [G. Planchon] / Rumfort (Benjamin Thomson, comte de) [A. Chéreau]
595	0599	Rumfort (Benjamin Thomson, comte de) [A. Chéreau] / Rumicine [L. Hahn] / Ruminants [Paul Gervais]
596	0600	Ruminants [Paul Gervais]
597	0601	Ruminants [Paul Gervais]
598	0602	Ruminants [Paul Gervais] / Rumination [G. Carlet]
599	0603	Rumination [G. Carlet]
600	0604	Rumination [G. Carlet]
601	0605	Rumination [G. Carlet]
602	0606	Rumination [G. Carlet]
603	0607	Rumination [G. Carlet]
604	0608	Rumination [G. Carlet]
605	0609	Rumination [G. Carlet] (bibliographie) / Rummel (Ludwig-Friedrich) [L. Hahn]
606	0610	Rummel (Ludwig-Friedrich) [L. Hahn] (bibliographie) / Rumpelt (Carl-August-Ferdinand) [L. Hahn] / Rumph (Georg.-Everard) ou Rumphius [E. Beaugrand]
607	0611	Rumph (Georg.-Everard) ou Rumphius [E. Beaugrand] (bibliographie) / Runge (Friedrich-Ferdinand) [L. Hahn] / Rupert's Land. Voy. Britanniques (possessions) / Rupia [E. Bazin]
608	0612	Rupia [E. Bazin]
609	0613	Rupia [E. Bazin]
610	0614	Rupia [E. Bazin]
611	0615	Rupia [E. Bazin]
612	0616	Rupia [E. Bazin]
613	0617	Rupia [E. Bazin]
614	0618	Rupia [E. Bazin]
615	0619	Rupia [E. Bazin]
616	0620	Rupia [E. Bazin]
617	0621	Rupia [E. Bazin]
618	0622	Rupia [E. Bazin]
619	0623	Rupia [E. Bazin]
620	0624	Rupia [E. Bazin]
621	0625	Rupia [E. Bazin]
622	0626	Rupia [E. Bazin]
623	0627	Rupia [E. Bazin]
624	0628	Rupia [E. Bazin] (bibliographie) [L. Hahn] / Rupia syphilitique [J. Rollet]
625	0629	Rupia syphilitique [J. Rollet]
626	0630	Rupia syphilitique [J. Rollet]
627	0631	Ruppricht (Siegfried-Benjamin-Franz) [L. Hahn] (bibliographie) / Rurale (Hygiène. Pathologie) [Alexandre Layet]
628	0632	Rurale (Hygiène. Pathologie) [Alexandre Layet]
629	0633	Rurale (Hygiène. Pathologie) [Alexandre Layet]
630	0634	Rurale (Hygiène. Pathologie) [Alexandre Layet]
631	0635	Rurale (Hygiène. Pathologie) [Alexandre Layet]
632	0636	Rurale (Hygiène. Pathologie) [Alexandre Layet]
633	0637	Rurale (Hygiène. Pathologie) [Alexandre Layet]
634	0638	Rurale (Hygiène. Pathologie) [Alexandre Layet]
635	0639	Rurale (Hygiène. Pathologie) [Alexandre Layet]
636	0640	Rurale (Hygiène. Pathologie) [Alexandre Layet]
637	0641	Rurale (Hygiène. Pathologie) [Alexandre Layet]
638	0642	Rurale (Hygiène. Pathologie) [Alexandre Layet]
639	0643	Rurale (Hygiène. Pathologie) [Alexandre Layet]
640	0644	Rurale (Hygiène. Pathologie) [Alexandre Layet]
641	0645	Rurale (Hygiène. Pathologie) [Alexandre Layet]
642	0646	Rurale (Hygiène. Pathologie) [Alexandre Layet]
643	0647	Rurale (Hygiène. Pathologie) [Alexandre Layet]
644	0648	Rurale (Hygiène. Pathologie) [Alexandre Layet]
645	0649	Rurale (Hygiène. Pathologie) [Alexandre Layet]
646	0650	Rurale (Hygiène. Pathologie) [Alexandre Layet]
647	0651	Rurale (Hygiène. Pathologie) [Alexandre Layet]
648	0652	Rurale (Hygiène. Pathologie) [Alexandre Layet]
649	0653	Rurale (Hygiène. Pathologie) [Alexandre Layet]
650	0654	Rurale (Hygiène. Pathologie) [Alexandre Layet]
651	0655	Rurale (Hygiène. Pathologie) [Alexandre Layet]
652	0656	Rurale (Hygiène. Pathologie) [Alexandre Layet]
653	0657	Rurale (Hygiène. Pathologie) [Alexandre Layet]
654	0658	Rurale (Hygiène. Pathologie) [Alexandre Layet]
655	0659	Rurale (Hygiène. Pathologie) [Alexandre Layet]
656	0660	Rurale (Hygiène. Pathologie) [Alexandre Layet]
657	0661	Rurale (Hygiène. Pathologie) [Alexandre Layet]
658	0662	Rurale (Hygiène. Pathologie) [Alexandre Layet]
659	0663	Rurale (Hygiène. Pathologie) [Alexandre Layet]
660	0664	Rurale (Hygiène. Pathologie) [Alexandre Layet]
661	0665	Rurale (Hygiène. Pathologie) [Alexandre Layet]
662	0666	Rurale (Hygiène. Pathologie) [Alexandre Layet]
663	0667	Rurale (Hygiène. Pathologie) [Alexandre Layet]
664	0668	Rurale (Hygiène. Pathologie) [Alexandre Layet]
665	0669	Rurale (Hygiène. Pathologie) [Alexandre Layet]
666	0670	Rurale (Hygiène. Pathologie) [Alexandre Layet]
667	0671	Rurale (Hygiène. Pathologie) [Alexandre Layet]
668	0672	Rurale (Hygiène. Pathologie) [Alexandre Layet]
669	0673	Rurale (Hygiène. Pathologie) [Alexandre Layet]
670	0674	Rurale (Hygiène. Pathologie) [Alexandre Layet]
671	0675	Rurale (Hygiène. Pathologie) [Alexandre Layet]
672	0676	Rurale (Hygiène. Pathologie) [Alexandre Layet]
673	0677	Rurale (Hygiène. Pathologie) [Alexandre Layet]
674	0678	Rurale (Hygiène. Pathologie) [Alexandre Layet]
675	0679	Rurale (Hygiène. Pathologie) [Alexandre Layet]
676	0680	Rurale (Hygiène. Pathologie) [Alexandre Layet]
677	0681	Rurale (Hygiène. Pathologie) [Alexandre Layet]
678	0682	Rurale (Hygiène. Pathologie) [Alexandre Layet]
679	0683	Rurale (Hygiène. Pathologie) [Alexandre Layet]
680	0684	Rurale (Hygiène. Pathologie) [Alexandre Layet]
681	0685	Rurale (Hygiène. Pathologie) [Alexandre Layet]
682	0686	Rurale (Hygiène. Pathologie) [Alexandre Layet]
683	0687	Rurale (Hygiène. Pathologie) [Alexandre Layet]
684	0688	Rurale (Hygiène. Pathologie) [Alexandre Layet]
685	0689	Rurale (Hygiène. Pathologie) [Alexandre Layet]
686	0690	Rurale (Hygiène. Pathologie) [Alexandre Layet]
687	0691	Rurale (Hygiène. Pathologie) [Alexandre Layet]
688	0692	Rurale (Hygiène. Pathologie) [Alexandre Layet]
689	0693	Rurale (Hygiène. Pathologie) [Alexandre Layet]
690	0694	Rurale (Hygiène. Pathologie) [Alexandre Layet]
691	0695	Rurale (Hygiène. Pathologie) [Alexandre Layet]
692	0696	Rurale (Hygiène. Pathologie) [Alexandre Layet]
693	0697	Rurale (Hygiène. Pathologie) [Alexandre Layet]
694	0698	Rurale (Hygiène. Pathologie) [Alexandre Layet]
695	0699	Rurale (Hygiène. Pathologie) [Alexandre Layet]
696	0700	Rurale (Hygiène. Pathologie) [Alexandre Layet]
697	0701	Rurale (Hygiène. Pathologie) [Alexandre Layet]
698	0702	Rurale (Hygiène. Pathologie) [Alexandre Layet]
699	0703	Rurale (Hygiène. Pathologie) [Alexandre Layet]
700	0704	Rurale (Hygiène. Pathologie) [Alexandre Layet]
701	0705	Rurale (Hygiène. Pathologie) [Alexandre Layet]
702	0706	Rurale (Hygiène. Pathologie) [Alexandre Layet]
703	0707	Rurale (Hygiène. Pathologie) [Alexandre Layet]
704	0708	Rurale (Hygiène. Pathologie) [Alexandre Layet]
705	0709	Rurale (Hygiène. Pathologie) [Alexandre Layet]
706	0710	Rurale (Hygiène. Pathologie) [Alexandre Layet]
707	0711	Rurale (Hygiène. Pathologie) [Alexandre Layet]
708	0712	Rurale (Hygiène. Pathologie) [Alexandre Layet]
709	0713	Rurale (Hygiène. Pathologie) [Alexandre Layet]
710	0714	Rurale (Hygiène. Pathologie) [Alexandre Layet]
711	0715	Rurale (Hygiène. Pathologie) [Alexandre Layet]
712	0716	Rurale (Hygiène. Pathologie) [Alexandre Layet]
713	0717	Rurale (Hygiène. Pathologie) [Alexandre Layet]
714	0718	Rurale (Hygiène. Pathologie) [Alexandre Layet]
715	0719	Rurale (Hygiène. Pathologie) [Alexandre Layet]
716	0720	Rurale (Hygiène. Pathologie) [Alexandre Layet]
717	0721	Rurale (Hygiène. Pathologie) [Alexandre Layet] (bibliographie)
718	0722	Rurale (Hygiène. Pathologie) [Alexandre Layet] (bibliographie)
719	0723	Rurale (Hygiène. Pathologie) [Alexandre Layet] (bibliographie) / Rusa-ka-tel [Amédée Dechambre] / Rusconi (Mauro) [E. Beaugrand]
720	0724	Rusconi (Mauro) [E. Beaugrand] (bibliographie) / Ruscus. Voy. Fragon / Rush (Benj.) [E. Beaugrand] / Rusiochine [L. Hahn] / Rusma [Amédée Dechambre]
721	0725	Rusma [Amédée Dechambre] / Rusot. Voy. Rasot / Russe (Pierre) [L. Hahn] (bibliographie) / Russel (Les) [A. Dureau]
722	0726	Russel (Les) [A. Dureau] (bibliographie) / Russie / Géographie physique [Jacques Bertillon]
723	0727	Russie. Géographie physique [Jacques Bertillon]
724	0728	Russie. Géographie physique [Jacques Bertillon]
725	0729	Russie. Géographie physique [Jacques Bertillon]
726	0730	Russie. Géographie physique [Jacques Bertillon]
727	0731	Russie. Géographie physique [Jacques Bertillon]
728	0732	Russie. Géographie physique [Jacques Bertillon]
729	0733	Russie. Géographie physique [Jacques Bertillon]
730	0734	Russie. Géographie physique [Jacques Bertillon]
731	0735	Russie. Géographie physique [Jacques Bertillon]
732	0736	Russie. Géographie physique [Jacques Bertillon]
733	0737	Russie. Géographie physique [Jacques Bertillon]
734	0738	Russie. Géographie physique [Jacques Bertillon]
735	0739	Russie. Géographie physique [Jacques Bertillon]
736	0740	Russie. Géographie physique [Jacques Bertillon]
737	0741	Russie. Géographie physique [Jacques Bertillon]
738	0742	Russie. Géographie physique [Jacques Bertillon]
739	0743	Russie. Géographie physique [Jacques Bertillon]
740	0744	Russie. Géographie physique [Jacques Bertillon]
741	0745	Russie. Géographie physique [Jacques Bertillon]
742	0746	Russie. Géographie physique [Jacques Bertillon]
743	0747	Russie. Géographie physique [Jacques Bertillon]
744	0748	Russie. Géographie physique [Jacques Bertillon]
745	0749	Russie. Géographie physique [Jacques Bertillon]
746	0750	Russie. Géographie physique [Jacques Bertillon]
747	0751	Russie. Géographie physique [Jacques Bertillon]
748	0752	Russie. Géographie physique [Jacques Bertillon]
749	0753	Russie. Géographie physique [Jacques Bertillon]
750	0754	Russie. Géographie physique [Jacques Bertillon]
751	0755	Russie. Géographie physique [Jacques Bertillon]
752	0756	Russie. Géographie physique [Jacques Bertillon]
753	0757	Russie. Géographie physique [Jacques Bertillon]
754	0758	Russie. Géographie physique [Jacques Bertillon]
755	0759	Russie. Géographie physique [Jacques Bertillon]
756	0760	Russie. Géographie physique [Jacques Bertillon]
757	0761	Russie. Géographie physique [Jacques Bertillon]
758	0762	Russie. Géographie physique [Jacques Bertillon]
759	0763	Russie. Géographie physique [Jacques Bertillon]
760	0764	Russie. Géographie physique [Jacques Bertillon]
761	0765	Russie. Géographie physique [Jacques Bertillon] / Démographie [Jacques Bertillon]
762	0766	Russie. Démographie [Jacques Bertillon]
763	0767	Russie. Démographie [Jacques Bertillon]
764	0768	Russie. Démographie [Jacques Bertillon]
765	0769	Russie. Démographie [Jacques Bertillon]
766	0770	Russie. Démographie [Jacques Bertillon]
767	0771	Russie. Démographie [Jacques Bertillon]
768	0772	Russie. Démographie [Jacques Bertillon]
769	0773	Russie. Démographie [Jacques Bertillon]
770	0774	Russie. Démographie [Jacques Bertillon]
771	0775	Russie. Démographie [Jacques Bertillon]
772	0776	Russie. Démographie [Jacques Bertillon]
773	0777	Russie. Démographie [Jacques Bertillon]
774	0778	Russie. Démographie [Jacques Bertillon]
775	0779	Russie. Démographie [Jacques Bertillon]
776	0780	Russie. Démographie [Jacques Bertillon]
777	0781	Russie. Démographie [Jacques Bertillon]
778	0782	Russie. Démographie [Jacques Bertillon]
779	0783	Russie. Démographie [Jacques Bertillon]
780	0784	Russie. Démographie [Jacques Bertillon]
781	0785	Russie. Démographie [Jacques Bertillon]
782	0786	Russie. Démographie [Jacques Bertillon]
783	0787	Russie. Démographie [Jacques Bertillon]
784	0788	Russie. Démographie [Jacques Bertillon]
785	0789	Russie. Démographie [Jacques Bertillon]
786	0790	Russie / Topographie médicale [Jacques Bertillon]
787	0791	Russie. Topographie médicale [Jacques Bertillon]
788	0792	Russie. Topographie médicale [Jacques Bertillon]
789	0793	Russie. Topographie médicale [Jacques Bertillon]
790	0794	Russie. Topographie médicale [Jacques Bertillon]
791	0795	Russie. Topographie médicale [Jacques Bertillon]
792	0796	Russie. Topographie médicale [Jacques Bertillon]
793	0797	Russie. Topographie médicale [Jacques Bertillon]
794	0798	Russie. Topographie médicale [Jacques Bertillon]
795	0799	Russie. Topographie médicale [Jacques Bertillon] (bibliographie)
796	0800	Russie. Topographie médicale [Jacques Bertillon] (bibliographie) / Russules [J. de Seynes]
797	0801	Russules [J. de Seynes]
798	0802	Russules [J. de Seynes]
799	0803	Russules [J. de Seynes]
800	0804	Russules [J. de Seynes]
801	0805	Russules [J. de Seynes]
802	0806	Russules [J. de Seynes] (bibliographie)
805	0807	Rust (Johann-Nepomuk) [E. Beaugrand] (bibliographie)
804	0808	Rustichelli (Pietro-Torrigiano) [E. Beaugrand] (bibliographie) / Ruta. Voy. Rue / Rutabaga [G. Planchon] / Rutacées [H. Baillon]
805	0809	Rutacées [H. Baillon]
806	0810	Rutacées [H. Baillon]
807	0811	Rutacées [H. Baillon]
808	0812	Rutacées [H. Baillon]
809	0813	Rutacées [H. Baillon] (bibliographie) / Ruthènes [Gustave Lagneau]
810	0814	Ruthènes [Gustave Lagneau] / Ruthénium [C. Lutz]
811	0815	Ruthénium [C. Lutz]
812	0816	Ruthénium [C. Lutz]
813	0817	Ruthénium [C. Lutz] / Rutiline [C. Lutz] / Rutine [C. Lutz]
814	0818	Rutine [C. Lutz] / Rutique (Acide). Voy. Caprique (Acide) / Rutter (John) [L. Hahn] (bibliographie) / Rutty (John) [L. Hahn]
815	0819	Rutty (John) [L. Hahn] (bibliographie) / Rutylène [C. Lutz]
816	0820	Rutylène [C. Lutz] / Ruysch (Frédéric) [A. Chéreau] (bibliographie)
817	0821	Ruysch (Frédéric) [A. Chéreau] (bibliographie) / Ruysch (Membrane de). Voy. Choroïde / Ryan (Michel) [A. Dureau] / Ryba (Joseph-Ernst) [L. Hahn]
818	0822	Ryba (Joseph-Ernst) [L. Hahn] (bibliographie)
819	0823	Ryba (Joseph-Ernst) [L. Hahn] (bibliographie) / Ryff (Walther-Hermann) [A. Dureau]
820	0824	Ryff (Walther-Hermann) [A. Dureau] / Rynd (Francis) [L. Hahn] (bibliographie) / Ryss (Auguste) [L. Hahn] / Rytine [Paul Gervais]
821	0825	Rytine [Paul Gervais]
822	0826	Addenda / Rhubarbe [D.] / Ritter (Georg-Heinrich) [L. Hahn] (bibliographie)
823	0827	Addenda. Ritter (Georg-Heinrich) [L. Hahn] (bibliographie) / Ross (George) [L. Hahn]
824	0828	Addenda. Ross (George) [L. Hahn] (bibliographie)
825	0829	Articles contenus dans le cinquième volume (3e série)
826	0830	Articles contenus dans le cinquième volume (3e série)
827	0831	Articles contenus dans le cinquième volume (3e série)
828	0832	Articles contenus dans le cinquième volume (3e série)
