page	refimg	chapitre
[sans numérotation]	0001	[Plat]
[sans numérotation]	0002	[Contreplat]
[sans numérotation]	0003	[Page de garde]
[page blanche]	0004	
I	0005	[Page de faux titre]
II	0006	
III	0007	[Page de titre]
IV	0008	
V 	0009	Introduction
VI	0010	Introduction
7	0011	Dictionnaire biographique international des Médecins et Chirurgiens / Bucquoy (Jules)
8	0012	Bucquoy (Jules) / Dehenne (Albert)
9	0013	Dehenne (Albert) / Lancereaux (Etienne)
10	0014	Lancereaux (Etienne)
11	0015	Lancereaux (Etienne) / Folet (Henri)
12	0016	Folet (Henri) / Tison (Edouard-Eugène-Augustin)
13	0017	Tison (Edouard-Eugène-Augustin)
14	0018	Tison (Edouard-Eugène-Augustin) / Rattel (Adjutor-Agathon-Joachim)
15	0019	Rattel (Adjutor-Agathon-Joachim)
16	0020	Rattel (Adjutor-Agathon-Joachim) / Desesquelle (Edouard)
17	0021	Desesquelle (Edouard) / Brès (Madeleine)
18	0022	Brès (Madeleine)
19	0023	Brès (Madeleine) / Moty (Fernand) / Poncet (Antonin)
20	0024	Poncet (Antonin)
21	0025	Bompard (Louis-Jean-Baptiste-Ernest) / Foveau de Courmelles (François-Victor)
22	0026	Foveau de Courmelles (François-Victor)
23	0027	Foveau de Courmelles (François-Victor) / Deffaux (Emile)
24	0028	Deffaux (Emile)
25	0029	Caudron (Virgile) / Lemoine (Georges-Hubert-Alphonse)
26	0030	Lemoine (Georges-Hubert-Alphonse) / Leloir (F. Camille-Chrysostome) / Dransart (Henry-Narcisse)
27	0031	Dransart (Henry-Narcisse)
28	0032	Dransart (Henry-Narcisse)
29	0033	Dransart (Henry-Narcisse) / Petit (Claude-Alexandre)
30	0034	Petit (Claude-Alexandre) / Brouardel (Paul-Camille-Hippolyte)
31	0035	Brouardel (Paul-Camille-Hippolyte)
32	0036	Brouardel (Paul-Camille-Hippolyte) / Bérillon (Edgar)
33	0037	Gannal (Jean-Nicolas)
34	0038	Gannal (Jean-Nicolas) / Gannal (Félix)
35	0039	Gannal (Félix) / Gannal (Adolphe)
36	0040	Gannal (Adolphe) / Boeckel (Jules)
37	0041	Boeckel (Jules)
38	0042	Boeckel (Jules) / Grasset (Joseph)
39	0043	Grasset (Joseph)
40	0044	Grasset (Joseph) / David (Jean-Pierre) / Schlagdenhauffen (Fréderic)
41	0045	Schlagdenhauffen (Fréderic)
42	0046	Schlagdenhauffen (Fréderic) / Brémaud (Paul)
43	0047	Brémaud (Paul)
44	0048	Brémaud (Paul) / Henrot (Henri)
45	0049	Henrot (Henri) / Bourgeois (Alexandre-Louis-Félix)
46	0050	Bourgeois (Alexandre-Louis-Félix) / Carton (Louis-Charles)
47	0051	Carton (Louis-Charles)
48	0052	Carton (Louis-Charles)
49	0053	Carton (Louis-Charles) / Pozzi (Samuel)
50	0054	Pozzi (Samuel) / Jonnesco (Thomas)
51	0055	Jonnesco (Thomas)
52	0056	Jonnesco (Thomas) / Fabre de Commentry (Paul)
53	0057	Fabre de Commentry (Paul)
54	0058	Fabre de Commentry (Paul) / Hahn (François-Louis)
55	0059	Hahn (François-Louis) / Guermonprez (François)
56	0060	Guermonprez (François)
57	0061	Guermonprez (François)
58	0062	Guermonprez (François) / Jeandet (Jean-Pierre-Abel)
59	0063	Jeandet (Jean-Pierre-Abel)
60	0064	Jeandet (Jean-Pierre-Abel)
61	0065	Jeandet (Jean-Pierre-Abel)
62	0066	Jeandet (Jean-Pierre-Abel) / Baudouin (Marcel)
63	0067	Baudouin (Marcel)
64	0068	Baudouin (Marcel) / Freire (Dominique)
65	0069	Freire (Dominique)
66	0070	Freire (Dominique)
67	0071	Freire (Dominique) / Thorel (Clovis)
68	0072	Thorel (Clovis)
69	0073	Thorel (Clovis) / Delagénière (Henry)
70	0074	Delagénière (Henry) / Manouvriez (Anatole-Hippolyte-Alphée)
71	0075	Manouvriez (Anatole-Hippolyte-Alphée)
72	0076	Manouvriez (Anatole-Hippolyte-Alphée) / Oksza Orzechowski (Thadé)
73	0077	Oksza Orzechowski (Thadé)
74	0078	Oksza Orzechowski (Thadé) / Castel (René du)
75	0079	Castel (René du) / Le Grix de Laval (Auguste-Valère)
76	0080	Le Grix de Laval (Auguste-Valère) / Nivert (Gustave-Adolphe)
77	0081	Nivert (Gustave-Adolphe) / Candèze (Ernest-Charles-Auguste)
78	0082	Candèze (Ernest-Charles-Auguste)
79	0083	Candèze (Ernest-Charles-Auguste) / Piéchaud (Adolphe)
80	0084	Piéchaud (Adolphe) / Roussan (Georges)
81	0085	Roussan (Georges) / Van Bastelaer (Désiré-Alexandre-Henri)
82	0086	Van Bastelaer (Désiré-Alexandre-Henri)
83	0087	Van Bastelaer (Désiré-Alexandre-Henri)
84	0088	Van Bastelaer (Désiré-Alexandre-Henri)
85	0089	Van Bastelaer (Désiré-Alexandre-Henri) / Vallon (Charles)
86	0090	Vallon (Charles)
87	0091	Vallon (Charles) / Salomon (Louis-Marie-Eustache) / Yot (Jean)
88	0092	Yot (Jean)
89	0093	Yot (Jean) / Redard (Camille)
90	0094	Redard (Camille) / Leprince (Maurice)
91	0095	Leprince (Maurice)
92	0096	Leprince (Maurice) / Boullier (Paul-Etienne)
93	0097	Boullier (Paul-Etienne)
94	0098	Boullier (Paul-Etienne) / Boucher (Henry)
95	0099	Boucher (Henry)
96	0100	Boucher (Henry) / Germe (Léon)
97	0101	Germe (Léon) / Witkowski (Gustave-Joseph)
98	0102	Witkowski (Gustave-Joseph) / Verrier (Eugène)
99	0103	Verrier (Eugène) / Stoïcesco (Georges J.)
100	0104	Stoïcesco (Georges J.)
101	0105	Stoïcesco (Georges J.) / Courrent (Joseph-Paul-Justin)
102	0106	Courrent (Joseph-Paul-Justin)
103	0107	Courrent (Joseph-Paul-Justin) / Jennings (Oscar)
104	0108	Jennings (Oscar)
105	0109	Jennings (Oscar) / Aureggio (Eugène)
106	0110	Aureggio (Eugène)
107	0111	Aureggio (Eugène)
108	0112	Aureggio (Eugène) / Recouvreur (Adrien)
109	0113	Recouvreur (Adrien) / Bardy (Mathieu-Napoléon)
110	0114	Bardy (Mathieu-Napoléon) / Bardy (Mathieu-Henri)
111	0115	Bardy (Mathieu-Henri)
112	0116	Bardy (Mathieu-Henri) / Capellini (Giovanni) / Renooz (Mme Céline)
113	0117	Renooz (Mme Céline)
114	0118	Renooz (Mme Céline)
115	0119	Rochas d'Aiglun (Eugène-Auguste-Albert)
116	0120	Rochas d'Aiglun (Eugène-Auguste-Albert)
117	0121	Rochas d'Aiglun (Eugène-Auguste-Albert) / Suarez de Mendoza (Fernand)
118	0122	Suarez de Mendoza (Fernand)
119	0123	Suarez de Mendoza (Fernand) / Collongues (Victor-Léon)
120	0124	Collongues (Victor-Léon)
121	0125	Richelot (Louis-Gustave)
122	0126	Richelot (Louis-Gustave)
123	0127	Richelot (Louis-Gustave) / Liétard (Gustave-Alexandre)
124	0128	Liétard (Gustave-Alexandre)
125	0129	Liétard (Gustave-Alexandre) / Poirrier (François-Alcide)
126	0130	Poirrier (François-Alcide)
127	0131	Poirrier (François-Alcide) / Clado (Spiro de)
128	0132	Clado (Spiro de)
129	0133	Dubois (Emile)
130	0134	Dubois (Emile)
131	0135	Index alphabétique
132	0136	Index alphabétique
[page blanche]	0137	
[sans numérotation]	0138	[Page de garde]
[sans numérotation]	0139	[Contreplat]
[sans numérotation]	0140	[Plat]
