pb	[s. pag.]	0001	439590
entry	[Page de titre]	0	
pb	[s. pag.]	0002	439591
entry	Noms des Auteurs par ordre alphabétique	0	
pb	[s. pag.]	0003	439592
entry	Angles des yeux (Maladie des...)	0	
entry	Angleterre	1	
pb	4	0004	439593
entry	Anglois	0	
entry	Angloisé	0	
entry	Angloiser	0	
entry	Anglomanie	3	
pb	5	0005	439594
pb	6	0006	439595
pb	7	0007	439596
entry	Angoisse	0	
entry	Angola, angora	0	
orth	Angola		
orth	angora		
entry	Amgolam	0	
entry	Angoure de lin, agoure de lin	0	
orth	Angoure de lin		
orth	agoure de lin		
entry	Angourie	0	
entry	Angrec	2	
pb	8	0008	439597
pb	9	0009	439598
entry	Angsana	0	
entry	Anguille	2	
pb	10	0010	439599
pb	11	0011	439600
entry	Anguis	1	
pb	12	0012	439601
entry	Anhaltina	0	
entry	Anhelation	0	
entry	Anhelationes	0	
entry	Anhilation	0	
entry	Anhima	1	
pb	13	0013	439602
entry	Ani	0	
entry	Anier, asnier	0	
orth	Anier		
orth	asnier		
entry	Anil	0	
entry	Animal	0	
entry	Animalisation	9	
pb	14	0014	439603
pb	15	0015	439604
pb	16	0016	439605
pb	17	0017	439606
pb	18	0018	439607
pb	19	0019	439608
pb	20	0020	439609
pb	21	0021	439610
pb	22	0022	439611
entry	Animation	0	
pb	23	0023	439612
entry	Animaux	3	
pb	24	0024	439613
pb	25	0025	439614
pb	26	0026	439615
entry	Animaux venimeux	0	
entry	Animé	0	
entry	(Résine)	0	
pb	27	0027	439616
entry	Animé (résine)	0	
entry	Animé (teint)	0	
entry	Animelles	0	
entry	Animer un cheval	0	
entry	Animés	0	
entry	(Remèdes)	0	
pb	28	0028	439617
entry	Animés (remèdes)	0	
entry	Aninga-iba	0	
entry	Aninga	0	
entry	Aninga-peri	0	
entry	Anis	2	
pb	29	0029	439618
pb	30	0030	439619
entry	Ankyloblépharon	0	
entry	Ankylopo	0	
entry	Ankylose	1	
pb	31	0031	439620
entry	Anne	0	
entry	Anneau	1	
pb	32	0032	439621
entry	Anneau de l'aine, anneau du grand oblique, anneau inguinal	0	
orth	Anneau de l'aine		
orth	anneau du grand oblique		
orth	anneau inguinal		
entry	Anneau de l'os	1	
pb	33	0033	439622
entry	Anneau inguinal	0	
entry	Anneaux des cornes, bourrelets, cercles	0	
orth	Anneaux des cornes		
orth	bourrelets		
orth	cercles		
entry	Anneaux du sabot	0	
entry	Année	0	
entry	Année climactérique	0	
entry	Année médicale	5	
pb	34	0034	439623
pb	35	0035	439624
pb	36	0036	439625
pb	37	0037	439626
pb	38	0038	439627
entry	Année, (Etre à l'année)	0	
orth	Année		
orth	(Etre à l'année)		
entry	Annelet	0	
entry	Annote, arnoute	0	
orth	Annote		
orth	arnoute		
entry	Annuelle (Constitution)	0	
entry	Annulaire	1	
pb	39	0039	439628
entry	Annulation	0	
entry	Annuler	0	
entry	Annus	0	
entry	Anodynie	0	
entry	Anodyns	2	
pb	40	0040	439629
pb	41	0041	439630
entry	Anoia	1	
pb	42	0042	439631
entry	Anomal	0	
entry	Anomales, maladies anomales	0	
orth	Anomales		
orth	maladies anomales		
entry	anomalie	0	
pb	43	0043	439632
entry	Anon	0	
entry	Annoner	0	
entry	Anorexie, anorexia	0	
orth	Anorexie		
orth	anorexia		
entry	Anorexie	3	
pb	44	0044	439633
pb	45	0045	439634
pb	46	0046	439635
entry	Anosmie, anosmia	0	
orth	Anosmie		
orth	anosmia		
entry	Anosmie	1	
pb	47	0047	439636
entry	Anouge	0	
entry	Ans-jeli	0	
entry	Anse	0	
entry	Antacides	0	
pb	48	0048	439637
entry	Antale	0	
entry	Antalgiques	0	
entry	Antan, antanaire, antanais, antanois, antenais, antenois, atanaire	0	
orth	Antan		
orth	antanaire		
orth	antanais		
orth	antanois		
orth	antenais		
orth	antenois		
orth	atanaire		
entry	Antacides	0	
entry	Antaphrodisiaques	0	
entry	Antarthritiques	1	
pb	49	0049	439638
entry	Antasthmatiques	0	
entry	Antémétiques	0	
entry	Antemide champêtre, oeil de boeuf	0	
orth	Antemide champêtre		
orth	oeil de boeuf		
entry	Antenais, antenois	0	
orth	Antenais		
orth	antenois		
entry	Antendeixis	0	
pb	50	0050	439639
entry	Antenois	0	
entry	Antephaltiques	0	
entry	Antépileptiques	0	
entry	Anthelmintiques	0	
entry	Anthelmantiques, anthelmentiques, antelmintiques	0	
orth	Anthelmantiques		
orth	anthelmentiques		
orth	antelmintiques		
entry	Anthia	0	
entry	Anthitora	0	
entry	Anthore, anthoria, aconit salutaire, maclou	0	
orth	Anthore		
orth	anthoria		
orth	aconit salutaire		
orth	maclou		
entry	Anthos	0	
entry	Anthosatum	0	
pb	51	0051	439640
entry	Anthracose	0	
entry	Anthracosis, anthracose	0	
orth	Anthracosis		
orth	anthracose		
entry	Anthrax	14	
pb	52	0052	439641
pb	53	0053	439642
pb	54	0054	439643
pb	55	0055	439644
pb	56	0056	439645
pb	57	0057	439646
pb	58	0058	439647
pb	59	0059	439648
pb	60	0060	439649
pb	61	0061	439650
pb	62	0062	439651
pb	63	0063	439652
pb	64	0064	439653
pb	65	0065	439654
entry	Anthropophage	2	
pb	66	0066	439655
pb	67	0067	439656
entry	Anthropophagie	0	
entry	Anthypnotiques	1	
pb	68	0068	439657
entry	Anthystériques	0	
entry	Antiaphrodisiaques	0	
entry	Antiapoplectiques	0	
entry	Antiapoplectique, (baume)	0	
orth	Antiapoplectique		
orth	(baume)		
entry	Anti-arthritiques	0	
entry	Anti-asthmatiques	0	
entry	Anti-cachectiques	0	
entry	Anti-cacochimiques	0	
entry	Anti-cancereux	0	
pb	69	0069	439658
entry	Anti-causotiques	0	
entry	Anticipant	0	
entry	Anti-coeur	0	
entry	Anti-coliques	0	
entry	Antidartreux, antiherpetica	0	
orth	Antidartreux		
orth	antiherpetica		
pb	70	0070	439659
entry	Antidartraux, Antiherpetica	0	
orth	Antidartraux		
orth	Antiherpetica		
entry	Anticancéreux	0	
entry	Anti-diniques	0	
entry	Antidotaire	0	
entry	Antidote	0	
entry	Antidysentériques	1	
pb	71	0071	439660
entry	Anti-dyssentériques	0	
entry	Anti-émétiques	0	
entry	Anti-épileptiques	0	
entry	Anties	0	
entry	Antifébriles	0	
entry	Antifarcineux	1	
pb	72	0072	439661
entry	Antigaleux	0	
entry	Antihectiques	1	
pb	73	0073	439662
entry	Antihectique	1	
pb	74	0074	439663
entry	Antihydrophobiques	1	
pb	75	0075	439664
entry	Antihydropiques	0	
pb	76	0076	439665
entry	Antidropiques	0	
entry	Antihypochondriaques	0	
entry	Anti-hystériques	0	
entry	Antilaiteux	3	
pb	77	0077	439666
pb	78	0078	439667
pb	79	0079	439668
entry	Antiléna	0	
entry	Antilles	1	
pb	80	0080	439669
entry	Antilly	0	
entry	Anti-loimiques	0	
entry	Antimélancholiques	0	
entry	Antimorveux	1	
pb	81	0081	439670
entry	Antimoine	3	
pb	82	0082	439671
pb	83	0083	439672
pb	84	0084	439673
entry	Antimoine diaphorétique	1	
pb	85	0085	439674
entry	Antimoniaux	1	
pb	86	0086	439675
entry	Antinephrétiques	0	
entry	Antiochus	0	
pb	87	0087	439676
entry	Antiparalytiques	0	
entry	Anti-paralytiques	0	
entry	Antipater	1	
pb	88	0088	439677
entry	Antipathes	0	
entry	Antipathie	4	
pb	89	0089	439678
pb	90	0090	439679
pb	91	0091	439680
pb	92	0092	439681
entry	Antipéristaltique	1	
pb	93	0093	439682
entry	Anti-pestilentiels	0	
entry	Antiphlogistiques	0	
entry	Antiphthisiques	0	
entry	Antiphysiques	0	
entry	Antipleurétiques	0	
entry	Antipodagriques	1	
pb	94	0094	439683
entry	Antipoussifs	0	
entry	Antipsoriques	1	
pb	95	0095	439684
entry	Antiputrides	0	
entry	Antiputrides, antiseptiques	0	
orth	Antiputrides		
orth	antiseptiques		
entry	Antiputride de Beaufort	0	
entry	Antipyiques	0	
entry	Antipyrétiques	0	
entry	Antipyrotiques	1	
pb	96	0096	439685
entry	Antiquor	1	
pb	97	0097	439686
entry	Antirachitiques	0	
entry	Antiscorbutiques	1	
pb	98	0098	439687
entry	Antiscrophuleux	0	
entry	Antiseptiques	2	
pb	99	0099	439688
pb	100	0100	439689
entry	Antispasis	0	
entry	Antispasmodiques	1	
pb	101	0101	439690
entry	Antispodium	0	
entry	Antistius	0	
pb	102	0102	439691
entry	Antistitus	1	
pb	103	0103	439692
entry	Antithora, antithore	0	
orth	Antithora		
orth	antithore		
entry	Antivénériens	1	
pb	104	0104	439693
entry	(Remèdes)	0	
pb	105	0105	439694
entry	Antivénériens	0	
entry	(Remèdes)	0	
pb	106	0106	439695
entry	Antivénériens	0	
entry	(Remèdes)	0	
pb	107	0107	439696
entry	Antivénériens	0	
entry	(Remèdes)	0	
pb	108	0108	439697
entry	Antivénériens	0	
entry	(Remèdes)	0	
pb	109	0109	439698
entry	Antivénériens	0	
entry	(Remèdes)	0	
pb	110	0110	439699
entry	Antivénériens	0	
entry	(Remèdes)	0	
pb	111	0111	439700
entry	Antivénériens	0	
entry	(Remèdes)	0	
pb	112	0112	439701
entry	Antivénériens	0	
entry	(Remèdes)	0	
pb	113	0113	439702
entry	Antivénériens	0	
entry	(Remèdes)	0	
pb	114	0114	439703
entry	Antivénériens	0	
entry	(Remèdes)	0	
pb	115	0115	439704
entry	Antivénériens	0	
entry	(Remèdes)	0	
pb	116	0116	439705
entry	Antivénériens	0	
entry	(Remèdes)	0	
pb	117	0117	439706
entry	Antivénériens	0	
entry	(Remèdes)	0	
pb	118	0118	439707
entry	Antivénériens	0	
entry	(Remèdes)	0	
pb	119	0119	439708
entry	Antivénériens	0	
entry	(Remèdes)	0	
pb	120	0120	439709
entry	Antivénériens	0	
entry	(Remèdes)	0	
pb	121	0121	439710
entry	Antivénériens	0	
entry	(Remèdes)	0	
pb	122	0122	439711
entry	Antivénériens	0	
entry	(Remèdes)	0	
pb	123	0123	439712
entry	Antivénériens	0	
entry	(Remèdes)	0	
pb	124	0124	439713
entry	Antivénériens	0	
entry	(Remèdes)	0	
pb	125	0125	439714
entry	Antivénériens	0	
entry	(Remèdes)	0	
pb	126	0126	439715
entry	Antivénériens	0	
entry	(Remèdes)	0	
pb	127	0127	439716
entry	Antivénériens	0	
entry	(Remèdes)	0	
pb	128	0128	439717
entry	Antivénériens	0	
entry	(Remèdes)	0	
pb	129	0129	439718
entry	Antivénériens	0	
entry	(Remèdes)	0	
pb	130	0130	439719
entry	Antivénériens	0	
entry	(Remèdes)	0	
pb	131	0131	439720
entry	Antivénériens	0	
entry	(Remèdes)	0	
pb	132	0132	439721
entry	Antivénériens	0	
entry	(Remèdes)	0	
pb	133	0133	439722
entry	Antivénériens	0	
entry	(Remèdes)	0	
entry	Antivermiculaire	0	
entry	Antivermineux	0	
pb	134	0134	439723
entry	Antoffles	0	
entry	Antoine (Feu St.)	13	
pb	135	0135	439724
pb	136	0136	439725
pb	137	0137	439726
pb	138	0138	439727
pb	139	0139	439728
pb	140	0140	439729
pb	141	0141	439730
pb	142	0142	439731
pb	143	0143	439732
pb	144	0144	439733
pb	145	0145	439734
pb	146	0146	439735
pb	147	0147	439736
pb	148	0148	439737
entry	Antoine (Feu St.) Antonius castor	0	
entry	Antonius musa	0	
entry	Antora, antore	0	
orth	Antora		
orth	antore		
entry	Antrac	0	
entry	Antrax, anthrax	0	
orth	Antrax		
orth	anthrax		
entry	Antsjak	1	
pb	149	0149	439738
entry	Antu	0	
entry	Anty	0	
entry	Antylus	2	
pb	150	0150	439739
pb	151	0151	439740
entry	Anvally	1	
pb	152	0152	439741
entry	Anus	0	
entry	Fondement	0	
entry	Anus imperforé	0	
entry	Anxiété, angoisse, inquiétude	1	
orth	Anxiété		
orth	angoisse		
orth	inquiétude		
pb	153	0153	439742
entry	Aorte	0	
entry	Aovara	0	
entry	Apacaro	0	
entry	Apalachine	0	
entry	Apanthropie, apanthropia	0	
orth	Apanthropie		
orth	apanthropia		
entry	Apathie	1	
pb	154	0154	439743
entry	Apepsie, apepsia	0	
orth	Apepsie		
orth	apepsia		
entry	Apepsie	1	
pb	155	0155	439744
entry	Apéritifs	0	
pb	156	0156	439745
entry	Apéritifs, atténuans, desobstruans, fondans, incisifs	0	
orth	Apéritifs		
orth	atténuans		
orth	desobstruans		
orth	fondans		
orth	incisifs		
pb	157	0157	439746
entry	Apéritifs	0	
entry	Apete	0	
entry	Aphilanthrope, aphilanthropia	0	
orth	Aphilanthrope		
orth	aphilanthropia		
entry	Aphonie, aphonia	0	
orth	Aphonie		
orth	aphonia		
entry	Aphonie, extinction de voix, la peau cassée, perte de la voix	1	
orth	Aphonie		
orth	extinction de voix		
orth	la peau cassée		
orth	perte de la voix		
pb	158	0158	439747
entry	Aphrodisiaque	0	
entry	Aphrodisiaques	0	
pb	159	0159	439748
entry	Aphrodisiaques, échauffans, spermatopes	0	
orth	Aphrodisiaques		
orth	échauffans		
orth	spermatopes		
entry	Aphrodisiasme, aphrodisiasmus	0	
orth	Aphrodisiasme		
orth	aphrodisiasmus		
entry	Aphroditaire, aphroditarum	0	
orth	Aphroditaire		
orth	aphroditarum		
pb	160	0160	439749
entry	Aphthe, aphtha	0	
orth	Aphthe		
orth	aphtha		
entry	Aphthes	0	
entry	Aphtheuse, (Fièvre)	7	
orth	Aphtheuse		
orth	(Fièvre)		
pb	161	0161	439750
pb	162	0162	439751
pb	163	0163	439752
pb	164	0164	439753
pb	165	0165	439754
pb	166	0166	439755
pb	167	0167	439756
entry	Aphthes, alcola, bouche chancrée, bouche ulcérée, boutons, chancres à la bouche, mal de la bouche, pouches, ulcères à la bouche, ulcères serpigineux	0	
orth	Aphthes		
orth	alcola		
orth	bouche chancrée		
orth	bouche ulcérée		
orth	boutons		
orth	chancres à la bouche		
orth	mal de la bouche		
orth	pouches		
orth	ulcères à la bouche		
orth	ulcères serpigineux		
pb	168	0168	439757
entry	Aphtes, alcola, bouche chancrée, bouche ulcérée, boutons, chancres à la bouche, mal de la bouche, bouches, ulcères à la bouche, ulcères serpigineux	1	
orth	Aphtes		
orth	alcola		
orth	bouche chancrée		
orth	bouche ulcérée		
orth	boutons		
orth	chancres à la bouche		
orth	mal de la bouche		
orth	bouches		
orth	ulcères à la bouche		
orth	ulcères serpigineux		
pb	166	0169	439758
pb	170	0170	439759
entry	Aphtes, alcola, bouhce chancrée, bouche ulcérée, boutons, chancres à la bouche, mal de la bouche, bouches ulcères à la bouche, ulcères serpigineux	0	
orth	Aphtes		
orth	alcola		
orth	bouhce chancrée		
orth	bouche ulcérée		
orth	boutons		
orth	chancres à la bouche		
orth	mal de la bouche		
orth	bouches ulcères à la bouche		
orth	ulcères serpigineux		
entry	Aphtheuse	0	
entry	Apian (Philippe)	1	
pb	171	0171	439760
entry	Apiastrum	0	
entry	 Apicius	3	
pb	172	0172	439761
pb	173	0173	439762
pb	174	0174	439763
entry	Apin	0	
pb	175	0175	439764
entry	Apinel	0	
entry	Apios	0	
entry	Apis	0	
entry	Aplestie	0	
pb	176	0176	439765
entry	Aplomb	0	
entry	Apnée	0	
entry	Apobamma	0	
entry	Apocenoses	0	
entry	Apochylisma	0	
entry	Apochyma	0	
entry	Apocin	1	
pb	177	0177	439766
entry	Apocrustica	0	
entry	Apocroustiques	0	
entry	Apodacritica	0	
entry	Apogeusis	0	
entry	Apollodore	0	
entry	Apollon	1	
pb	178	0178	439767
entry	Apollonides	0	
entry	(de Cos)	0	
pb	179	0179	439768
entry	Apollonides, de Cos, de Chypre	0	
orth	Apollonides		
orth	de Cos		
orth	de Chypre		
entry	Apollonius	0	
entry	Apollophanes	1	
pb	180	0180	439769
entry	Apoltroni, apoltronir	0	
orth	Apoltroni		
orth	apoltronir		
entry	Apomeli	0	
entry	Aponevrose blessée	0	
entry	Apomuttosis	0	
entry	Apono	0	
entry	Apophlegmatilames	0	
entry	Apophlegmatisans	1	
pb	181	0181	439770
entry	Apophlegmatisme	2	
pb	182	0182	439771
pb	183	0183	439772
entry	Apophyse cariée	0	
pb	184	0184	439773
entry	Apoplectiques	0	
entry	Apoplexie, apoplexia	0	
orth	Apoplexie		
orth	apoplexia		
pb	185	0185	439774
entry	 Apoplexie, apoplexia	1	
orth	Apoplexie		
orth	apoplexia		
pb	186	0186	439775
entry	Apoplexie symptomatique	0	
entry	Apoplexie, affection-comateuse, affection-soporeuse, assoupissement, carus, coma, coup-de-chaleur, coup-de-sang, étourdissement, haut-somme, hydrocéphale, hydropisie du cerveau, la goccia, léthargie, vertigo	0	
orth	Apoplexie		
orth	affection-comateuse		
orth	affection-soporeuse		
orth	assoupissement		
orth	carus		
orth	coma		
orth	coup-de-chaleur		
orth	coup-de-sang		
orth	étourdissement		
orth	haut-somme		
orth	hydrocéphale		
orth	hydropisie du cerveau		
orth	la goccia		
orth	léthargie		
orth	vertigo		
pb	187	0187	439776
entry	Apoplexie, affection-comateuse, affection soporeuse, assoupissement, carus, coma, coup de chaleur, coup de sang, étourdissement, haut somme, hydrocéphale, hydropisie du cerveau, la goccia, léthargie, vertifo de sang, vetornon	2	
orth	Apoplexie		
orth	affection-comateuse		
orth	affection soporeuse		
orth	assoupissement		
orth	carus		
orth	coma		
orth	coup de chaleur		
orth	coup de sang		
orth	étourdissement		
orth	haut somme		
orth	hydrocéphale		
orth	hydropisie du cerveau		
orth	la goccia		
orth	léthargie		
orth	vertifo de sang		
orth	vetornon		
pb	188	0188	439777
pb	189	0189	439778
pb	190	0190	439779
entry	Apoplexie, affection-comateurse, affection soporeuse, assoupissement, carus, coma, coup de chaleur, coup de sang, étourdissement, haut somme, hydrocéphale, hydropisie du cerveau, la goccia, léthargie, vertigo de sang, vetornon	0	
orth	Apoplexie		
orth	affection-comateurse		
orth	affection soporeuse		
orth	assoupissement		
orth	carus		
orth	coma		
orth	coup de chaleur		
orth	coup de sang		
orth	étourdissement		
orth	haut somme		
orth	hydrocéphale		
orth	hydropisie du cerveau		
orth	la goccia		
orth	léthargie		
orth	vertigo de sang		
orth	vetornon		
entry	Apositie, apositia	0	
orth	Apositie		
orth	apositia		
entry	Apostas	0	
pb	191	0191	439780
entry	Apothicaires	2	
pb	192	0192	439781
pb	193	0193	439782
entry	Apothicairerie	0	
pb	194	0194	439783
entry	Apothicaires -majors	0	
entry	Apôtres (onguent des)	0	
entry	Apozème	2	
pb	195	0195	439784
pb	196	0196	439785
entry	Apaiser un cheval	1	
pb	197	0197	439786
entry	Apparent, patent	0	
orth	Apparent		
orth	patent		
entry	Appariage	0	
entry	Appareil	0	
entry	Appareiller, apparier	0	
orth	Appareiller		
orth	apparier		
entry	Appateler, appater	0	
orth	Appateler		
orth	appater		
entry	Appauvri, appauvrissement	0	
orth	Appauvri		
orth	appauvrissement		
entry	Appel	1	
pb	198	0198	439787
entry	Appetence	0	
entry	Appétit	0	
entry	Appétit dépravé	0	
entry	Applatir	0	
entry	Appliquer le feu	0	
entry	Appoint, appointement, appointer, délivrer, jetter son appoint, son délivre, ses ordures	1	
orth	Appoint		
orth	appointement		
orth	appointer		
orth	délivrer		
orth	jetter son appoint		
orth	son délivre		
orth	ses ordures		
pb	199	0199	439788
entry	Apprelle	0	
entry	Apprêt des alimens	0	
entry	Approvisionnemens	0	
entry	Apralaire	0	
entry	Apre	0	
entry	Aprêle, asprêle	0	
orth	Aprêle		
orth	asprêle		
entry	Absinte	0	
entry	Apuleius Celsus	0	
entry	Apuleius (Lucius)	0	
pb	200	0200	439789
entry	Apyrexie, apyrexia	0	
orth	Apyrexie		
orth	apyrexia		
entry	Apyrothium	0	
entry	Aquapendente	0	
entry	Aquatique	0	
entry	Aqueuse	0	
entry	Aqueux	0	
entry	Aquila alba	0	
entry	Aquila (Jean Dell')	0	
pb	201	0201	439790
entry	Aquila (Jean dell')	0	
entry	Aquilon	0	
entry	Aquila	0	
entry	Arabes	6	
pb	202	0202	439791
pb	203	0203	439792
pb	204	0204	439793
pb	205	0205	439794
pb	206	0206	439795
pb	207	0207	439796
entry	Arabie	1	
pb	208	0208	439797
entry	Arabique (gomme)	0	
entry	Araca-miri	0	
entry	Arachide	0	
entry	Arack	0	
entry	Araignée	2	
pb	209	0209	439798
pb	210	0210	439799
pb	211	0211	439800
entry	Araignée, les araignées	0	
orth	Araignée		
orth	les araignées		
entry	Araignée, aragnée, erignée, cru jaune	0	
orth	Araignée		
orth	aragnée		
orth	erignée		
orth	cru jaune		
entry	Araignée de mer	0	
entry	Araliastrum	0	
entry	Aralie	0	
entry	Aramaca	1	
pb	212	0212	439801
entry	Arat	0	
entry	Arara de clusius	0	
entry	Arboriste	0	
entry	Arbouses	1	
pb	213	0213	439802
entry	Arbousier	0	
entry	Arbre-à-fraises	0	
entry	Arbre de corail	0	
entry	Arbre de raisin	0	
entry	Arbre de vie	0	
entry	Arc	1	
pb	214	0214	439803
entry	Arcaeus	0	
entry	Arcançon	0	
entry	Arcanes	1	
pb	215	0215	439804
entry	Arcane corallin	0	
pb	216	0216	439805
entry	 Arcane corallin	1	
pb	217	0217	439806
entry	Arcane de tartre	0	
entry	Arcanum duplicatum	0	
entry	Arcanum jovis	0	
entry	Arcello	0	
entry	Arceutos	0	
entry	Archangélique	0	
entry	Archée	0	
entry	Archeure	0	
pb	218	0218	439807
entry	Archiatre	8	
pb	219	0219	439808
pb	220	0220	439809
pb	221	0221	439810
pb	222	0222	439811
pb	223	0223	439812
pb	224	0224	439813
pb	225	0225	439814
pb	226	0226	439815
entry	Archingeay	0	
entry	(Eaux minérales)	0	
entry	Architectes, (médecins architectes, & médecins manoeuvres)	4	
pb	227	0227	439816
pb	228	0228	439817
pb	229	0229	439818
pb	230	0230	439819
entry	Architecture	1	
pb	231	0231	439820
entry	Archaeus	0	
entry	Archoptoma	0	
entry	Arction	0	
entry	Arctura	0	
entry	Arcueil	0	
entry	(Eaux min.)	0	
entry	Ardens ou mal des ardens	9	
orth	Ardens		
orth	mal des ardens		
pb	232	0232	439821
pb	234	0233	439822
pb	234	0234	439823
pb	235	0235	439824
pb	237	0236	439825
pb	238	0237	439826
pb	238	0238	439827
pb	239	0239	439828
pb	241	0240	439829
entry	Ardent	0	
entry	Ardente, fièvre, chaud mal	3	
orth	Ardente		
orth	fièvre		
orth	chaud mal		
pb	241	0241	439830
pb	242	0242	439831
pb	243	0243	439832
entry	Ardeur	0	
pb	244	0244	439833
entry	Ardente, fièvre, chaud mal	0	
orth	Ardente		
orth	fièvre		
orth	chaud mal		
entry	Ardeur d'estomac	0	
entry	Ardoise	0	
entry	Ardrase	0	
entry	Areck	1	
pb	245	0245	439834
entry	Aréfaction	0	
entry	Arégon	0	
entry	Arénation	0	
entry	Areomètre	1	
pb	246	0246	439835
entry	Aréotiques	0	
entry	Aresgner, arregner, arrenger	1	
orth	Aresgner		
orth	arregner		
orth	arrenger		
pb	247	0247	439836
entry	Arestes ou queues de rat	0	
orth	Arestes		
orth	queues de rat		
entry	Arête, carre	0	
orth	Arête		
orth	carre		
entry	Aretée	0	
entry	Argemon	0	
entry	Argémone	0	
entry	Argent	0	
entry	Argenson	0	
entry	(Eaux minérales)	0	
entry	Argent	1	
pb	248	0248	439837
entry	Argenté	0	
entry	Argentine	0	
entry	Argenture	0	
entry	Argent vif	0	
entry	Argile	1	
pb	249	0249	439838
entry	Argot	0	
entry	Argrave	0	
entry	Argyrophore	0	
entry	Aridité	0	
entry	Ardona	0	
entry	Aridure	0	
entry	Aristoloche	2	
pb	250	0250	439839
pb	251	0251	439840
entry	Aristolochiques	0	
entry	Aristote	5	
pb	252	0252	439841
pb	253	0253	439842
pb	254	0254	439843
pb	255	0255	439844
pb	256	0256	439845
entry	Arlant	0	
entry	Arme offensive	0	
entry	Armées	0	
entry	(Hôpitaux des)	0	
pb	257	0257	439846
entry	Armées	0	
entry	(Hôpitaux des)	0	
pb	258	0258	439847
entry	Armées	0	
entry	(Hôpitaux des)	0	
pb	259	0259	439848
entry	Armées	0	
entry	(Hôpitaux des)	0	
pb	260	0260	439849
entry	Armées	0	
entry	(Hôpitaux des)	0	
pb	261	0261	439850
entry	Armées	0	
entry	(Hôpitaux des)	0	
pb	262	0262	439851
entry	Armées	0	
entry	(Hôpitaux des)	0	
pb	263	0263	439852
entry	Armées	0	
entry	(Hôpitaux des)	0	
pb	264	0264	439853
entry	Armées	0	
entry	(Hôpitaux des)	0	
pb	281	0265	439854
entry	Armées	0	
entry	(Hôpitaux des)	0	
pb	282	0266	439855
entry	Armées	0	
entry	(Hôpitaux des)	0	
pb	283	0267	439856
entry	Armées	0	
entry	(Hôpitaux des)	0	
pb	284	0268	439857
entry	Armées	0	
entry	(Hôpitaux des)	0	
pb	285	0269	439858
entry	Armées	0	
entry	(Hôpitaux des)	0	
pb	286	0270	439859
entry	Armées	0	
entry	(Hôpitaux des)	0	
pb	287	0271	439860
entry	Armées	0	
entry	(Hôpitaux des)	0	
pb	288	0272	439861
entry	Armées	0	
entry	(Hôpitaux des)	0	
pb	289	0273	439862
entry	Armées	0	
entry	(Hôpitaux des)	0	
entry	Armes	0	
entry	(Hygiène)	0	
entry	Armes (plaies d')	0	
entry	Armoires (aux onguens, charpie & compresses)	0	
entry	Armoise	3	
pb	290	0274	439863
pb	291	0275	439864
pb	292	0276	439865
entry	Armoniac	0	
entry	Armstrong, (Jean)	0	
orth	Armstrong		
orth	(Jean)		
entry	Armure	0	
entry	(Art vétérinaire)	0	
entry	Arnab	0	
entry	Arnabo	0	
entry	Arnacis	0	
entry	Arnaud de Ronsil, (George)	0	
orth	Arnaud de Ronsil		
orth	(George)		
pb	293	0277	439866
entry	Arnaud de Ronsil	0	
entry	Arnauld, (de Villeneuve)	4	
orth	Arnauld		
orth	(de Villeneuve)		
pb	294	0278	439867
pb	295	0279	439868
pb	296	0280	439869
pb	298	0281	439870
entry	Arnauld, (de Villeneuve).Arnaud de Nobleville (L. Daniel)	0	
orth	Arnauld		
orth	(de Villeneuve).Arnaud de Nobleville (L. Daniel)		
entry	Arnisaeus (Henningus)	1	
pb	298	0282	439871
entry	Arnica	1	
pb	299	0283	439872
entry	Arnoglosse	0	
entry	Arnoute	0	
entry	Aromatiques (substances)	1	
pb	300	0284	439873
pb	301	0285	439874
entry	Aromatoques (substances).Aromatisation, aromatiser	0	
orth	Aromatoques (substances).Aromatisation		
orth	aromatiser		
entry	Arome	2	
pb	302	0286	439875
pb	303	0287	439876
entry	Aromatariis (Joseph de)	0	
entry	Arousse	0	
entry	Arpette, erpette	0	
orth	Arpette		
orth	erpette		
entry	Arquebusade (cau d')	0	
pb	304	0288	439877
entry	Arquebusade	0	
entry	Arrête-boeuf	0	
entry	Arrêté	0	
entry	Arreboerri	0	
entry	Arrièrefaix	0	
entry	Arrière-saison	0	
entry	Arroche	1	
pb	305	0289	439878
entry	Arroche bonne dame	0	
entry	Arroser, arrosement	0	
orth	Arroser		
orth	arrosement		
entry	Arsac	0	
entry	Arséniates	1	
pb	306	0290	439879
entry	Arsénic	0	
pb	307	0291	439880
entry	Arsénicales	1	
pb	308	0292	439881
entry	Arsénique	0	
entry	Artaba	0	
entry	Artedi, (Pierre)	0	
orth	Artedi		
orth	(Pierre)		
pb	309	0293	439882
entry	Artédi (Pierre)	0	
entry	Artelsheim	0	
entry	(Eaux minérales)	0	
entry	Artemise	0	
entry	Artemonium	0	
entry	Arteres, (Blessures des)	0	
orth	Arteres		
orth	(Blessures des)		
pb	310	0294	439883
entry	Artères (blessures des)	0	
entry	Artériaques	0	
entry	Arthanita	1	
pb	311	0295	439884
entry	Arthritiques	0	
entry	Arthritis	0	
entry	Arthrocace	0	
entry	Arthrodynia	0	
entry	Arthrodynie	0	
entry	Arthropuosis	0	
entry	Arti	1	
pb	312	0296	439885
entry	Artichaut	0	
entry	Articulaire	0	
entry	Artillerie	1	
pb	313	0297	439886
entry	Artisans, (maladies des)	6	
orth	Artisans		
orth	(maladies des)		
pb	314	0298	439887
pb	315	0299	439888
pb	316	0300	439889
pb	317	0301	439890
pb	318	0302	439891
pb	319	0303	439892
entry	Artiscus	0	
pb	320	0304	439893
entry	Artois, chien-d'artois, basset	0	
orth	Artois		
orth	chien-d'artois		
orth	basset		
entry	Artois & Arras	1	
orth	Artois		
orth	Arras		
pb	321	0305	439894
entry	Artomeli	0	
entry	Artorius (Marcus)	0	
entry	Arzel	0	
entry	As, assis	0	
orth	As		
orth	assis		
entry	Asaphia	0	
entry	Asarum	0	
entry	Asbecha	0	
entry	Ascain	1	
pb	322	0306	439895
entry	Ascaride	2	
pb	323	0307	439896
pb	324	0308	439897
entry	Ascaride trichuride	2	
pb	325	0309	439898
pb	326	0310	439899
entry	Ascarides	0	
entry	Asci	0	
entry	Ascite	1	
pb	327	0311	439900
entry	Ascitique	0	
entry	Asclapo	0	
entry	Asclépiade	4	
pb	328	0312	439901
pb	329	0313	439902
pb	330	0314	439903
pb	331	0315	439904
entry	Asclépiades	0	
entry	Asclépiade (mat. Méd.)	1	
pb	332	0316	439905
entry	Asera	0	
entry	Asereta	0	
entry	Asfor	0	
entry	Asjogam	0	
entry	Asitie, asitia	0	
orth	Asitie		
orth	asitia		
entry	Asne	0	
entry	Asnier	0	
entry	Aspalath	1	
pb	333	0317	439906
entry	Aspercette	0	
entry	Asperge	2	
pb	334	0318	439907
pb	335	0319	439908
entry	Asphalte	0	
pb	336	0320	439909
entry	Asperge	0	
entry	Asphodèle	0	
entry	Asphyxie	0	
entry	Aspic	2	
pb	337	0321	439910
pb	338	0322	439911
entry	Asplenium	0	
entry	Asprelle	0	
entry	Assa	0	
entry	Assa fetida	3	
pb	339	0323	439912
pb	340	0324	439913
pb	341	0325	439914
entry	Assa foetida	0	
pb	342	0326	439915
entry	Assad	0	
entry	Assaieret	0	
entry	Assaisonnement	2	
pb	334	0327	439916
pb	344	0328	439917
entry	Assarius	0	
entry	Assation	0	
entry	Assazoé	0	
entry	Assentiment	0	
entry	Assiégeans	0	
entry	Assiégés	0	
entry	Assienne	0	
entry	Assimilation	4	
pb	345	0329	439918
pb	346	0330	439919
pb	347	0331	439920
pb	348	0332	439921
entry	Assis	0	
entry	Assodes	0	
entry	Assode	1	
pb	349	0333	439922
entry	Assortir	0	
entry	Assoupissants	0	
entry	Assoupissement	12	
pb	350	0334	439923
pb	351	0335	439924
pb	352	0336	439925
pb	353	0337	439926
pb	354	0338	439927
pb	355	0339	439928
pb	356	0340	439929
pb	357	0341	439930
pb	358	0342	439931
pb	359	0343	439932
pb	360	0344	439933
pb	361	0345	439934
entry	Astaphis	0	
entry	Astarius ou Asterius (Blaise)	0	
orth	Astarius		
orth	Asterius (Blaise)		
entry	Astarzof	0	
entry	Aster atticus	0	
entry	Asthenie	0	
entry	Asthme	7	
pb	362	0346	439935
pb	363	0347	439936
pb	364	0348	439937
pb	365	0349	439938
pb	366	0350	439939
pb	367	0351	439940
pb	368	0352	439941
entry	Astochodas	0	
entry	Astre au front	0	
entry	Astres	0	
entry	Astringens	1	
pb	369	0353	439942
entry	Astrologie	3	
pb	370	0354	439943
pb	371	0355	439944
pb	372	0356	439945
entry	Astronomie	2	
pb	373	0357	439946
pb	374	0358	439947
entry	Astruc, (Jean)	9	
orth	Astruc		
orth	(Jean)		
pb	375	0359	439948
pb	376	0360	439949
pb	377	0361	439950
pb	378	0362	439951
pb	379	0363	439952
pb	380	0364	439953
pb	381	0365	439954
pb	382	0366	439955
pb	383	0367	439956
pb	384	0368	439957
entry	Atanaire	0	
entry	Ataxie	0	
entry	Ateckma	0	
entry	Atechnia	0	
entry	Ateliers	0	
entry	Athanasia	0	
entry	Athanor	0	
entry	Athénée	6	
pb	385	0369	439958
pb	386	0370	439959
pb	387	0371	439960
pb	388	0372	439961
pb	389	0373	439962
pb	390	0374	439963
pb	391	0375	439964
entry	Athera	0	
entry	Atheromateux	0	
entry	Athérome	0	
entry	Athletes	0	
entry	Athymia	0	
entry	Athymie	0	
entry	Athotis ou Thot	1	
orth	Athotis		
orth	Thot		
pb	334	0376	439965
entry	Atincar	0	
entry	Atmidometre	0	
entry	Atmosphere	14	
pb	393	0377	439966
pb	394	0378	439967
pb	395	0379	439968
pb	396	0380	439969
pb	397	0381	439970
pb	398	0382	439971
pb	399	0383	439972
pb	400	0384	439973
pb	401	0385	439974
pb	402	0386	439975
pb	403	0387	439976
pb	404	0388	439977
pb	405	0389	439978
pb	406	0390	439979
entry	Atolli	0	
entry	Atombi	0	
entry	Atonie	0	
entry	Atrabilaire	1	
pb	407	0391	439980
entry	Atrabile	9	
pb	408	0392	439981
pb	409	0393	439982
pb	410	0394	439983
pb	411	0395	439984
pb	412	0396	439985
pb	413	0397	439986
pb	414	0398	439987
pb	415	0399	439988
pb	416	0400	439989
entry	Atrabilieuse (constitution)	9	
pb	417	0401	439990
pb	418	0402	439991
pb	419	0403	439992
pb	420	0404	439993
pb	421	0405	439994
pb	422	0406	439995
pb	423	0407	439996
pb	424	0408	439997
pb	425	0409	439998
entry	Atre	0	
entry	Atreta	0	
entry	Atroce	1	
pb	426	0410	439999
entry	Atrophie	0	
entry	Atrophie de l'oeil	0	
entry	Atropos	0	
entry	Att	0	
entry	Attainture	0	
pb	427	0411	440000
entry	Attencourt	0	
entry	Atteinte	0	
entry	Attenuans	0	
entry	Atterrer un cheval	0	
entry	Atti-alu	1	
pb	428	0412	440001
entry	Atti-meer-alu	0	
entry	Attingat	0	
entry	Attirans	0	
entry	Attouchement	0	
entry	Attractifs	0	
entry	Attraction	0	
entry	Attrappe-mouche	0	
entry	Attritio	1	
pb	429	0413	440002
entry	Attrition	0	
entry	Aubépine	0	
entry	Aubergine	0	
pb	430	0414	440003
entry	Auberre, auber, aubert	0	
orth	Auberre		
orth	auber		
orth	aubert		
entry	Aubert, (Jacques)	0	
orth	Aubert		
orth	(Jacques)		
entry	Aubert (François)	0	
entry	Aubery, (Jean)	0	
orth	Aubery		
orth	(Jean)		
entry	Aubier	0	
entry	Aubifoin	0	
entry	Aubigné de la Fosse, (Nathan)	0	
orth	Aubigné de la Fosse		
orth	(Nathan)		
entry	Aubin	0	
pb	431	0415	440004
entry	Aubin d'oeuf	0	
entry	Aubiner	0	
entry	Aubins	0	
entry	Aubourg	0	
entry	Aubry, (Jean d')	0	
orth	Aubry		
orth	(Jean d')		
entry	Audinac	0	
entry	Audoin de Chaignebrun	0	
entry	(Henri)	0	
pb	432	0416	440005
entry	Audoin de Chaignebrun	0	
entry	(Henri)	0	
entry	Augure-de-lin	0	
entry	Aulne	0	
entry	Aumale	1	
pb	433	0417	440006
entry	Aunée	1	
pb	434	0418	440007
entry	Aurea alexandrina	0	
entry	Aurea	0	
entry	Aurel	0	
entry	Aurigo, icterus, jaunisse	0	
orth	Aurigo		
orth	icterus		
orth	jaunisse		
pb	435	0419	440008
entry	Aurigo	0	
entry	Aurillac	0	
entry	Aurillas	0	
entry	Aurone	0	
entry	Aurore	0	
entry	Aurore boréale	2	
pb	436	0420	440009
pb	437	0421	440010
entry	Austeres	0	
entry	Austérité	0	
entry	Austral, (vent)	0	
orth	Austral		
orth	(vent)		
entry	Auterive	0	
entry	(Eaux minérales)	0	
entry	Auteuil, près Paris	0	
orth	Auteuil		
orth	près Paris		
entry	(Eaux minérales)	0	
entry	Automnale, constitution	0	
orth	Automnale		
orth	constitution		
pb	438	0422	440011
entry	Automnales, maladies	0	
orth	Automnales		
orth	maladies		
entry	Automne	1	
pb	439	0423	440012
entry	Autour	0	
entry	Autourserie	0	
entry	Autoursier, autrussier	0	
orth	Autoursier		
orth	autrussier		
entry	Autruche	1	
pb	440	0424	440013
entry	Autrussier	0	
entry	Auxiliaires	0	
entry	Auzon	0	
entry	Availles	0	
entry	Avalement de la langue	0	
entry	Avaler l'eau	0	
entry	Avaler la botte	0	
pb	441	0425	440014
entry	Avali	0	
entry	Avanacu	0	
entry	Avant-coeur	1	
pb	442	0426	440015
entry	Avant-courroux	0	
entry	Avaru	0	
entry	Avancoule	0	
entry	Aveline	0	
entry	Avenheim	0	
entry	(Eaux minérales)	0	
entry	Avenzoar Avenzoar, & suivant les Arabes Aben-Zoar	0	
orth	Avenzoar Avenzoar		
orth	suivant les Arabes Aben-Zoar		
pb	443	0427	440016
entry	Avenzoar	0	
entry	Aven-zoar	0	
pb	444	0428	440017
entry	Avenzoar	0	
entry	Aven-zoar	0	
pb	445	0429	440018
entry	Avenzoar	0	
entry	Aven-zoar	0	
pb	446	0430	440019
entry	Avenzoar	0	
entry	Aven-zoar	0	
pb	447	0431	440020
entry	Avenzoar	0	
entry	Aven-zoar	0	
pb	448	0432	440021
entry	Avenzoar	0	
entry	Aven-zoar	0	
pb	449	0433	440022
entry	Avenzoar	0	
entry	Aven-zoar	0	
pb	450	0434	440023
entry	Averno	0	
entry	Averte-coeur	0	
entry	Averrhoes	0	
pb	451	0435	440024
entry	Avenzoar	0	
entry	Aven-zoar	0	
entry	Avette	0	
entry	Aveugle	0	
entry	Aveuglement	0	
entry	Aveugles (hôpital d')	1	
pb	452	0436	440025
entry	Aveugles-nés (établissement des)	2	
pb	453	0437	440026
pb	454	0438	440027
entry	Avicenne	4	
pb	455	0439	440028
pb	456	0440	440029
pb	457	0441	440030
pb	458	0442	440031
entry	Aviculae cyprae	0	
entry	Avier	0	
entry	Avignon	2	
pb	459	0443	440032
pb	460	0444	440033
entry	Avila	0	
entry	Avocatier	2	
pb	461	0445	440034
pb	462	0446	440035
entry	Avoine	1	
pb	463	0447	440036
entry	Avold (Saint-)	0	
entry	Avortement	30	
pb	464	0448	440037
pb	465	0449	440038
pb	466	0450	440039
pb	467	0451	440040
pb	468	0452	440041
pb	469	0453	440042
pb	470	0454	440043
pb	471	0455	440044
pb	472	0456	440045
pb	473	0457	440046
pb	474	0458	440047
pb	475	0459	440048
pb	476	0460	440049
pb	477	0461	440050
pb	478	0462	440051
pb	479	0463	440052
pb	480	0464	440053
pb	481	0465	440054
pb	482	0466	440055
pb	483	0467	440056
pb	484	0468	440057
pb	485	0469	440058
pb	486	0470	440059
pb	487	0471	440060
pb	488	0472	440061
pb	489	0473	440062
pb	490	0474	440063
pb	491	0475	440064
pb	492	0476	440065
pb	493	0477	440066
entry	Avorter	5	
pb	494	0478	440067
pb	495	0479	440068
pb	496	0480	440069
pb	497	0481	440070
pb	498	0482	440071
entry	Avortin ou avorton	2	
orth	Avortin		
orth	avorton		
pb	499	0483	440072
pb	500	0484	440073
entry	Avortin, avertain, avertin, étourdissement, tournoiement, vertige des moutons	1	
orth	Avortin		
orth	avertain		
orth	avertin		
orth	étourdissement		
orth	tournoiement		
orth	vertige des moutons		
pb	501	0485	440074
pb	502	0486	440075
entry	Avortin, avertain, avertin, étourdissement, tournoiement, vertige des moutons.Avorton	0	
orth	Avortin		
orth	avertain		
orth	avertin		
orth	étourdissement		
orth	tournoiement		
orth	vertige des moutons.Avorton		
pb	503	0487	440076
entry	Avorton	1	
pb	504	0488	440077
entry	Avranches	0	
entry	Avre-sac	0	
entry	Aura epileptica	1	
pb	505	0489	440078
entry	Awols	0	
entry	Ax	1	
pb	506	0490	440079
entry	Axonge	0	
entry	Axonge de verre	0	
entry	Axungia	0	
entry	Ayrer, (Melchior)	0	
orth	Ayrer		
orth	(Melchior)		
entry	Aytuy	0	
entry	Ayune	1	
pb	507	0491	440080
entry	Ayyil	0	
entry	Azarinit	0	
entry	Azedarach	0	
entry	Azerat	0	
entry	(Eaux minérales)	0	
entry	Azerolles	0	
entry	Azote	1	
pb	508	0492	440081
entry	Azoth	0	
entry	Azoth de Paracelse	0	
entry	Azoth de Héflingius	0	
entry	Azyme	0	
pb	509	0493	440082
entry	Babeure	0	
entry	Babillement	0	
entry	Baccanelcius, (Jean)	0	
orth	Baccanelcius		
orth	(Jean)		
entry	Bacchante	1	
pb	510	0494	440083
entry	Bacchia	0	
entry	Bacchica	0	
entry	Bacchius	0	
entry	Baccius, ou Baccio, (André)	0	
orth	Baccius		
orth	Baccio		
orth	(André)		
pb	511	0495	440084
entry	Bache	0	
entry	Bachtishua (George)	0	
entry	Bachot (Etienne)	1	
pb	512	0496	440085
entry	Bacille marin	0	
entry	Bacinet	0	
entry	Backer (George)	0	
entry	Bacon (François)	0	
pb	513	0497	440086
entry	Bacon (Roger)	1	
pb	514	0498	440087
pb	515	0499	440088
entry	Bacope aquatique	0	
entry	Bacquerre (Benoit)	0	
entry	Badamier	0	
entry	Badian	1	
pb	516	0500	440089
entry	Badiri	0	
entry	Baditis	0	
entry	Badukka	0	
entry	Bagages	0	
entry	Bagard (Antoine)	0	
pb	517	0501	440090
entry	Bagassier	0	
entry	Baggaert (Jean)	0	
entry	Baglivi (George)	0	
pb	518	0502	440091
entry	Baglivi (Georges)	0	
entry	Bagneres de Bigorre	1	
pb	519	0503	440092
entry	Bagneres de Luchon	1	
pb	520	0504	440093
entry	Bagnolles (Eaux minérales)	0	
entry	Bagnols	0	
entry	(Eaux minérales)	0	
pb	521	0505	440094
entry	Bagnols	0	
entry	(Eaux minérales)	0	
entry	Bagre	0	
entry	Baguenaudier	0	
entry	Baguette de communication	1	
pb	522	0506	440095
entry	Bahel	0	
entry	Baier (Jean-Jacques)	0	
entry	Baies	0	
pb	523	0507	440096
entry	Baigneur	0	
entry	Baigneurs (maladie des)	1	
pb	524	0508	440097
entry	Baignoire	1	
pb	525	0509	440098
entry	Baignoire oculaire	0	
entry	Baillement	0	
entry	Bailler	0	
entry	Baillère	0	
entry	Bailly ou Baillif, (Roch le)	0	
orth	Bailly		
orth	Baillif		
orth	(Roch le)		
pb	526	0510	440099
entry	Bain	1	
pb	527	0511	440100
pb	528	0512	440101
entry	Bain.Bain de sable	0	
entry	Bain de terre	0	
entry	Bain de vapeur	1	
pb	525	0513	440102
entry	Bain (hygiène)	43	
pb	526	0514	440103
pb	527	0515	440104
pb	528	0516	440105
pb	529	0517	440106
pb	530	0518	440107
pb	531	0519	440108
pb	532	0520	440109
pb	537	0521	440110
pb	538	0522	440111
pb	539	0523	440112
pb	540	0524	440113
pb	541	0525	440114
pb	542	0526	440115
pb	543	0527	440116
pb	544	0528	440117
pb	541	0529	440118
pb	542	0530	440119
pb	543	0531	440120
pb	544	0532	440121
pb	545	0533	440122
pb	546	0534	440123
pb	547	0535	440124
pb	548	0536	440125
pb	549	0537	440126
pb	550	0538	440127
pb	551	0539	440128
pb	552	0540	440129
pb	553	0541	440130
pb	554	0542	440131
pb	555	0543	440132
pb	556	0544	440133
pb	557	0545	440134
pb	558	0546	440135
pb	559	0547	440136
pb	560	0548	440137
pb	561	0549	440138
pb	562	0550	440139
pb	563	0551	440140
pb	563	0552	440141
pb	564	0553	440142
pb	566	0554	440143
pb	567	0555	440144
pb	568	0556	440145
entry	Bain-marie	0	
entry	Bain (mat. méd.)	1	
pb	569	0557	440146
entry	Bain (électrique)	0	
entry	Bains, douches, étuves, (Département des)	2	
orth	Bains		
orth	douches		
orth	étuves		
orth	(Département des)		
pb	570	0558	440147
pb	571	0559	440148
entry	Bains	0	
entry	(Eaux minérales)	0	
pb	572	0560	440149
entry	Bains	0	
entry	(Eaux minérales)	0	
entry	Baiser	0	
entry	Bal (exercice)	0	
entry	Balances	1	
pb	577	0561	440150
entry	Balance de Sanctorius	0	
entry	Balançoire	1	
pb	578	0562	440151
entry	Balanos	0	
entry	Balaruc	1	
pb	579	0563	440152
entry	Balaustes	0	
entry	Balbian (Josse VAN)	0	
entry	Balde Baldi ou Baldus Baldius	1	
orth	Balde Baldi		
orth	Baldus Baldius		
pb	580	0564	440153
entry	Baleine (corps de) (hygiène)	2	
pb	581	0565	440154
pb	582	0566	440155
entry	Baleine	0	
entry	Baleine ou licorne de mer	0	
orth	Baleine		
orth	licorne de mer		
entry	Baleine (petite)	0	
entry	Baley ou Bailey (Vautier)	1	
orth	Baley		
orth	Bailey (Vautier)		
pb	583	0567	440156
entry	Balise	0	
entry	Balisier	0	
entry	Balle	0	
entry	Ballexserd (Jacques)	0	
entry	 Ballon	1	
pb	584	0568	440157
entry	Ballote	0	
entry	Balsameleon	0	
entry	Balsamier	0	
entry	Balsamine	1	
pb	585	0569	440158
entry	Balsamique	0	
entry	Balsamiques	1	
pb	586	0570	440159
entry	Bambou	1	
pb	587	0571	440160
entry	Bamia	0	
entry	Banane	0	
entry	Bananier	1	
pb	588	0572	440161
entry	Banc	0	
entry	Bancal	0	
entry	Bancudu	0	
entry	Bandage	0	
entry	Bande	0	
pb	589	0573	440162
entry	Bandiat	0	
entry	Bangada	0	
entry	Bangi	0	
entry	Bangue	0	
entry	Bannieres	0	
entry	Banzer (Marc)	0	
pb	590	0574	440163
entry	Baobab	0	
entry	Baptême	1	
pb	591	0575	440164
entry	Bar	0	
entry	(Eaux min.)	0	
entry	Baramareca	1	
pb	592	0576	440165
entry	Baraques, (baraquées armées)	0	
orth	Baraques		
orth	(baraquées armées)		
entry	Barba (Pierre)	0	
entry	Barba	0	
entry	(Alvaro Alonzo)	0	
pb	589	0577	440166
entry	Barba	0	
entry	(Alvaro Alonzo)	0	
entry	Barbarca	0	
entry	Barbaro	0	
entry	(Hermolaus)	0	
entry	Barbaut (Antoine François)	0	
entry	Barbazan	0	
entry	(Eaux minérales)	0	
pb	590	0578	440167
entry	Barbe	0	
entry	Barbe à dieu	0	
entry	Barbe de bouc	0	
entry	Barbe de chèvre	0	
entry	Barbe de renard	0	
entry	Barbeau	0	
entry	Barberet (Denys)	1	
pb	591	0579	440168
entry	Barberie	0	
entry	(La) (Eaux minérales)	0	
entry	Barbette	0	
entry	(Paul)	0	
entry	Barbeyrac	0	
entry	(Charles)	0	
pb	592	0580	440169
entry	Barbeyrac	0	
entry	(Charles)	0	
entry	Barbier	0	
entry	Barbillon	0	
entry	Barbotan	0	
entry	(Eaux minérales)	0	
pb	593	0581	440170
entry	Barbotan	0	
entry	(Eaux minérales)	0	
entry	Barbotte	0	
entry	Barbotine	0	
entry	Barbue	0	
entry	Barcelonette	0	
entry	(lit d'enfant)	0	
entry	Barckausen, (Jean-Conrad)	1	
orth	Barckausen		
orth	(Jean-Conrad)		
pb	594	0582	440171
entry	Bardane ou glouteron	1	
orth	Bardane		
orth	glouteron		
pb	595	0583	440172
entry	Barde	0	
entry	Baréges	0	
entry	(Eau de)	0	
pb	596	0584	440173
entry	Baréges	0	
entry	(Eau de)	0	
entry	Barge ou aboyeur	0	
orth	Barge		
orth	aboyeur		
entry	Barjac	0	
entry	(eaux minérales)	0	
entry	Barisanus, (François-Dominique)	0	
orth	Barisanus		
orth	(François-Dominique)		
entry	Barland, (Hubert)	1	
orth	Barland		
orth	(Hubert)		
pb	601	0585	440174
entry	Barlette	0	
entry	(Marianus de)	0	
entry	Barner, (Jacques)	0	
orth	Barner		
orth	(Jacques)		
entry	Barométrographe	0	
entry	Baromètre	2	
pb	602	0586	440175
pb	603	0587	440176
entry	Barométrique (observation)	0	
entry	Baron (Hyacinthe-Théodore)	1	
pb	604	0588	440177
entry	Baron d'Henouville (Théodore)	0	
pb	605	0589	440178
entry	Baron (Hyacinthe-Théodore)	2	
pb	606	0590	440179
pb	607	0591	440180
entry	Baronio (Vincent)	0	
pb	608	0592	440181
entry	Barra (Pierre)	0	
entry	Barre	0	
entry	(Eaux minérales)	0	
entry	Barreau	0	
entry	(Médecine de)	0	
entry	Barrelier (Jacques)	1	
pb	609	0593	440182
entry	Barreliere	0	
entry	Barry, (Edouard)	0	
orth	Barry		
orth	(Edouard)		
entry	Bartavelle	0	
entry	Barthelemi	0	
entry	(Eaux minérales)	0	
entry	Bartholet (Fabrice)	0	
entry	Bartholin, (Gaspar)	2	
orth	Bartholin		
orth	(Gaspar)		
pb	610	0594	440183
pb	611	0595	440184
entry	Bartholin, (Albert)	0	
orth	Bartholin		
orth	(Albert)		
entry	Bartholin, (Erasme)	0	
orth	Bartholin		
orth	(Erasme)		
entry	Bartholin, (Thomas)	0	
orth	Bartholin		
orth	(Thomas)		
pb	612	0596	440185
entry	Bartholin, (Gaspar)	2	
orth	Bartholin		
orth	(Gaspar)		
pb	613	0597	440186
pb	614	0598	440187
pb	615	0599	440188
entry	Baryphonie	0	
entry	Barypicron	0	
entry	Bas-en-Basset	0	
entry	(Eaux minérales)	0	
entry	Basaal	0	
entry	Basané	1	
pb	616	0600	440189
entry	Base	1	
pb	617	0601	440190
entry	Basella	0	
entry	Basile Valentin	1	
pb	618	0602	440191
entry	Basilic	0	
entry	Basilicum	1	
pb	619	0603	440192
entry	Basilidion	0	
entry	Bassiano landi	0	
entry	Bassin oculaire	1	
pb	620	0604	440193
entry	Bassin	0	
entry	(vice du)	0	
entry	Bassinoire.Bassius (Henri)	0	
entry	Bassuel (Pierre)	1	
pb	621	0605	440194
entry	Bastennes	0	
entry	(Eaux minérales)	0	
entry	Bastide-du-Peyrat	0	
entry	(Eaux minérales)	0	
entry	Bas-ventre	0	
entry	(Sémeiotique)	0	
pb	622	0606	440195
entry	Bas-ventre (séméiotique)	1	
pb	623	0607	440196
entry	Bas-ventre (blessures du)	10	
pb	624	0608	440197
pb	621	0609	440198
pb	626	0610	440199
pb	627	0611	440200
pb	628	0612	440201
pb	629	0613	440202
pb	630	0614	440203
pb	631	0615	440204
pb	632	0616	440205
pb	633	0617	440206
entry	Batailles	2	
pb	634	0618	440207
pb	635	0619	440208
entry	Batate	0	
entry	Bate (George)	1	
pb	636	0620	440209
entry	Bath	0	
entry	(Eaux minérales)	0	
entry	Batiment	0	
entry	Batisse	0	
entry	(la) (Eaux minérales)	0	
entry	Batons de casse	0	
entry	Batracos & batrachus	0	
orth	Batracos		
orth	batrachus		
entry	Battemens	0	
entry	Batterrismus	0	
entry	Batterie de cuisine (hygiène)	3	
pb	637	0621	440210
pb	638	0622	440211
pb	639	0623	440212
entry	Battus, (Charles)	0	
orth	Battus		
orth	(Charles)		
entry	Bavaroise	0	
entry	Bauderon (Brice)	2	
pb	640	0624	440213
pb	641	0625	440214
entry	Bauderon (Gratien)	0	
entry	Baudricourt	0	
entry	(Eaux minérales)	0	
entry	Bave	0	
entry	Bauhin (Jean)	1	
pb	642	0626	440215
entry	Bauhin (Gaspar)	0	
pb	643	0627	440216
entry	Bauhin, (Jean-Gaspar)	1	
orth	Bauhin		
orth	(Jean-Gaspar)		
pb	644	0628	440217
entry	Bauhin, (Jérôme)	0	
orth	Bauhin		
orth	(Jérôme)		
entry	Bauhine	0	
entry	Baume	0	
entry	Baumes naturels	1	
pb	645	0629	440218
entry	Baumes en chimie	0	
entry	Baumes en pharmacie	0	
entry	Baumes d'aiguilles	1	
pb	646	0630	440219
entry	Baume blanc	0	
entry	Baume de copahu	0	
pb	647	0631	440220
entry	Baume de gilead	0	
entry	Baume de la Mecque ou de Judée	0	
orth	Baume de la Mecque		
orth	de Judée		
entry	Baume du Pérou	1	
pb	648	0632	440221
entry	Baume Rakasiri	0	
entry	Baume de Tolu	0	
entry	Baumes de soufre	1	
pb	649	0633	440222
entry	Baume de soufre anisé	0	
entry	Baume de soufre de genièvre	0	
entry	Baume de soufre de noix	0	
entry	Baume de soufre succiné	0	
entry	Baume de soufre térébenthiné	0	
entry	Baume d'eau à feuille ridée	0	
entry	Baume d'eau à feuille ronde	0	
entry	Baume des jardins	0	
entry	Baume (grand)	0	
entry	Baurin	0	
entry	Bausc	0	
pb	650	0634	440223
entry	Bausch, (Léonard)	0	
orth	Bausch		
orth	(Léonard)		
entry	Baxana	0	
entry	Bayer (Jean-Jacques)	0	
entry	Bayeux	0	
entry	(Eaux minérales)	0	
entry	Bayle, (François)	0	
orth	Bayle		
orth	(François)		
pb	651	0635	440224
entry	Bayro (Pierre de)	0	
entry	Bazin (Guillaume)	0	
entry	Bazin (Claude)	0	
entry	Bazin (Simon)	0	
entry	Bazin (Denys)	0	
entry	Bazin, (N)	0	
orth	Bazin		
orth	(N)		
entry	Bazzani, (Matthieu)	0	
orth	Bazzani		
orth	(Matthieu)		
pb	652	0636	440225
entry	Bdella	0	
entry	Bdellium	0	
entry	Beaucaire	0	
entry	(foire de)	0	
pb	653	0637	440226
entry	Beaucaire	0	
entry	(foire de)	0	
pb	654	0638	440227
entry	Beaucaire	0	
entry	(foire de)	0	
pb	655	0639	440228
entry	Beaucaire	0	
entry	(foire de)	0	
pb	656	0640	440229
entry	Beauclair	0	
entry	(Eaux minér.)	0	
entry	Beaufort	0	
entry	(Eaux minér.)	0	
entry	Beaugency	0	
entry	(Eaux minér.)	0	
pb	657	0641	440230
entry	Beaugency	0	
entry	(vin de)	0	
entry	Beaulieu	0	
entry	(Eaux minér.)	0	
entry	Beauvais	0	
entry	(Eaux minér.)	0	
entry	Beaune	0	
entry	(vin de)	0	
entry	Beauté	3	
pb	658	0642	440231
pb	659	0643	440232
pb	660	0644	440233
pb	661	0645	440234
entry	Bec (le)	0	
entry	(Eaux minérales)	0	
entry	Bec de grue	1	
pb	662	0646	440235
entry	Bec de lièvre	0	
entry	Bec-scie	0	
entry	Becaronga	0	
entry	Becan, (Jean)	0	
orth	Becan		
orth	(Jean)		
entry	Bécasse (hygiène)	1	
pb	663	0647	440236
entry	Becassine	0	
entry	Becasseau	0	
entry	Bec-figue	0	
entry	Becher (Jean-Joachim)	2	
pb	664	0648	440237
pb	665	0649	440238
entry	Bechion	0	
entry	Bechiques	1	
pb	666	0650	440239
entry	Becker, (Daniel)	1	
orth	Becker		
orth	(Daniel)		
pb	667	0651	440240
entry	Beckett (Guillaume)	0	
entry	Beculo	0	
entry	Becuiba	0	
entry	Bedegar	0	
entry	Bedouz	0	
entry	(Eaux minér.)	0	
pb	668	0652	440241
entry	Bedouz	0	
entry	(Eaux minér.)	0	
entry	Béenel	0	
entry	Bégayement	0	
entry	Bégone	0	
entry	Beguin	1	
pb	669	0653	440242
entry	Behen blanc	0	
entry	Behen rouge	0	
entry	Behrens, (Conrad-Bertauld)	1	
orth	Behrens		
orth	(Conrad-Bertauld)		
pb	670	0654	440243
entry	Beignet	0	
entry	Beignicourt ou Begnecourt	0	
orth	Beignicourt		
orth	Begnecourt		
entry	(Eaux minérales)	0	
entry	Beitharides	1	
pb	671	0655	440244
entry	Bela-aye	0	
entry	Beladamboc	0	
entry	Belandre	0	
entry	Belapola	0	
entry	Bélemnite	1	
pb	672	0656	440245
entry	Bélesme	0	
entry	(Eaux minér.)	0	
entry	Belette	0	
entry	Bélier	0	
pb	673	0657	440246
entry	Belinum	0	
entry	Belladone	1	
pb	674	0658	440247
entry	Bella-modagam	0	
entry	Belle de nuit	0	
entry	Belle-no	0	
entry	Belleval, (Pierre Richer de)	1	
orth	Belleval		
orth	(Pierre Richer de)		
pb	675	0659	440248
entry	Belleval, (Martin Richer de)	0	
orth	Belleval		
orth	(Martin Richer de)		
entry	Belley	0	
entry	(Eaux minér.)	0	
entry	Bellini (Laurent)	1	
pb	676	0660	440249
entry	Bellon	0	
entry	Belon (Pierre)	2	
pb	677	0661	440250
pb	678	0662	440251
entry	Belloste	0	
entry	(Pilules de)	0	
entry	Beloste (Augustin)	1	
pb	679	0663	440252
entry	Belou	0	
entry	Belutta-pola	0	
entry	Belutta-tsiori	0	
entry	Belzoe	0	
entry	Bem-corini	1	
pb	680	0664	440253
entry	Bem-schetti	0	
entry	Bem-tamara	0	
entry	Ben	0	
entry	Benath	0	
entry	Bencius ou De Benciis, (Hugues)	1	
orth	Bencius		
orth	De Benciis		
orth	(Hugues)		
pb	681	0665	440254
entry	Bendarli	0	
entry	Benedetti, (Alexandre)	1	
orth	Benedetti		
orth	(Alexandre)		
pb	682	0666	440255
entry	Benedicte laxative	0	
entry	Benedicti, (Dominique)	0	
orth	Benedicti		
orth	(Dominique)		
entry	Benedictus, (Jean)	0	
orth	Benedictus		
orth	(Jean)		
pb	683	0667	440256
entry	Bénéfice	0	
entry	Benetti (Jean-Dominique)	0	
entry	Benevoli (Antoine)	1	
pb	684	0668	440257
entry	Bengiri	0	
entry	Bénignité	0	
entry	Benimiram	0	
entry	Benjoin	3	
pb	685	0669	440258
pb	686	0670	440259
pb	687	0671	440260
entry	Benjoin françois	0	
entry	Beniveni (Antoine)	0	
entry	Benkara	1	
pb	688	0672	440261
entry	Benoite	1	
pb	689	0673	440262
entry	Benteka	0	
entry	Bentirutali	0	
entry	Benvenuti (Joseph)	0	
entry	Benzoates	0	
entry	Berberis	0	
entry	Berce	1	
pb	690	0674	440263
pb	691	0675	440264
entry	Berceau	0	
entry	Bercer	0	
entry	Bérenger	0	
entry	(Jacques)	0	
entry	Bergamotte	1	
pb	692	0676	440265
entry	Bergen, (Charles Auguste de.)	0	
orth	Bergen		
orth	(Charles Auguste de.)		
entry	Berger	0	
entry	(Claude)	0	
pb	693	0677	440266
entry	Berger	0	
entry	(Claude)	0	
entry	Berger (Jean-Godefroid)	0	
entry	Berghe, ou Montanus (Robert van den)	0	
orth	Berghe		
orth	Montanus (Robert van den)		
entry	Berghen (Gerard van)	0	
pb	694	0678	440267
entry	Beriberca, beriberi	0	
orth	Beriberca		
orth	beriberi		
entry	Berle	1	
pb	695	0679	440268
entry	Berlue	0	
entry	Bermingham, (Michel)	0	
orth	Bermingham		
orth	(Michel)		
entry	Bernier, (François)	1	
orth	Bernier		
orth	(François)		
pb	696	0680	440269
entry	Bernier (Jean)	0	
entry	Bernouilli (Jean)	1	
pb	697	0681	440270
entry	Bers	0	
entry	Bertapalia ou Praedapalia (Léonard)	1	
orth	Bertapalia		
orth	Praedapalia (Léonard)		
pb	698	0682	440271
entry	Bertin, (Eugène-Joseph)	4	
orth	Bertin		
orth	(Eugène-Joseph)		
pb	699	0683	440272
pb	700	0684	440273
pb	701	0685	440274
pb	702	0686	440275
entry	Bertini (George)	1	
pb	703	0687	440276
entry	Bertrandi (Ambroise)	0	
entry	Beru	0	
entry	Bes	0	
entry	Besançon	0	
entry	(Eaux minér.)	0	
entry	Besoin	1	
pb	704	0688	440277
entry	Besse	0	
entry	Betel, bêtre, ou temboul	0	
orth	Betel		
orth	bêtre		
orth	temboul		
pb	705	0689	440278
entry	Betel, bêtre, ou temboul.Bethencourt (Jacques de)	0	
orth	Betel		
orth	bêtre		
orth	temboul.Bethencourt (Jacques de)		
entry	Betoine	0	
entry	Bette (hygiène)	1	
pb	706	0690	440279
entry	Bette (mat. méd.)	1	
pb	707	0691	440280
entry	Betteinge	0	
entry	(Eaux minér.)	0	
entry	Beughem (Corneille van)	0	
entry	Beurre	0	
pb	708	0692	440281
entry	Beurre (hygiène)	2	
pb	709	0693	440282
pb	710	0694	440283
pb	711	0695	440284
entry	Beurre (mat. méd.)	0	
entry	Beurre d'aiguilles	0	
entry	Beurre d'antimoine	0	
pb	712	0696	440285
entry	Beurre d'arsenic	0	
entry	Beurre de bambuk ou bataule	0	
orth	Beurre de bambuk		
orth	bataule		
entry	Beurre de bismuth	0	
entry	Beurre de cacao	0	
entry	Beurre de cire	0	
entry	Beurre de coco	0	
entry	Beurre d'étain	0	
entry	Beurre de zinc	0	
entry	Beuvrigny	0	
entry	(Eaux minér.)	0	
entry	Beverwyck (Jean)	2	
pb	713	0697	440286
pb	714	0698	440287
entry	Bezoard	1	
pb	715	0699	440288
entry	Bezoard d'Allemagne	0	
entry	Bezoard de boeuf	1	
pb	716	0700	440289
entry	Bezoard de chamois	0	
entry	Bezoard de cheval	0	
entry	Bezoard de porc-épic	0	
entry	Bezoard de cayman	0	
entry	Bezoards divers	0	
entry	Bezoards factices	0	
pb	717	0701	440290
entry	Bezoard fossile	0	
entry	Bezoard humain	0	
entry	Bezoard minéral	0	
entry	Bezoardiques	0	
entry	Bianchi (Jean-Baptiste)	0	
pb	718	0702	440291
entry	Bianchi (Jean-Baptsite)	0	
entry	Bianchi (Jean)	1	
pb	719	0703	440292
entry	Bibby	0	
entry	Bicaise	0	
entry	Biche	0	
pb	720	0704	440293
entry	Bicho	0	
entry	Bicongius	0	
entry	Bident	1	
pb	721	0705	440294
entry	Bidet	0	
entry	Bidloo (Godefroid)	1	
pb	722	0706	440295
entry	Bière	2	
pb	723	0707	440296
pb	724	0708	440297
pb	725	0709	440298
entry	Bière.Bierling (Gaspar-Théophile)	0	
entry	Biesius, (Nicolas)	0	
orth	Biesius		
orth	(Nicolas)		
entry	Bierville	0	
entry	(Eaux minérales)	0	
entry	Bievre	0	
entry	Bigarade	0	
entry	Bigareau	0	
pb	726	0710	440299
entry	Bigle	0	
entry	Bignone	0	
entry	Bijon	0	
entry	Bilazai	0	
entry	Bile	0	
pb	727	0711	440300
entry	Bile.Bile (mat. méd.)	0	
pb	728	0712	440301
entry	Bile (mat. méd.)	0	
entry	Bile répandue	0	
entry	Bile	0	
entry	(Pathologie)	0	
pb	729	0713	440302
entry	Bile	0	
entry	(Pathologie)	0	
pb	730	0714	440303
entry	Bile	0	
entry	(Pathologie)	0	
pb	731	0715	440304
entry	Bile	0	
entry	(Pathologie)	0	
pb	732	0716	440305
entry	Bile	0	
entry	(Pathologie)	0	
entry	Bilieuse	0	
entry	(constitution)	0	
pb	733	0717	440306
entry	Bilieuse	0	
entry	(constitution)	0	
pb	734	0718	440307
entry	Bilieuse	0	
entry	(constitution)	0	
pb	735	0719	440308
entry	Bilieuse	0	
entry	(constitution)	0	
pb	736	0720	440309
entry	Bilieuse	0	
entry	(constitution)	0	
pb	737	0721	440310
entry	Bilieuse	0	
entry	(constitution)	0	
pb	738	0722	440311
entry	Bilieuse	0	
entry	(constitution)	0	
pb	739	0723	440312
entry	Bilieuse	0	
entry	(constitution)	0	
entry	Bilieux (hygiène)	0	
pb	740	0724	440313
entry	Bilieux	0	
entry	(tempérament)	0	
entry	Bilimbi	0	
entry	Billard (hygiène)	0	
pb	741	0725	440314
entry	Bils ou Bilsius (Louis De)	1	
orth	Bils		
orth	Bilsius (Louis De)		
pb	742	0726	440315
entry	Biscuit	0	
entry	Biscuit de mer	2	
pb	743	0727	440316
pb	744	0728	440317
entry	Bismuth	0	
entry	Bisque (hygiène)	1	
pb	745	0729	440318
entry	Bissus	0	
entry	Bistorte	0	
entry	Bistortier (mat. méd.)	1	
pb	746	0730	440319
entry	Bitumes (mat. méd.)	1	
pb	747	0731	440320
entry	Bitume de Judée	0	
entry	Bitume judaique	0	
entry	Bitumineux	0	
entry	Bizarrerie	1	
pb	748	0732	440321
entry	Bizet	0	
entry	Blaesitas	0	
entry	Blafard	0	
entry	Blafard, arde	0	
orth	Blafard		
entry	Blaireau (hygiène)	1	
pb	749	0733	440322
entry	Blackwel (Elisabeth)	0	
entry	Blacuod (Henri)	1	
pb	750	0734	440323
entry	Blanc de baleine (mat. méd.)	5	
pb	751	0735	440324
pb	752	0736	440325
pb	753	0737	440326
pb	754	0738	440327
pb	755	0739	440328
entry	Blanc d'Espagne	0	
entry	Blanc de fard	0	
entry	Blanc de plomb	0	
entry	Blanc d'oeuf	0	
entry	(mat.méd.)	0	
pb	756	0740	440329
entry	Blanc d'oeuf	0	
entry	(mat.méd.)	0	
entry	Blanc-manger	0	
entry	Blanc raisin	0	
entry	Blancard (Etienne)	1	
pb	757	0741	440330
entry	Blanchissage	0	
entry	Blanchisseuses	0	
entry	(maladies des)	0	
pb	758	0742	440331
entry	Blanchisseuses	0	
entry	(maladies des)	0	
entry	Blanquette	0	
entry	Blaru	0	
entry	(Eaux minér.)	0	
entry	Blasé (hygiène)	1	
pb	759	0743	440332
entry	Blasius (Gerard Blaes, ou)	1	
pb	760	0744	440333
entry	Blasius (Abraham)	0	
entry	Blatti	0	
entry	Blaveole	0	
entry	Bled, ou froment (hygiène)	2	
orth	Bled		
orth	froment (hygiène)		
pb	761	0745	440334
pb	762	0746	440335
pb	763	0747	440336
entry	Bled, ou froment  (hygiène)	0	
orth	Bled		
orth	froment  (hygiène)		
entry	Bled	0	
entry	Blème	0	
entry	Blepharoptosis	0	
entry	Blepharotis	0	
entry	Blessures	0	
entry	(mortalité des)	0	
pb	764	0748	440337
entry	Blessures	0	
entry	(mortalité des)	0	
pb	765	0749	440338
entry	Blessures	0	
entry	(mortalité des)	0	
pb	766	0750	440339
entry	Blessures	0	
entry	(mortalité des)	0	
pb	767	0751	440340
entry	Blessures	0	
entry	(mortalité des)	0	
pb	768	0752	440341
entry	Blessures	0	
entry	(mortalité des)	0	
pb	769	0753	440342
entry	Blessures	0	
entry	(mortalité des)	0	
pb	770	0754	440343
entry	Blessures	0	
entry	(mortalité des)	0	
pb	771	0755	440344
entry	Blessures	0	
entry	(mortalité des)	0	
pb	772	0756	440345
entry	Blessures	0	
entry	(mortalité des)	0	
pb	773	0757	440346
entry	Blessures	0	
entry	(mortalité des)	0	
pb	774	0758	440347
entry	Blessures	0	
entry	(mortalité des)	0	
pb	775	0759	440348
entry	Blessures	0	
entry	(mortalité des)	0	
pb	776	0760	440349
entry	Blessures	0	
entry	(mortalité des)	0	
entry	Blestrisme	0	
entry	Blete	0	
entry	Bleu, assaisonnement	0	
orth	Bleu		
orth	assaisonnement		
entry	Bleu de Prusse	1	
pb	777	0761	440350
entry	Bleu de montagne	0	
entry	Bleville	0	
entry	(Eaux minérales)	0	
entry	Blond	0	
entry	Blondel (François)	0	
pb	778	0762	440351
entry	Blondel, (Pierre-Marin)	0	
orth	Blondel		
orth	(Pierre-Marin)		
entry	Blondel, (Jean)	0	
orth	Blondel		
orth	(Jean)		
entry	Blondel, (Jacques)	0	
orth	Blondel		
orth	(Jacques)		
entry	Blondus ou Biondo, (Michel-Ange)	0	
orth	Blondus		
orth	Biondo		
orth	(Michel-Ange)		
pb	779	0763	440352
entry	Blondus ou Biondo, (Michel-Ange).Bluet	0	
orth	Blondus		
orth	Biondo		
orth	(Michel-Ange).Bluet		
